Skenario,Video,Detik,Aktual,Terdeteksi,TP,FP,FN,Precision,Recall,Status Aktual,Status Sistem,Klasifikasi,Latency (ms)
S1,1.mp4,0.00,5,3,3,0,2,100.00%,60.00%,Sedang,Sepi,Salah,145.99
S1,1.mp4,0.50,5,3,3,0,2,100.00%,60.00%,Sedang,Sepi,Salah,19.44
S1,1.mp4,1.00,5,3,3,0,2,100.00%,60.00%,Sedang,Sepi,Salah,28.31
S1,1.mp4,1.50,5,3,3,0,2,100.00%,60.00%,Sedang,Sepi,Salah,27.49
S1,1.mp4,2.00,5,5,5,0,0,100.00%,100.00%,Sedang,Sedang,Benar,27.99
S1,1.mp4,2.50,5,5,5,0,0,100.00%,100.00%,Sedang,Sedang,Benar,28.25
S1,1.mp4,3.00,5,5,5,0,0,100.00%,100.00%,Sedang,Sedang,Benar,28.48
S1,1.mp4,3.50,5,4,4,0,1,100.00%,80.00%,Sedang,Sepi,Salah,31.68
S1,1.mp4,4.00,5,4,4,0,1,100.00%,80.00%,Sedang,Sepi,Salah,28.83
S1,1.mp4,4.50,5,5,5,0,0,100.00%,100.00%,Sedang,Sedang,Benar,30.34
S1,1.mp4,5.00,5,4,4,0,1,100.00%,80.00%,Sedang,Sepi,Salah,30.24
S1,1.mp4,5.50,5,4,4,0,1,100.00%,80.00%,Sedang,Sepi,Salah,31.87
S1,1.mp4,6.00,5,5,5,0,0,100.00%,100.00%,Sedang,Sedang,Benar,29.06
S1,1.mp4,6.50,4,4,4,0,0,100.00%,100.00%,Sepi,Sepi,Benar,28.71
S1,1.mp4,7.00,4,4,4,0,0,100.00%,100.00%,Sepi,Sepi,Benar,28.68
S1,1.mp4,7.50,4,3,3,0,1,100.00%,75.00%,Sepi,Sepi,Benar,31.02
S1,1.mp4,8.00,4,3,3,0,1,100.00%,75.00%,Sepi,Sepi,Benar,32.51
S1,1.mp4,8.50,4,3,3,0,1,100.00%,75.00%,Sepi,Sepi,Benar,28.96
S1,1.mp4,9.00,4,3,3,0,1,100.00%,75.00%,Sepi,Sepi,Benar,30.89
S1,1.mp4,9.50,4,3,3,0,1,100.00%,75.00%,Sepi,Sepi,Benar,31.21
S1,1.mp4,10.00,4,3,3,0,1,100.00%,75.00%,Sepi,Sepi,Benar,32.76
S1,1.mp4,10.50,4,3,3,0,1,100.00%,75.00%,Sepi,Sepi,Benar,31.34
S1,1.mp4,11.00,4,3,3,0,1,100.00%,75.00%,Sepi,Sepi,Benar,30.12
S1,1.mp4,11.50,4,3,3,0,1,100.00%,75.00%,Sepi,Sepi,Benar,32.16
S1,1.mp4,12.00,4,4,4,0,0,100.00%,100.00%,Sepi,Sepi,Benar,31.41
S1,1.mp4,12.50,4,3,3,0,1,100.00%,75.00%,Sepi,Sepi,Benar,31.54
S1,1.mp4,13.00,4,4,4,0,0,100.00%,100.00%,Sepi,Sepi,Benar,30.32
S1,1.mp4,13.50,4,3,3,0,1,100.00%,75.00%,Sepi,Sepi,Benar,30.50
S1,1.mp4,14.00,4,3,3,0,1,100.00%,75.00%,Sepi,Sepi,Benar,30.80
S1,1.mp4,14.50,4,4,4,0,0,100.00%,100.00%,Sepi,Sepi,Benar,30.64
S1,1.mp4,15.00,4,3,3,0,1,100.00%,75.00%,Sepi,Sepi,Benar,31.94
S1,1.mp4,15.50,4,3,3,0,1,100.00%,75.00%,Sepi,Sepi,Benar,30.81
S1,1.mp4,16.00,4,3,3,0,1,100.00%,75.00%,Sepi,Sepi,Benar,30.27
S1,1.mp4,16.50,4,3,3,0,1,100.00%,75.00%,Sepi,Sepi,Benar,30.51
S1,1.mp4,17.00,4,4,4,0,0,100.00%,100.00%,Sepi,Sepi,Benar,30.92
S1,1.mp4,17.50,4,4,4,0,0,100.00%,100.00%,Sepi,Sepi,Benar,31.48
S1,1.mp4,18.00,4,4,4,0,0,100.00%,100.00%,Sepi,Sepi,Benar,32.44
S1,1.mp4,18.50,4,3,3,0,1,100.00%,75.00%,Sepi,Sepi,Benar,31.11
S1,1.mp4,19.00,4,4,4,0,0,100.00%,100.00%,Sepi,Sepi,Benar,32.23
S1,1.mp4,19.50,4,3,3,0,1,100.00%,75.00%,Sepi,Sepi,Benar,32.96
S1,1.mp4,20.00,4,4,4,0,0,100.00%,100.00%,Sepi,Sepi,Benar,32.56
S1,1.mp4,20.50,5,4,4,0,1,100.00%,80.00%,Sedang,Sepi,Salah,31.69
S1,1.mp4,21.00,5,4,4,0,1,100.00%,80.00%,Sedang,Sepi,Salah,34.93
S1,1.mp4,21.50,5,3,3,0,2,100.00%,60.00%,Sedang,Sepi,Salah,31.60
S1,1.mp4,22.00,5,3,3,0,2,100.00%,60.00%,Sedang,Sepi,Salah,31.61
S1,1.mp4,22.50,4,3,3,0,1,100.00%,75.00%,Sepi,Sepi,Benar,31.22
S1,1.mp4,23.00,4,3,3,0,1,100.00%,75.00%,Sepi,Sepi,Benar,30.23
S1,1.mp4,23.50,4,4,4,0,0,100.00%,100.00%,Sepi,Sepi,Benar,31.56
S1,1.mp4,24.00,4,2,2,0,2,100.00%,50.00%,Sepi,Sepi,Benar,31.04
S1,1.mp4,24.50,4,2,2,0,2,100.00%,50.00%,Sepi,Sepi,Benar,30.46
S1,1.mp4,25.00,4,1,1,0,3,100.00%,25.00%,Sepi,Sepi,Benar,34.45
S1,1.mp4,25.50,4,2,2,0,2,100.00%,50.00%,Sepi,Sepi,Benar,30.98
S1,1.mp4,26.00,4,2,2,0,2,100.00%,50.00%,Sepi,Sepi,Benar,30.50
S1,1.mp4,26.50,4,2,2,0,2,100.00%,50.00%,Sepi,Sepi,Benar,32.69
S1,1.mp4,27.00,4,2,2,0,2,100.00%,50.00%,Sepi,Sepi,Benar,30.24
S1,1.mp4,27.50,4,2,2,0,2,100.00%,50.00%,Sepi,Sepi,Benar,32.14
S1,1.mp4,28.00,4,3,3,0,1,100.00%,75.00%,Sepi,Sepi,Benar,32.87
S1,1.mp4,28.50,4,1,1,0,3,100.00%,25.00%,Sepi,Sepi,Benar,30.67
S1,1.mp4,29.00,4,2,2,0,2,100.00%,50.00%,Sepi,Sepi,Benar,31.14
S1,1.mp4,29.50,4,3,3,0,1,100.00%,75.00%,Sepi,Sepi,Benar,32.11
S1,1.mp4,30.00,4,3,3,0,1,100.00%,75.00%,Sepi,Sepi,Benar,32.71
S1,1.mp4,30.50,4,4,4,0,0,100.00%,100.00%,Sepi,Sepi,Benar,34.87
S1,1.mp4,31.00,4,2,2,0,2,100.00%,50.00%,Sepi,Sepi,Benar,33.63
S1,1.mp4,31.50,4,4,4,0,0,100.00%,100.00%,Sepi,Sepi,Benar,31.86
S1,1.mp4,32.00,4,2,2,0,2,100.00%,50.00%,Sepi,Sepi,Benar,32.34
S1,1.mp4,32.50,3,2,2,0,1,100.00%,66.67%,Sepi,Sepi,Benar,33.67
S1,1.mp4,33.00,3,1,1,0,2,100.00%,33.33%,Sepi,Sepi,Benar,31.21
S1,1.mp4,33.50,3,2,2,0,1,100.00%,66.67%,Sepi,Sepi,Benar,34.75
S1,1.mp4,34.00,3,3,3,0,0,100.00%,100.00%,Sepi,Sepi,Benar,33.81
S1,1.mp4,34.50,3,2,2,0,1,100.00%,66.67%,Sepi,Sepi,Benar,31.86
S1,1.mp4,35.00,3,3,3,0,0,100.00%,100.00%,Sepi,Sepi,Benar,30.61
S1,1.mp4,35.50,3,3,3,0,0,100.00%,100.00%,Sepi,Sepi,Benar,32.57
S1,1.mp4,36.00,3,3,3,0,0,100.00%,100.00%,Sepi,Sepi,Benar,30.50
S1,1.mp4,36.50,3,2,2,0,1,100.00%,66.67%,Sepi,Sepi,Benar,30.91
S1,1.mp4,37.00,3,2,2,0,1,100.00%,66.67%,Sepi,Sepi,Benar,30.68
S1,1.mp4,37.50,3,3,3,0,0,100.00%,100.00%,Sepi,Sepi,Benar,30.39
S1,1.mp4,38.00,3,2,2,0,1,100.00%,66.67%,Sepi,Sepi,Benar,31.15
S1,1.mp4,38.50,3,2,2,0,1,100.00%,66.67%,Sepi,Sepi,Benar,33.07
S1,1.mp4,39.00,3,3,3,0,0,100.00%,100.00%,Sepi,Sepi,Benar,29.74
S1,1.mp4,39.50,3,2,2,0,1,100.00%,66.67%,Sepi,Sepi,Benar,30.20
S1,1.mp4,40.00,3,3,3,0,0,100.00%,100.00%,Sepi,Sepi,Benar,30.66
S1,1.mp4,40.50,3,3,3,0,0,100.00%,100.00%,Sepi,Sepi,Benar,32.77
S1,1.mp4,41.00,3,3,3,0,0,100.00%,100.00%,Sepi,Sepi,Benar,32.52
S1,1.mp4,41.50,3,2,2,0,1,100.00%,66.67%,Sepi,Sepi,Benar,31.79
S1,1.mp4,42.00,3,2,2,0,1,100.00%,66.67%,Sepi,Sepi,Benar,30.41
S1,1.mp4,42.50,3,1,1,0,2,100.00%,33.33%,Sepi,Sepi,Benar,30.41
S1,1.mp4,43.00,3,2,2,0,1,100.00%,66.67%,Sepi,Sepi,Benar,30.75
S1,1.mp4,43.50,3,2,2,0,1,100.00%,66.67%,Sepi,Sepi,Benar,29.86
S1,1.mp4,44.00,3,3,3,0,0,100.00%,100.00%,Sepi,Sepi,Benar,30.73
S1,1.mp4,44.50,3,1,1,0,2,100.00%,33.33%,Sepi,Sepi,Benar,31.46
S1,1.mp4,45.00,3,2,2,0,1,100.00%,66.67%,Sepi,Sepi,Benar,29.91
S1,1.mp4,45.50,3,2,2,0,1,100.00%,66.67%,Sepi,Sepi,Benar,29.26
S1,1.mp4,46.00,3,2,2,0,1,100.00%,66.67%,Sepi,Sepi,Benar,30.08
S1,1.mp4,46.50,3,2,2,0,1,100.00%,66.67%,Sepi,Sepi,Benar,30.32
S1,1.mp4,47.00,3,2,2,0,1,100.00%,66.67%,Sepi,Sepi,Benar,29.98
S1,1.mp4,47.50,3,2,2,0,1,100.00%,66.67%,Sepi,Sepi,Benar,28.81
S1,1.mp4,48.00,3,2,2,0,1,100.00%,66.67%,Sepi,Sepi,Benar,29.22
S1,1.mp4,48.50,3,1,1,0,2,100.00%,33.33%,Sepi,Sepi,Benar,30.67
S1,1.mp4,49.00,3,2,2,0,1,100.00%,66.67%,Sepi,Sepi,Benar,31.56
S1,1.mp4,49.50,3,1,1,0,2,100.00%,33.33%,Sepi,Sepi,Benar,30.49
S1,1.mp4,50.00,3,2,2,0,1,100.00%,66.67%,Sepi,Sepi,Benar,30.59
S1,1.mp4,50.50,3,2,2,0,1,100.00%,66.67%,Sepi,Sepi,Benar,31.35
S1,1.mp4,51.00,3,1,1,0,2,100.00%,33.33%,Sepi,Sepi,Benar,30.45
S1,1.mp4,51.50,3,1,1,0,2,100.00%,33.33%,Sepi,Sepi,Benar,32.81
S1,1.mp4,52.00,3,1,1,0,2,100.00%,33.33%,Sepi,Sepi,Benar,30.57
S1,1.mp4,52.50,3,3,3,0,0,100.00%,100.00%,Sepi,Sepi,Benar,30.43
S1,1.mp4,53.00,3,4,3,1,0,75.00%,100.00%,Sepi,Sepi,Benar,31.11
S1,1.mp4,53.50,3,2,2,0,1,100.00%,66.67%,Sepi,Sepi,Benar,31.22
S1,1.mp4,54.00,3,2,2,0,1,100.00%,66.67%,Sepi,Sepi,Benar,30.69
S1,1.mp4,54.50,3,1,1,0,2,100.00%,33.33%,Sepi,Sepi,Benar,31.37
S1,1.mp4,55.00,3,1,1,0,2,100.00%,33.33%,Sepi,Sepi,Benar,32.13
S1,1.mp4,55.50,3,2,2,0,1,100.00%,66.67%,Sepi,Sepi,Benar,32.74
S1,1.mp4,56.00,3,2,2,0,1,100.00%,66.67%,Sepi,Sepi,Benar,32.77
S1,1.mp4,56.50,3,2,2,0,1,100.00%,66.67%,Sepi,Sepi,Benar,31.80
S1,1.mp4,57.00,3,2,2,0,1,100.00%,66.67%,Sepi,Sepi,Benar,30.25
S1,1.mp4,57.50,3,1,1,0,2,100.00%,33.33%,Sepi,Sepi,Benar,31.51
S1,1.mp4,58.00,3,2,2,0,1,100.00%,66.67%,Sepi,Sepi,Benar,29.76
S1,1.mp4,58.50,3,2,2,0,1,100.00%,66.67%,Sepi,Sepi,Benar,32.32
S1,1.mp4,59.00,3,0,0,0,3,0.00%,0.00%,Sepi,Sepi,Benar,27.78
S1,1.mp4,59.50,3,0,0,0,3,0.00%,0.00%,Sepi,Sepi,Benar,27.98
S1,2.mp4,0.00,12,4,4,0,8,100.00%,33.33%,Ramai,Sepi,Salah,35.65
S1,2.mp4,0.50,12,4,4,0,8,100.00%,33.33%,Ramai,Sepi,Salah,32.30
S1,2.mp4,1.00,12,4,4,0,8,100.00%,33.33%,Ramai,Sepi,Salah,33.15
S1,2.mp4,1.50,12,6,6,0,6,100.00%,50.00%,Ramai,Sedang,Salah,32.40
S1,2.mp4,2.00,12,8,8,0,4,100.00%,66.67%,Ramai,Sedang,Salah,35.09
S1,2.mp4,2.50,12,4,4,0,8,100.00%,33.33%,Ramai,Sepi,Salah,31.89
S1,2.mp4,3.00,12,4,4,0,8,100.00%,33.33%,Ramai,Sepi,Salah,32.16
S1,2.mp4,3.50,12,4,4,0,8,100.00%,33.33%,Ramai,Sepi,Salah,32.79
S1,2.mp4,4.00,12,5,5,0,7,100.00%,41.67%,Ramai,Sedang,Salah,30.43
S1,2.mp4,4.50,12,4,4,0,8,100.00%,33.33%,Ramai,Sepi,Salah,31.48
S1,2.mp4,5.00,12,7,7,0,5,100.00%,58.33%,Ramai,Sedang,Salah,31.56
S1,2.mp4,5.50,14,3,3,0,11,100.00%,21.43%,Ramai,Sepi,Salah,32.90
S1,2.mp4,6.00,14,6,6,0,8,100.00%,42.86%,Ramai,Sedang,Salah,31.67
S1,2.mp4,6.50,14,5,5,0,9,100.00%,35.71%,Ramai,Sedang,Salah,35.32
S1,2.mp4,7.00,14,5,5,0,9,100.00%,35.71%,Ramai,Sedang,Salah,37.77
S1,2.mp4,7.50,14,8,8,0,6,100.00%,57.14%,Ramai,Sedang,Salah,32.07
S1,2.mp4,8.00,14,7,7,0,7,100.00%,50.00%,Ramai,Sedang,Salah,30.83
S1,2.mp4,8.50,14,5,5,0,9,100.00%,35.71%,Ramai,Sedang,Salah,33.53
S1,2.mp4,9.00,14,5,5,0,9,100.00%,35.71%,Ramai,Sedang,Salah,31.41
S1,2.mp4,9.50,14,4,4,0,10,100.00%,28.57%,Ramai,Sepi,Salah,30.99
S1,2.mp4,10.00,14,4,4,0,10,100.00%,28.57%,Ramai,Sepi,Salah,32.27
S1,2.mp4,10.50,14,5,5,0,9,100.00%,35.71%,Ramai,Sedang,Salah,34.67
S1,2.mp4,11.00,14,4,4,0,10,100.00%,28.57%,Ramai,Sepi,Salah,33.79
S1,2.mp4,11.50,14,4,4,0,10,100.00%,28.57%,Ramai,Sepi,Salah,32.73
S1,2.mp4,12.00,14,6,6,0,8,100.00%,42.86%,Ramai,Sedang,Salah,34.02
S1,2.mp4,12.50,14,4,4,0,10,100.00%,28.57%,Ramai,Sepi,Salah,35.42
S1,2.mp4,13.00,14,6,6,0,8,100.00%,42.86%,Ramai,Sedang,Salah,37.38
S1,2.mp4,13.50,14,6,6,0,8,100.00%,42.86%,Ramai,Sedang,Salah,36.59
S1,2.mp4,14.00,14,5,5,0,9,100.00%,35.71%,Ramai,Sedang,Salah,32.92
S1,2.mp4,14.50,14,5,5,0,9,100.00%,35.71%,Ramai,Sedang,Salah,33.35
S1,2.mp4,15.00,14,7,7,0,7,100.00%,50.00%,Ramai,Sedang,Salah,32.90
S1,2.mp4,15.50,15,5,5,0,10,100.00%,33.33%,Ramai,Sedang,Salah,34.44
S1,2.mp4,16.00,15,6,6,0,9,100.00%,40.00%,Ramai,Sedang,Salah,34.34
S1,2.mp4,16.50,15,4,4,0,11,100.00%,26.67%,Ramai,Sepi,Salah,32.62
S1,2.mp4,17.00,15,4,4,0,11,100.00%,26.67%,Ramai,Sepi,Salah,33.43
S1,2.mp4,17.50,14,6,6,0,8,100.00%,42.86%,Ramai,Sedang,Salah,33.06
S1,2.mp4,18.00,14,6,6,0,8,100.00%,42.86%,Ramai,Sedang,Salah,31.21
S1,2.mp4,18.50,14,3,3,0,11,100.00%,21.43%,Ramai,Sepi,Salah,31.00
S1,2.mp4,19.00,14,5,5,0,9,100.00%,35.71%,Ramai,Sedang,Salah,32.86
S1,2.mp4,19.50,14,7,7,0,7,100.00%,50.00%,Ramai,Sedang,Salah,34.01
S1,2.mp4,20.00,14,5,5,0,9,100.00%,35.71%,Ramai,Sedang,Salah,30.85
S1,2.mp4,20.50,14,5,5,0,9,100.00%,35.71%,Ramai,Sedang,Salah,31.41
S1,2.mp4,21.00,14,4,4,0,10,100.00%,28.57%,Ramai,Sepi,Salah,30.22
S1,2.mp4,21.50,14,4,4,0,10,100.00%,28.57%,Ramai,Sepi,Salah,32.35
S1,2.mp4,22.00,14,3,3,0,11,100.00%,21.43%,Ramai,Sepi,Salah,30.37
S1,2.mp4,22.50,14,3,3,0,11,100.00%,21.43%,Ramai,Sepi,Salah,32.94
S1,2.mp4,23.00,14,2,2,0,12,100.00%,14.29%,Ramai,Sepi,Salah,33.33
S1,2.mp4,23.50,14,2,2,0,12,100.00%,14.29%,Ramai,Sepi,Salah,32.89
S1,2.mp4,24.00,14,2,2,0,12,100.00%,14.29%,Ramai,Sepi,Salah,31.85
S1,2.mp4,24.50,14,3,3,0,11,100.00%,21.43%,Ramai,Sepi,Salah,30.68
S1,2.mp4,25.00,14,3,3,0,11,100.00%,21.43%,Ramai,Sepi,Salah,30.54
S1,2.mp4,25.50,14,4,4,0,10,100.00%,28.57%,Ramai,Sepi,Salah,32.69
S1,2.mp4,26.00,14,2,2,0,12,100.00%,14.29%,Ramai,Sepi,Salah,30.25
S1,2.mp4,26.50,13,3,3,0,10,100.00%,23.08%,Ramai,Sepi,Salah,33.20
S1,2.mp4,27.00,13,2,2,0,11,100.00%,15.38%,Ramai,Sepi,Salah,30.51
S1,2.mp4,27.50,13,4,4,0,9,100.00%,30.77%,Ramai,Sepi,Salah,32.66
S1,2.mp4,28.00,13,3,3,0,10,100.00%,23.08%,Ramai,Sepi,Salah,31.95
S1,2.mp4,28.50,13,2,2,0,11,100.00%,15.38%,Ramai,Sepi,Salah,31.43
S1,2.mp4,29.00,13,3,3,0,10,100.00%,23.08%,Ramai,Sepi,Salah,30.56
S1,2.mp4,29.50,12,2,2,0,10,100.00%,16.67%,Ramai,Sepi,Salah,30.13
S1,2.mp4,30.00,12,3,3,0,9,100.00%,25.00%,Ramai,Sepi,Salah,31.27
S1,2.mp4,30.50,12,1,1,0,11,100.00%,8.33%,Ramai,Sepi,Salah,31.40
S1,2.mp4,31.00,12,1,1,0,11,100.00%,8.33%,Ramai,Sepi,Salah,32.62
S1,2.mp4,31.50,12,0,0,0,12,0.00%,0.00%,Ramai,Sepi,Salah,30.15
S1,2.mp4,32.00,12,1,1,0,11,100.00%,8.33%,Ramai,Sepi,Salah,30.97
S1,2.mp4,32.50,12,2,2,0,10,100.00%,16.67%,Ramai,Sepi,Salah,31.77
S1,2.mp4,33.00,12,3,3,0,9,100.00%,25.00%,Ramai,Sepi,Salah,30.72
S1,2.mp4,33.50,12,3,3,0,9,100.00%,25.00%,Ramai,Sepi,Salah,33.88
S1,2.mp4,34.00,12,1,1,0,11,100.00%,8.33%,Ramai,Sepi,Salah,30.62
S1,2.mp4,34.50,12,1,1,0,11,100.00%,8.33%,Ramai,Sepi,Salah,31.16
S1,2.mp4,35.00,12,2,2,0,10,100.00%,16.67%,Ramai,Sepi,Salah,34.53
S1,2.mp4,35.50,12,1,1,0,11,100.00%,8.33%,Ramai,Sepi,Salah,33.16
S1,2.mp4,36.00,12,2,2,0,10,100.00%,16.67%,Ramai,Sepi,Salah,31.37
S1,2.mp4,36.50,12,2,2,0,10,100.00%,16.67%,Ramai,Sepi,Salah,31.32
S1,2.mp4,37.00,12,3,3,0,9,100.00%,25.00%,Ramai,Sepi,Salah,33.75
S1,2.mp4,37.50,12,2,2,0,10,100.00%,16.67%,Ramai,Sepi,Salah,31.18
S1,2.mp4,38.00,12,2,2,0,10,100.00%,16.67%,Ramai,Sepi,Salah,31.02
S1,2.mp4,38.50,12,3,3,0,9,100.00%,25.00%,Ramai,Sepi,Salah,31.80
S1,2.mp4,39.00,12,1,1,0,11,100.00%,8.33%,Ramai,Sepi,Salah,30.58
S1,2.mp4,39.50,12,3,3,0,9,100.00%,25.00%,Ramai,Sepi,Salah,31.24
S2,1.mp4,0.00,5,3,3,0,2,100.00%,60.00%,Sedang,Sepi,Salah,42.45
S2,1.mp4,0.25,5,3,3,0,2,100.00%,60.00%,Sedang,Sepi,Salah,49.18
S2,1.mp4,0.50,5,2,2,0,3,100.00%,40.00%,Sedang,Sepi,Salah,38.71
S2,1.mp4,0.75,5,2,2,0,3,100.00%,40.00%,Sedang,Sepi,Salah,37.61
S2,1.mp4,1.00,5,2,2,0,3,100.00%,40.00%,Sedang,Sepi,Salah,36.10
S2,1.mp4,1.25,5,2,2,0,3,100.00%,40.00%,Sedang,Sepi,Salah,39.13
S2,1.mp4,1.50,5,2,2,0,3,100.00%,40.00%,Sedang,Sepi,Salah,35.94
S2,1.mp4,1.75,5,4,4,0,1,100.00%,80.00%,Sedang,Sepi,Salah,39.59
S2,1.mp4,2.00,5,4,4,0,1,100.00%,80.00%,Sedang,Sepi,Salah,36.31
S2,1.mp4,2.25,5,4,4,0,1,100.00%,80.00%,Sedang,Sepi,Salah,35.84
S2,1.mp4,2.50,5,4,4,0,1,100.00%,80.00%,Sedang,Sepi,Salah,38.11
S2,1.mp4,2.75,5,5,5,0,0,100.00%,100.00%,Sedang,Sedang,Benar,36.70
S2,1.mp4,3.00,5,4,4,0,1,100.00%,80.00%,Sedang,Sepi,Salah,35.05
S2,1.mp4,3.25,5,5,5,0,0,100.00%,100.00%,Sedang,Sedang,Benar,35.16
S2,1.mp4,3.50,5,4,4,0,1,100.00%,80.00%,Sedang,Sepi,Salah,36.47
S2,1.mp4,3.75,5,3,3,0,2,100.00%,60.00%,Sedang,Sepi,Salah,36.10
S2,1.mp4,4.00,5,4,4,0,1,100.00%,80.00%,Sedang,Sepi,Salah,37.00
S2,1.mp4,4.25,5,3,3,0,2,100.00%,60.00%,Sedang,Sepi,Salah,34.75
S2,1.mp4,4.50,5,3,3,0,2,100.00%,60.00%,Sedang,Sepi,Salah,35.74
S2,1.mp4,4.75,5,3,3,0,2,100.00%,60.00%,Sedang,Sepi,Salah,36.52
S2,1.mp4,5.00,5,3,3,0,2,100.00%,60.00%,Sedang,Sepi,Salah,35.05
S2,1.mp4,5.25,5,3,3,0,2,100.00%,60.00%,Sedang,Sepi,Salah,37.65
S2,1.mp4,5.50,5,4,4,0,1,100.00%,80.00%,Sedang,Sepi,Salah,36.46
S2,1.mp4,5.75,5,2,2,0,3,100.00%,40.00%,Sedang,Sepi,Salah,37.97
S2,1.mp4,6.00,5,2,2,0,3,100.00%,40.00%,Sedang,Sepi,Salah,34.88
S2,1.mp4,6.25,4,2,2,0,2,100.00%,50.00%,Sepi,Sepi,Benar,35.38
S2,1.mp4,6.50,4,3,3,0,1,100.00%,75.00%,Sepi,Sepi,Benar,36.17
S2,1.mp4,6.75,4,2,2,0,2,100.00%,50.00%,Sepi,Sepi,Benar,36.73
S2,1.mp4,7.00,4,2,2,0,2,100.00%,50.00%,Sepi,Sepi,Benar,35.10
S2,1.mp4,7.25,4,2,2,0,2,100.00%,50.00%,Sepi,Sepi,Benar,35.35
S2,1.mp4,7.50,4,2,2,0,2,100.00%,50.00%,Sepi,Sepi,Benar,36.55
S2,1.mp4,7.75,4,2,2,0,2,100.00%,50.00%,Sepi,Sepi,Benar,36.54
S2,1.mp4,8.00,4,2,2,0,2,100.00%,50.00%,Sepi,Sepi,Benar,34.38
S2,1.mp4,8.25,4,2,2,0,2,100.00%,50.00%,Sepi,Sepi,Benar,35.34
S2,1.mp4,8.50,4,2,2,0,2,100.00%,50.00%,Sepi,Sepi,Benar,37.20
S2,1.mp4,8.75,4,2,2,0,2,100.00%,50.00%,Sepi,Sepi,Benar,38.91
S2,1.mp4,9.00,4,2,2,0,2,100.00%,50.00%,Sepi,Sepi,Benar,37.61
S2,1.mp4,9.25,4,2,2,0,2,100.00%,50.00%,Sepi,Sepi,Benar,35.59
S2,1.mp4,9.50,4,2,2,0,2,100.00%,50.00%,Sepi,Sepi,Benar,35.19
S2,1.mp4,9.75,4,2,2,0,2,100.00%,50.00%,Sepi,Sepi,Benar,37.17
S2,1.mp4,10.00,4,2,2,0,2,100.00%,50.00%,Sepi,Sepi,Benar,37.08
S2,1.mp4,10.25,4,2,2,0,2,100.00%,50.00%,Sepi,Sepi,Benar,37.28
S2,1.mp4,10.50,4,2,2,0,2,100.00%,50.00%,Sepi,Sepi,Benar,36.79
S2,1.mp4,10.75,4,2,2,0,2,100.00%,50.00%,Sepi,Sepi,Benar,35.37
S2,1.mp4,11.00,4,3,3,0,1,100.00%,75.00%,Sepi,Sepi,Benar,35.02
S2,1.mp4,11.25,4,3,3,0,1,100.00%,75.00%,Sepi,Sepi,Benar,34.72
S2,1.mp4,11.50,4,3,3,0,1,100.00%,75.00%,Sepi,Sepi,Benar,36.19
S2,1.mp4,11.75,4,3,3,0,1,100.00%,75.00%,Sepi,Sepi,Benar,36.68
S2,1.mp4,12.00,4,4,4,0,0,100.00%,100.00%,Sepi,Sepi,Benar,35.77
S2,1.mp4,12.25,4,3,3,0,1,100.00%,75.00%,Sepi,Sepi,Benar,34.60
S2,1.mp4,12.50,4,3,3,0,1,100.00%,75.00%,Sepi,Sepi,Benar,35.76
S2,1.mp4,12.75,4,3,3,0,1,100.00%,75.00%,Sepi,Sepi,Benar,35.96
S2,1.mp4,13.00,4,3,3,0,1,100.00%,75.00%,Sepi,Sepi,Benar,36.46
S2,1.mp4,13.25,4,3,3,0,1,100.00%,75.00%,Sepi,Sepi,Benar,35.12
S2,1.mp4,13.50,4,3,3,0,1,100.00%,75.00%,Sepi,Sepi,Benar,36.98
S2,1.mp4,13.75,4,3,3,0,1,100.00%,75.00%,Sepi,Sepi,Benar,35.50
S2,1.mp4,14.00,4,3,3,0,1,100.00%,75.00%,Sepi,Sepi,Benar,36.27
S2,1.mp4,14.25,4,3,3,0,1,100.00%,75.00%,Sepi,Sepi,Benar,36.52
S2,1.mp4,14.50,4,3,3,0,1,100.00%,75.00%,Sepi,Sepi,Benar,35.66
S2,1.mp4,14.75,4,3,3,0,1,100.00%,75.00%,Sepi,Sepi,Benar,37.06
S2,1.mp4,15.00,4,3,3,0,1,100.00%,75.00%,Sepi,Sepi,Benar,36.99
S2,1.mp4,15.25,4,3,3,0,1,100.00%,75.00%,Sepi,Sepi,Benar,36.65
S2,1.mp4,15.50,4,3,3,0,1,100.00%,75.00%,Sepi,Sepi,Benar,35.57
S2,1.mp4,15.75,4,3,3,0,1,100.00%,75.00%,Sepi,Sepi,Benar,42.03
S2,1.mp4,16.00,4,4,4,0,0,100.00%,100.00%,Sepi,Sepi,Benar,36.40
S2,1.mp4,16.25,4,3,3,0,1,100.00%,75.00%,Sepi,Sepi,Benar,37.86
S2,1.mp4,16.50,4,3,3,0,1,100.00%,75.00%,Sepi,Sepi,Benar,39.48
S2,1.mp4,16.75,4,3,3,0,1,100.00%,75.00%,Sepi,Sepi,Benar,38.20
S2,1.mp4,17.00,4,3,3,0,1,100.00%,75.00%,Sepi,Sepi,Benar,35.17
S2,1.mp4,17.25,4,4,4,0,0,100.00%,100.00%,Sepi,Sepi,Benar,36.02
S2,1.mp4,17.50,4,3,3,0,1,100.00%,75.00%,Sepi,Sepi,Benar,37.09
S2,1.mp4,17.75,4,3,3,0,1,100.00%,75.00%,Sepi,Sepi,Benar,35.97
S2,1.mp4,18.00,4,3,3,0,1,100.00%,75.00%,Sepi,Sepi,Benar,36.67
S2,1.mp4,18.25,4,4,4,0,0,100.00%,100.00%,Sepi,Sepi,Benar,34.87
S2,1.mp4,18.50,4,3,3,0,1,100.00%,75.00%,Sepi,Sepi,Benar,36.50
S2,1.mp4,18.75,4,3,3,0,1,100.00%,75.00%,Sepi,Sepi,Benar,35.85
S2,1.mp4,19.00,4,4,4,0,0,100.00%,100.00%,Sepi,Sepi,Benar,37.81
S2,1.mp4,19.25,4,3,3,0,1,100.00%,75.00%,Sepi,Sepi,Benar,34.61
S2,1.mp4,19.50,4,4,4,0,0,100.00%,100.00%,Sepi,Sepi,Benar,34.73
S2,1.mp4,19.75,4,4,4,0,0,100.00%,100.00%,Sepi,Sepi,Benar,36.32
S2,1.mp4,20.00,4,3,3,0,1,100.00%,75.00%,Sepi,Sepi,Benar,37.49
S2,1.mp4,20.25,5,3,3,0,2,100.00%,60.00%,Sedang,Sepi,Salah,35.13
S2,1.mp4,20.50,5,3,3,0,2,100.00%,60.00%,Sedang,Sepi,Salah,36.57
S2,1.mp4,20.75,5,4,4,0,1,100.00%,80.00%,Sedang,Sepi,Salah,36.01
S2,1.mp4,21.00,5,4,4,0,1,100.00%,80.00%,Sedang,Sepi,Salah,38.37
S2,1.mp4,21.25,5,4,4,0,1,100.00%,80.00%,Sedang,Sepi,Salah,35.94
S2,1.mp4,21.50,5,3,3,0,2,100.00%,60.00%,Sedang,Sepi,Salah,36.37
S2,1.mp4,21.75,5,3,3,0,2,100.00%,60.00%,Sedang,Sepi,Salah,37.00
S2,1.mp4,22.00,5,3,3,0,2,100.00%,60.00%,Sedang,Sepi,Salah,38.20
S2,1.mp4,22.25,4,3,3,0,1,100.00%,75.00%,Sepi,Sepi,Benar,35.35
S2,1.mp4,22.50,4,3,3,0,1,100.00%,75.00%,Sepi,Sepi,Benar,36.66
S2,1.mp4,22.75,4,3,3,0,1,100.00%,75.00%,Sepi,Sepi,Benar,38.78
S2,1.mp4,23.00,4,3,3,0,1,100.00%,75.00%,Sepi,Sepi,Benar,35.95
S2,1.mp4,23.25,4,4,4,0,0,100.00%,100.00%,Sepi,Sepi,Benar,38.78
S2,1.mp4,23.50,4,2,2,0,2,100.00%,50.00%,Sepi,Sepi,Benar,35.35
S2,1.mp4,23.75,4,2,2,0,2,100.00%,50.00%,Sepi,Sepi,Benar,37.27
S2,1.mp4,24.00,4,1,1,0,3,100.00%,25.00%,Sepi,Sepi,Benar,34.62
S2,1.mp4,24.25,4,1,1,0,3,100.00%,25.00%,Sepi,Sepi,Benar,34.85
S2,1.mp4,24.50,4,1,1,0,3,100.00%,25.00%,Sepi,Sepi,Benar,35.81
S2,1.mp4,24.75,4,1,1,0,3,100.00%,25.00%,Sepi,Sepi,Benar,37.00
S2,1.mp4,25.00,4,1,1,0,3,100.00%,25.00%,Sepi,Sepi,Benar,34.02
S2,1.mp4,25.25,4,1,1,0,3,100.00%,25.00%,Sepi,Sepi,Benar,36.32
S2,1.mp4,25.50,4,2,2,0,2,100.00%,50.00%,Sepi,Sepi,Benar,34.40
S2,1.mp4,25.75,4,2,2,0,2,100.00%,50.00%,Sepi,Sepi,Benar,37.57
S2,1.mp4,26.00,4,2,2,0,2,100.00%,50.00%,Sepi,Sepi,Benar,34.89
S2,1.mp4,26.25,4,2,2,0,2,100.00%,50.00%,Sepi,Sepi,Benar,33.87
S2,1.mp4,26.50,4,2,2,0,2,100.00%,50.00%,Sepi,Sepi,Benar,34.94
S2,1.mp4,26.75,4,2,2,0,2,100.00%,50.00%,Sepi,Sepi,Benar,34.91
S2,1.mp4,27.00,4,3,3,0,1,100.00%,75.00%,Sepi,Sepi,Benar,35.40
S2,1.mp4,27.25,4,2,2,0,2,100.00%,50.00%,Sepi,Sepi,Benar,34.83
S2,1.mp4,27.50,4,2,2,0,2,100.00%,50.00%,Sepi,Sepi,Benar,35.51
S2,1.mp4,27.75,4,2,2,0,2,100.00%,50.00%,Sepi,Sepi,Benar,38.53
S2,1.mp4,28.00,4,2,2,0,2,100.00%,50.00%,Sepi,Sepi,Benar,34.62
S2,1.mp4,28.25,4,1,1,0,3,100.00%,25.00%,Sepi,Sepi,Benar,34.31
S2,1.mp4,28.50,4,1,1,0,3,100.00%,25.00%,Sepi,Sepi,Benar,39.94
S2,1.mp4,28.75,4,2,2,0,2,100.00%,50.00%,Sepi,Sepi,Benar,39.08
S2,1.mp4,29.00,4,2,2,0,2,100.00%,50.00%,Sepi,Sepi,Benar,34.62
S2,1.mp4,29.25,4,1,1,0,3,100.00%,25.00%,Sepi,Sepi,Benar,35.05
S2,1.mp4,29.50,4,1,1,0,3,100.00%,25.00%,Sepi,Sepi,Benar,36.43
S2,1.mp4,29.75,4,1,1,0,3,100.00%,25.00%,Sepi,Sepi,Benar,36.30
S2,1.mp4,30.00,4,1,1,0,3,100.00%,25.00%,Sepi,Sepi,Benar,34.92
S2,1.mp4,30.25,4,2,2,0,2,100.00%,50.00%,Sepi,Sepi,Benar,37.45
S2,1.mp4,30.50,4,3,3,0,1,100.00%,75.00%,Sepi,Sepi,Benar,35.97
S2,1.mp4,30.75,4,2,2,0,2,100.00%,50.00%,Sepi,Sepi,Benar,38.17
S2,1.mp4,31.00,4,2,2,0,2,100.00%,50.00%,Sepi,Sepi,Benar,37.49
S2,1.mp4,31.25,4,3,3,0,1,100.00%,75.00%,Sepi,Sepi,Benar,34.57
S2,1.mp4,31.50,4,3,3,0,1,100.00%,75.00%,Sepi,Sepi,Benar,35.69
S2,1.mp4,31.75,4,2,2,0,2,100.00%,50.00%,Sepi,Sepi,Benar,35.03
S2,1.mp4,32.00,4,2,2,0,2,100.00%,50.00%,Sepi,Sepi,Benar,36.96
S2,1.mp4,32.25,3,1,1,0,2,100.00%,33.33%,Sepi,Sepi,Benar,36.23
S2,1.mp4,32.50,3,1,1,0,2,100.00%,33.33%,Sepi,Sepi,Benar,36.11
S2,1.mp4,32.75,3,1,1,0,2,100.00%,33.33%,Sepi,Sepi,Benar,35.65
S2,1.mp4,33.00,3,1,1,0,2,100.00%,33.33%,Sepi,Sepi,Benar,37.92
S2,1.mp4,33.25,3,1,1,0,2,100.00%,33.33%,Sepi,Sepi,Benar,40.58
S2,1.mp4,33.50,3,2,2,0,1,100.00%,66.67%,Sepi,Sepi,Benar,36.90
S2,1.mp4,33.75,3,1,1,0,2,100.00%,33.33%,Sepi,Sepi,Benar,39.97
S2,1.mp4,34.00,3,1,1,0,2,100.00%,33.33%,Sepi,Sepi,Benar,35.65
S2,1.mp4,34.25,3,2,2,0,1,100.00%,66.67%,Sepi,Sepi,Benar,35.94
S2,1.mp4,34.50,3,2,2,0,1,100.00%,66.67%,Sepi,Sepi,Benar,40.44
S2,1.mp4,34.75,3,2,2,0,1,100.00%,66.67%,Sepi,Sepi,Benar,38.41
S2,1.mp4,35.00,3,3,3,0,0,100.00%,100.00%,Sepi,Sepi,Benar,37.57
S2,1.mp4,35.25,3,3,3,0,0,100.00%,100.00%,Sepi,Sepi,Benar,39.37
S2,1.mp4,35.50,3,2,2,0,1,100.00%,66.67%,Sepi,Sepi,Benar,35.33
S2,1.mp4,35.75,3,3,3,0,0,100.00%,100.00%,Sepi,Sepi,Benar,38.73
S2,1.mp4,36.00,3,2,2,0,1,100.00%,66.67%,Sepi,Sepi,Benar,36.60
S2,1.mp4,36.25,3,1,1,0,2,100.00%,33.33%,Sepi,Sepi,Benar,36.50
S2,1.mp4,36.50,3,2,2,0,1,100.00%,66.67%,Sepi,Sepi,Benar,35.26
S2,1.mp4,36.75,3,2,2,0,1,100.00%,66.67%,Sepi,Sepi,Benar,41.28
S2,1.mp4,37.00,3,2,2,0,1,100.00%,66.67%,Sepi,Sepi,Benar,39.98
S2,1.mp4,37.25,3,1,1,0,2,100.00%,33.33%,Sepi,Sepi,Benar,36.13
S2,1.mp4,37.50,3,2,2,0,1,100.00%,66.67%,Sepi,Sepi,Benar,38.72
S2,1.mp4,37.75,3,2,2,0,1,100.00%,66.67%,Sepi,Sepi,Benar,39.53
S2,1.mp4,38.00,3,2,2,0,1,100.00%,66.67%,Sepi,Sepi,Benar,37.33
S2,1.mp4,38.25,3,1,1,0,2,100.00%,33.33%,Sepi,Sepi,Benar,34.09
S2,1.mp4,38.50,3,2,2,0,1,100.00%,66.67%,Sepi,Sepi,Benar,36.93
S2,1.mp4,38.75,3,2,2,0,1,100.00%,66.67%,Sepi,Sepi,Benar,35.37
S2,1.mp4,39.00,3,1,1,0,2,100.00%,33.33%,Sepi,Sepi,Benar,36.18
S2,1.mp4,39.25,3,1,1,0,2,100.00%,33.33%,Sepi,Sepi,Benar,34.98
S2,1.mp4,39.50,3,2,2,0,1,100.00%,66.67%,Sepi,Sepi,Benar,37.90
S2,1.mp4,39.75,3,3,3,0,0,100.00%,100.00%,Sepi,Sepi,Benar,35.89
S2,1.mp4,40.00,3,2,2,0,1,100.00%,66.67%,Sepi,Sepi,Benar,34.73
S2,1.mp4,40.25,3,2,2,0,1,100.00%,66.67%,Sepi,Sepi,Benar,34.84
S2,1.mp4,40.50,3,1,1,0,2,100.00%,33.33%,Sepi,Sepi,Benar,35.79
S2,1.mp4,40.75,3,1,1,0,2,100.00%,33.33%,Sepi,Sepi,Benar,35.19
S2,1.mp4,41.00,3,1,1,0,2,100.00%,33.33%,Sepi,Sepi,Benar,34.14
S2,1.mp4,41.25,3,0,0,0,3,0.00%,0.00%,Sepi,Sepi,Benar,32.67
S2,1.mp4,41.50,3,0,0,0,3,0.00%,0.00%,Sepi,Sepi,Benar,33.25
S2,1.mp4,41.75,3,0,0,0,3,0.00%,0.00%,Sepi,Sepi,Benar,33.89
S2,1.mp4,42.00,3,0,0,0,3,0.00%,0.00%,Sepi,Sepi,Benar,32.40
S2,1.mp4,42.25,3,0,0,0,3,0.00%,0.00%,Sepi,Sepi,Benar,34.45
S2,1.mp4,42.50,3,0,0,0,3,0.00%,0.00%,Sepi,Sepi,Benar,34.65
S2,1.mp4,42.75,3,1,1,0,2,100.00%,33.33%,Sepi,Sepi,Benar,37.64
S2,1.mp4,43.00,3,1,1,0,2,100.00%,33.33%,Sepi,Sepi,Benar,36.48
S2,1.mp4,43.25,3,1,1,0,2,100.00%,33.33%,Sepi,Sepi,Benar,35.60
S2,1.mp4,43.50,3,0,0,0,3,0.00%,0.00%,Sepi,Sepi,Benar,33.10
S2,1.mp4,43.75,3,1,1,0,2,100.00%,33.33%,Sepi,Sepi,Benar,37.98
S2,1.mp4,44.00,3,2,2,0,1,100.00%,66.67%,Sepi,Sepi,Benar,36.45
S2,1.mp4,44.25,3,1,1,0,2,100.00%,33.33%,Sepi,Sepi,Benar,36.69
S2,1.mp4,44.50,3,1,1,0,2,100.00%,33.33%,Sepi,Sepi,Benar,35.79
S2,1.mp4,44.75,3,1,1,0,2,100.00%,33.33%,Sepi,Sepi,Benar,36.03
S2,1.mp4,45.00,3,1,1,0,2,100.00%,33.33%,Sepi,Sepi,Benar,34.31
S2,1.mp4,45.25,3,1,1,0,2,100.00%,33.33%,Sepi,Sepi,Benar,34.55
S2,1.mp4,45.50,3,0,0,0,3,0.00%,0.00%,Sepi,Sepi,Benar,33.96
S2,1.mp4,45.75,3,0,0,0,3,0.00%,0.00%,Sepi,Sepi,Benar,33.36
S2,1.mp4,46.00,3,1,1,0,2,100.00%,33.33%,Sepi,Sepi,Benar,34.42
S2,1.mp4,46.25,3,0,0,0,3,0.00%,0.00%,Sepi,Sepi,Benar,32.56
S2,1.mp4,46.50,3,0,0,0,3,0.00%,0.00%,Sepi,Sepi,Benar,32.58
S2,1.mp4,46.75,3,1,1,0,2,100.00%,33.33%,Sepi,Sepi,Benar,36.25
S2,1.mp4,47.00,3,1,1,0,2,100.00%,33.33%,Sepi,Sepi,Benar,34.63
S2,1.mp4,47.25,3,1,1,0,2,100.00%,33.33%,Sepi,Sepi,Benar,34.87
S2,1.mp4,47.50,3,1,1,0,2,100.00%,33.33%,Sepi,Sepi,Benar,34.64
S2,1.mp4,47.75,3,1,1,0,2,100.00%,33.33%,Sepi,Sepi,Benar,37.04
S2,1.mp4,48.00,3,1,1,0,2,100.00%,33.33%,Sepi,Sepi,Benar,35.27
S2,1.mp4,48.25,3,1,1,0,2,100.00%,33.33%,Sepi,Sepi,Benar,34.49
S2,1.mp4,48.50,3,1,1,0,2,100.00%,33.33%,Sepi,Sepi,Benar,35.08
S2,1.mp4,48.75,3,1,1,0,2,100.00%,33.33%,Sepi,Sepi,Benar,36.86
S2,1.mp4,49.00,3,0,0,0,3,0.00%,0.00%,Sepi,Sepi,Benar,34.53
S2,1.mp4,49.25,3,1,1,0,2,100.00%,33.33%,Sepi,Sepi,Benar,36.58
S2,1.mp4,49.50,3,0,0,0,3,0.00%,0.00%,Sepi,Sepi,Benar,32.07
S2,1.mp4,49.75,3,0,0,0,3,0.00%,0.00%,Sepi,Sepi,Benar,35.65
S2,1.mp4,50.00,3,0,0,0,3,0.00%,0.00%,Sepi,Sepi,Benar,31.70
S2,1.mp4,50.25,3,1,1,0,2,100.00%,33.33%,Sepi,Sepi,Benar,36.65
S2,1.mp4,50.50,3,0,0,0,3,0.00%,0.00%,Sepi,Sepi,Benar,33.97
S2,1.mp4,50.75,3,0,0,0,3,0.00%,0.00%,Sepi,Sepi,Benar,37.60
S2,1.mp4,51.00,3,1,1,0,2,100.00%,33.33%,Sepi,Sepi,Benar,34.76
S2,1.mp4,51.25,3,1,1,0,2,100.00%,33.33%,Sepi,Sepi,Benar,35.01
S2,1.mp4,51.50,3,1,1,0,2,100.00%,33.33%,Sepi,Sepi,Benar,34.70
S2,1.mp4,51.75,3,0,0,0,3,0.00%,0.00%,Sepi,Sepi,Benar,33.03
S2,1.mp4,52.00,3,0,0,0,3,0.00%,0.00%,Sepi,Sepi,Benar,32.02
S2,1.mp4,52.25,3,1,1,0,2,100.00%,33.33%,Sepi,Sepi,Benar,34.36
S2,1.mp4,52.50,3,1,1,0,2,100.00%,33.33%,Sepi,Sepi,Benar,34.44
S2,1.mp4,52.75,3,0,0,0,3,0.00%,0.00%,Sepi,Sepi,Benar,35.39
S2,1.mp4,53.00,3,1,1,0,2,100.00%,33.33%,Sepi,Sepi,Benar,34.28
S2,1.mp4,53.25,3,1,1,0,2,100.00%,33.33%,Sepi,Sepi,Benar,34.88
S2,1.mp4,53.50,3,0,0,0,3,0.00%,0.00%,Sepi,Sepi,Benar,33.20
S2,1.mp4,53.75,3,0,0,0,3,0.00%,0.00%,Sepi,Sepi,Benar,35.23
S2,1.mp4,54.00,3,0,0,0,3,0.00%,0.00%,Sepi,Sepi,Benar,33.45
S2,1.mp4,54.25,3,1,1,0,2,100.00%,33.33%,Sepi,Sepi,Benar,35.23
S2,1.mp4,54.50,3,1,1,0,2,100.00%,33.33%,Sepi,Sepi,Benar,35.01
S2,1.mp4,54.75,3,1,1,0,2,100.00%,33.33%,Sepi,Sepi,Benar,38.18
S2,1.mp4,55.00,3,1,1,0,2,100.00%,33.33%,Sepi,Sepi,Benar,34.60
S2,1.mp4,55.25,3,1,1,0,2,100.00%,33.33%,Sepi,Sepi,Benar,34.04
S2,1.mp4,55.50,3,1,1,0,2,100.00%,33.33%,Sepi,Sepi,Benar,35.29
S2,1.mp4,55.75,3,1,1,0,2,100.00%,33.33%,Sepi,Sepi,Benar,40.05
S2,1.mp4,56.00,3,1,1,0,2,100.00%,33.33%,Sepi,Sepi,Benar,34.61
S2,1.mp4,56.25,3,1,1,0,2,100.00%,33.33%,Sepi,Sepi,Benar,36.89
S2,1.mp4,56.50,3,1,1,0,2,100.00%,33.33%,Sepi,Sepi,Benar,35.97
S2,1.mp4,56.75,3,1,1,0,2,100.00%,33.33%,Sepi,Sepi,Benar,36.38
S2,1.mp4,57.00,3,1,1,0,2,100.00%,33.33%,Sepi,Sepi,Benar,37.31
S2,1.mp4,57.25,3,1,1,0,2,100.00%,33.33%,Sepi,Sepi,Benar,34.68
S2,1.mp4,57.50,3,1,1,0,2,100.00%,33.33%,Sepi,Sepi,Benar,38.22
S2,1.mp4,57.75,3,1,1,0,2,100.00%,33.33%,Sepi,Sepi,Benar,37.42
S2,1.mp4,58.00,3,2,2,0,1,100.00%,66.67%,Sepi,Sepi,Benar,35.75
S2,1.mp4,58.25,3,1,1,0,2,100.00%,33.33%,Sepi,Sepi,Benar,35.85
S2,1.mp4,58.50,3,1,1,0,2,100.00%,33.33%,Sepi,Sepi,Benar,36.78
S2,1.mp4,58.75,3,1,1,0,2,100.00%,33.33%,Sepi,Sepi,Benar,35.58
S2,1.mp4,59.00,3,1,1,0,2,100.00%,33.33%,Sepi,Sepi,Benar,36.95
S2,1.mp4,59.25,3,1,1,0,2,100.00%,33.33%,Sepi,Sepi,Benar,33.92
S2,1.mp4,59.50,3,1,1,0,2,100.00%,33.33%,Sepi,Sepi,Benar,38.64
S2,2.mp4,0.00,12,3,3,0,9,100.00%,25.00%,Ramai,Sepi,Salah,35.85
S2,2.mp4,0.25,12,4,4,0,8,100.00%,33.33%,Ramai,Sepi,Salah,39.45
S2,2.mp4,0.50,12,3,3,0,9,100.00%,25.00%,Ramai,Sepi,Salah,34.61
S2,2.mp4,0.75,12,3,3,0,9,100.00%,25.00%,Ramai,Sepi,Salah,35.09
S2,2.mp4,1.00,12,6,6,0,6,100.00%,50.00%,Ramai,Sedang,Salah,35.77
S2,2.mp4,1.25,12,3,3,0,9,100.00%,25.00%,Ramai,Sepi,Salah,36.72
S2,2.mp4,1.50,12,1,1,0,11,100.00%,8.33%,Ramai,Sepi,Salah,35.48
S2,2.mp4,1.75,12,3,3,0,9,100.00%,25.00%,Ramai,Sepi,Salah,34.09
S2,2.mp4,2.00,12,6,6,0,6,100.00%,50.00%,Ramai,Sedang,Salah,34.74
S2,2.mp4,2.25,12,5,5,0,7,100.00%,41.67%,Ramai,Sedang,Salah,35.72
S2,2.mp4,2.50,12,3,3,0,9,100.00%,25.00%,Ramai,Sepi,Salah,37.49
S2,2.mp4,2.75,12,3,3,0,9,100.00%,25.00%,Ramai,Sepi,Salah,34.89
S2,2.mp4,3.00,12,4,4,0,8,100.00%,33.33%,Ramai,Sepi,Salah,37.61
S2,2.mp4,3.25,12,4,4,0,8,100.00%,33.33%,Ramai,Sepi,Salah,35.20
S2,2.mp4,3.50,12,4,4,0,8,100.00%,33.33%,Ramai,Sepi,Salah,34.24
S2,2.mp4,3.75,12,5,5,0,7,100.00%,41.67%,Ramai,Sedang,Salah,37.41
S2,2.mp4,4.00,12,4,4,0,8,100.00%,33.33%,Ramai,Sepi,Salah,34.19
S2,2.mp4,4.25,12,4,4,0,8,100.00%,33.33%,Ramai,Sepi,Salah,36.25
S2,2.mp4,4.50,12,4,4,0,8,100.00%,33.33%,Ramai,Sepi,Salah,36.30
S2,2.mp4,4.75,12,4,4,0,8,100.00%,33.33%,Ramai,Sepi,Salah,37.01
S2,2.mp4,5.00,12,4,4,0,8,100.00%,33.33%,Ramai,Sepi,Salah,34.38
S2,2.mp4,5.25,14,5,5,0,9,100.00%,35.71%,Ramai,Sedang,Salah,36.00
S2,2.mp4,5.50,14,6,6,0,8,100.00%,42.86%,Ramai,Sedang,Salah,37.80
S2,2.mp4,5.75,14,5,5,0,9,100.00%,35.71%,Ramai,Sedang,Salah,36.84
S2,2.mp4,6.00,14,6,6,0,8,100.00%,42.86%,Ramai,Sedang,Salah,36.68
S2,2.mp4,6.25,14,6,6,0,8,100.00%,42.86%,Ramai,Sedang,Salah,37.56
S2,2.mp4,6.50,14,3,3,0,11,100.00%,21.43%,Ramai,Sepi,Salah,40.24
S2,2.mp4,6.75,14,4,4,0,10,100.00%,28.57%,Ramai,Sepi,Salah,37.00
S2,2.mp4,7.00,14,6,6,0,8,100.00%,42.86%,Ramai,Sedang,Salah,37.19
S2,2.mp4,7.25,14,5,5,0,9,100.00%,35.71%,Ramai,Sedang,Salah,37.71
S2,2.mp4,7.50,14,7,7,0,7,100.00%,50.00%,Ramai,Sedang,Salah,36.53
S2,2.mp4,7.75,14,6,6,0,8,100.00%,42.86%,Ramai,Sedang,Salah,37.83
S2,2.mp4,8.00,14,6,6,0,8,100.00%,42.86%,Ramai,Sedang,Salah,37.68
S2,2.mp4,8.25,14,5,5,0,9,100.00%,35.71%,Ramai,Sedang,Salah,37.80
S2,2.mp4,8.50,14,5,5,0,9,100.00%,35.71%,Ramai,Sedang,Salah,35.48
S2,2.mp4,8.75,14,5,5,0,9,100.00%,35.71%,Ramai,Sedang,Salah,36.59
S2,2.mp4,9.00,14,5,5,0,9,100.00%,35.71%,Ramai,Sedang,Salah,35.16
S2,2.mp4,9.25,14,5,5,0,9,100.00%,35.71%,Ramai,Sedang,Salah,36.85
S2,2.mp4,9.50,14,4,4,0,10,100.00%,28.57%,Ramai,Sepi,Salah,35.92
S2,2.mp4,9.75,14,4,4,0,10,100.00%,28.57%,Ramai,Sepi,Salah,35.96
S2,2.mp4,10.00,14,5,5,0,9,100.00%,35.71%,Ramai,Sedang,Salah,35.05
S2,2.mp4,10.25,14,4,4,0,10,100.00%,28.57%,Ramai,Sepi,Salah,37.86
S2,2.mp4,10.50,14,4,4,0,10,100.00%,28.57%,Ramai,Sepi,Salah,35.32
S2,2.mp4,10.75,14,4,4,0,10,100.00%,28.57%,Ramai,Sepi,Salah,35.34
S2,2.mp4,11.00,14,4,4,0,10,100.00%,28.57%,Ramai,Sepi,Salah,35.08
S2,2.mp4,11.25,14,3,3,0,11,100.00%,21.43%,Ramai,Sepi,Salah,35.54
S2,2.mp4,11.50,14,3,3,0,11,100.00%,21.43%,Ramai,Sepi,Salah,37.74
S2,2.mp4,11.75,14,5,5,0,9,100.00%,35.71%,Ramai,Sedang,Salah,36.32
S2,2.mp4,12.00,14,3,3,0,11,100.00%,21.43%,Ramai,Sepi,Salah,34.08
S2,2.mp4,12.25,14,3,3,0,11,100.00%,21.43%,Ramai,Sepi,Salah,37.19
S2,2.mp4,12.50,14,4,4,0,10,100.00%,28.57%,Ramai,Sepi,Salah,37.22
S2,2.mp4,12.75,14,4,4,0,10,100.00%,28.57%,Ramai,Sepi,Salah,37.98
S2,2.mp4,13.00,14,5,5,0,9,100.00%,35.71%,Ramai,Sedang,Salah,36.07
S2,2.mp4,13.25,14,5,5,0,9,100.00%,35.71%,Ramai,Sedang,Salah,38.21
S2,2.mp4,13.50,14,5,5,0,9,100.00%,35.71%,Ramai,Sedang,Salah,38.06
S2,2.mp4,13.75,14,4,4,0,10,100.00%,28.57%,Ramai,Sepi,Salah,37.99
S2,2.mp4,14.00,14,3,3,0,11,100.00%,21.43%,Ramai,Sepi,Salah,35.80
S2,2.mp4,14.25,14,2,2,0,12,100.00%,14.29%,Ramai,Sepi,Salah,37.67
S2,2.mp4,14.50,14,3,3,0,11,100.00%,21.43%,Ramai,Sepi,Salah,37.82
S2,2.mp4,14.75,14,4,4,0,10,100.00%,28.57%,Ramai,Sepi,Salah,35.82
S2,2.mp4,15.00,14,5,5,0,9,100.00%,35.71%,Ramai,Sedang,Salah,34.70
S2,2.mp4,15.25,15,3,3,0,12,100.00%,20.00%,Ramai,Sepi,Salah,37.71
S2,2.mp4,15.50,15,3,3,0,12,100.00%,20.00%,Ramai,Sepi,Salah,36.41
S2,2.mp4,15.75,15,3,3,0,12,100.00%,20.00%,Ramai,Sepi,Salah,36.89
S2,2.mp4,16.00,15,4,4,0,11,100.00%,26.67%,Ramai,Sepi,Salah,35.45
S2,2.mp4,16.25,15,4,4,0,11,100.00%,26.67%,Ramai,Sepi,Salah,37.01
S2,2.mp4,16.50,15,4,4,0,11,100.00%,26.67%,Ramai,Sepi,Salah,35.59
S2,2.mp4,16.75,15,6,6,0,9,100.00%,40.00%,Ramai,Sedang,Salah,36.25
S2,2.mp4,17.00,15,4,4,0,11,100.00%,26.67%,Ramai,Sepi,Salah,35.41
S2,2.mp4,17.25,14,3,3,0,11,100.00%,21.43%,Ramai,Sepi,Salah,35.23
S2,2.mp4,17.50,14,4,4,0,10,100.00%,28.57%,Ramai,Sepi,Salah,36.44
S2,2.mp4,17.75,14,3,3,0,11,100.00%,21.43%,Ramai,Sepi,Salah,37.23
S2,2.mp4,18.00,14,2,2,0,12,100.00%,14.29%,Ramai,Sepi,Salah,33.82
S2,2.mp4,18.25,14,2,2,0,12,100.00%,14.29%,Ramai,Sepi,Salah,34.85
S2,2.mp4,18.50,14,3,3,0,11,100.00%,21.43%,Ramai,Sepi,Salah,35.90
S2,2.mp4,18.75,14,3,3,0,11,100.00%,21.43%,Ramai,Sepi,Salah,34.83
S2,2.mp4,19.00,14,2,2,0,12,100.00%,14.29%,Ramai,Sepi,Salah,34.55
S2,2.mp4,19.25,14,3,3,0,11,100.00%,21.43%,Ramai,Sepi,Salah,34.73
S2,2.mp4,19.50,14,3,3,0,11,100.00%,21.43%,Ramai,Sepi,Salah,38.77
S2,2.mp4,19.75,14,2,2,0,12,100.00%,14.29%,Ramai,Sepi,Salah,34.38
S2,2.mp4,20.00,14,4,4,0,10,100.00%,28.57%,Ramai,Sepi,Salah,35.49
S2,2.mp4,20.25,14,4,4,0,10,100.00%,28.57%,Ramai,Sepi,Salah,35.82
S2,2.mp4,20.50,14,2,2,0,12,100.00%,14.29%,Ramai,Sepi,Salah,38.12
S2,2.mp4,20.75,14,3,3,0,11,100.00%,21.43%,Ramai,Sepi,Salah,35.03
S2,2.mp4,21.00,14,4,4,0,10,100.00%,28.57%,Ramai,Sepi,Salah,37.18
S2,2.mp4,21.25,14,3,3,0,11,100.00%,21.43%,Ramai,Sepi,Salah,37.28
S2,2.mp4,21.50,14,2,2,0,12,100.00%,14.29%,Ramai,Sepi,Salah,37.60
S2,2.mp4,21.75,14,3,3,0,11,100.00%,21.43%,Ramai,Sepi,Salah,36.54
S2,2.mp4,22.00,14,2,2,0,12,100.00%,14.29%,Ramai,Sepi,Salah,35.99
S2,2.mp4,22.25,14,2,2,0,12,100.00%,14.29%,Ramai,Sepi,Salah,34.70
S2,2.mp4,22.50,14,1,1,0,13,100.00%,7.14%,Ramai,Sepi,Salah,35.76
S2,2.mp4,22.75,14,2,2,0,12,100.00%,14.29%,Ramai,Sepi,Salah,35.30
S2,2.mp4,23.00,14,0,0,0,14,0.00%,0.00%,Ramai,Sepi,Salah,32.50
S2,2.mp4,23.25,14,2,2,0,12,100.00%,14.29%,Ramai,Sepi,Salah,36.38
S2,2.mp4,23.50,14,1,1,0,13,100.00%,7.14%,Ramai,Sepi,Salah,36.22
S2,2.mp4,23.75,14,3,3,0,11,100.00%,21.43%,Ramai,Sepi,Salah,35.53
S2,2.mp4,24.00,14,3,3,0,11,100.00%,21.43%,Ramai,Sepi,Salah,34.70
S2,2.mp4,24.25,14,2,2,0,12,100.00%,14.29%,Ramai,Sepi,Salah,37.61
S2,2.mp4,24.50,14,2,2,0,12,100.00%,14.29%,Ramai,Sepi,Salah,37.63
S2,2.mp4,24.75,14,2,2,0,12,100.00%,14.29%,Ramai,Sepi,Salah,34.96
S2,2.mp4,25.00,14,2,2,0,12,100.00%,14.29%,Ramai,Sepi,Salah,34.90
S2,2.mp4,25.25,14,4,4,0,10,100.00%,28.57%,Ramai,Sepi,Salah,35.21
S2,2.mp4,25.50,14,4,4,0,10,100.00%,28.57%,Ramai,Sepi,Salah,37.33
S2,2.mp4,25.75,14,4,4,0,10,100.00%,28.57%,Ramai,Sepi,Salah,39.49
S2,2.mp4,26.00,14,3,3,0,11,100.00%,21.43%,Ramai,Sepi,Salah,37.10
S2,2.mp4,26.25,13,4,4,0,9,100.00%,30.77%,Ramai,Sepi,Salah,35.63
S2,2.mp4,26.50,13,3,3,0,10,100.00%,23.08%,Ramai,Sepi,Salah,35.56
S2,2.mp4,26.75,13,4,4,0,9,100.00%,30.77%,Ramai,Sepi,Salah,36.36
S2,2.mp4,27.00,13,3,3,0,10,100.00%,23.08%,Ramai,Sepi,Salah,36.01
S2,2.mp4,27.25,13,3,3,0,10,100.00%,23.08%,Ramai,Sepi,Salah,37.34
S2,2.mp4,27.50,13,4,4,0,9,100.00%,30.77%,Ramai,Sepi,Salah,41.38
S2,2.mp4,27.75,13,4,4,0,9,100.00%,30.77%,Ramai,Sepi,Salah,35.54
S2,2.mp4,28.00,13,3,3,0,10,100.00%,23.08%,Ramai,Sepi,Salah,34.74
S2,2.mp4,28.25,13,2,2,0,11,100.00%,15.38%,Ramai,Sepi,Salah,36.57
S2,2.mp4,28.50,13,1,1,0,12,100.00%,7.69%,Ramai,Sepi,Salah,36.26
S2,2.mp4,28.75,13,2,2,0,11,100.00%,15.38%,Ramai,Sepi,Salah,36.61
S2,2.mp4,29.00,13,2,2,0,11,100.00%,15.38%,Ramai,Sepi,Salah,36.37
S2,2.mp4,29.25,12,3,3,0,9,100.00%,25.00%,Ramai,Sepi,Salah,35.73
S2,2.mp4,29.50,12,3,3,0,9,100.00%,25.00%,Ramai,Sepi,Salah,35.80
S2,2.mp4,29.75,12,3,3,0,9,100.00%,25.00%,Ramai,Sepi,Salah,38.59
S2,2.mp4,30.00,12,2,2,0,10,100.00%,16.67%,Ramai,Sepi,Salah,34.15
S2,2.mp4,30.25,12,3,3,0,9,100.00%,25.00%,Ramai,Sepi,Salah,37.22
S2,2.mp4,30.50,12,0,0,0,12,0.00%,0.00%,Ramai,Sepi,Salah,34.78
S2,2.mp4,30.75,12,3,3,0,9,100.00%,25.00%,Ramai,Sepi,Salah,35.01
S2,2.mp4,31.00,12,2,2,0,10,100.00%,16.67%,Ramai,Sepi,Salah,36.80
S2,2.mp4,31.25,12,1,1,0,11,100.00%,8.33%,Ramai,Sepi,Salah,34.14
S2,2.mp4,31.50,12,2,2,0,10,100.00%,16.67%,Ramai,Sepi,Salah,34.61
S2,2.mp4,31.75,12,1,1,0,11,100.00%,8.33%,Ramai,Sepi,Salah,35.59
S2,2.mp4,32.00,12,0,0,0,12,0.00%,0.00%,Ramai,Sepi,Salah,32.43
S2,2.mp4,32.25,12,0,0,0,12,0.00%,0.00%,Ramai,Sepi,Salah,32.08
S2,2.mp4,32.50,12,0,0,0,12,0.00%,0.00%,Ramai,Sepi,Salah,32.44
S2,2.mp4,32.75,12,0,0,0,12,0.00%,0.00%,Ramai,Sepi,Salah,32.65
S2,2.mp4,33.00,12,0,0,0,12,0.00%,0.00%,Ramai,Sepi,Salah,32.05
S2,2.mp4,33.25,12,1,1,0,11,100.00%,8.33%,Ramai,Sepi,Salah,34.78
S2,2.mp4,33.50,12,2,2,0,10,100.00%,16.67%,Ramai,Sepi,Salah,35.18
S2,2.mp4,33.75,12,1,1,0,11,100.00%,8.33%,Ramai,Sepi,Salah,35.75
S2,2.mp4,34.00,12,2,2,0,10,100.00%,16.67%,Ramai,Sepi,Salah,34.94
S2,2.mp4,34.25,12,2,2,0,10,100.00%,16.67%,Ramai,Sepi,Salah,34.92
S2,2.mp4,34.50,12,2,2,0,10,100.00%,16.67%,Ramai,Sepi,Salah,35.51
S2,2.mp4,34.75,12,1,1,0,11,100.00%,8.33%,Ramai,Sepi,Salah,35.36
S2,2.mp4,35.00,12,1,1,0,11,100.00%,8.33%,Ramai,Sepi,Salah,34.94
S2,2.mp4,35.25,12,0,0,0,12,0.00%,0.00%,Ramai,Sepi,Salah,33.33
S2,2.mp4,35.50,12,0,0,0,12,0.00%,0.00%,Ramai,Sepi,Salah,32.58
S2,2.mp4,35.75,12,0,0,0,12,0.00%,0.00%,Ramai,Sepi,Salah,32.35
S2,2.mp4,36.00,12,2,2,0,10,100.00%,16.67%,Ramai,Sepi,Salah,36.82
S2,2.mp4,36.25,12,2,2,0,10,100.00%,16.67%,Ramai,Sepi,Salah,35.73
S2,2.mp4,36.50,12,2,2,0,10,100.00%,16.67%,Ramai,Sepi,Salah,36.22
S2,2.mp4,36.75,12,2,2,0,10,100.00%,16.67%,Ramai,Sepi,Salah,34.89
S2,2.mp4,37.00,12,2,2,0,10,100.00%,16.67%,Ramai,Sepi,Salah,34.78
S2,2.mp4,37.25,12,1,1,0,11,100.00%,8.33%,Ramai,Sepi,Salah,35.87
S2,2.mp4,37.50,12,2,2,0,10,100.00%,16.67%,Ramai,Sepi,Salah,35.80
S2,2.mp4,37.75,12,1,1,0,11,100.00%,8.33%,Ramai,Sepi,Salah,35.42
S2,2.mp4,38.00,12,1,1,0,11,100.00%,8.33%,Ramai,Sepi,Salah,35.81
S2,2.mp4,38.25,12,0,0,0,12,0.00%,0.00%,Ramai,Sepi,Salah,32.27
S2,2.mp4,38.50,12,1,1,0,11,100.00%,8.33%,Ramai,Sepi,Salah,34.63
S2,2.mp4,38.75,12,1,1,0,11,100.00%,8.33%,Ramai,Sepi,Salah,34.67
S2,2.mp4,39.00,12,1,1,0,11,100.00%,8.33%,Ramai,Sepi,Salah,37.37
S2,2.mp4,39.25,12,2,2,0,10,100.00%,16.67%,Ramai,Sepi,Salah,35.48
S2,2.mp4,39.50,12,2,2,0,10,100.00%,16.67%,Ramai,Sepi,Salah,34.60
S2,2.mp4,39.75,12,2,2,0,10,100.00%,16.67%,Ramai,Sepi,Salah,36.13
S3,1.mp4,0.00,5,2,2,0,3,100.00%,40.00%,Sedang,Sepi,Salah,42.73
S3,1.mp4,0.17,5,2,2,0,3,100.00%,40.00%,Sedang,Sepi,Salah,45.80
S3,1.mp4,0.33,5,3,3,0,2,100.00%,60.00%,Sedang,Sepi,Salah,56.99
S3,1.mp4,0.50,5,2,2,0,3,100.00%,40.00%,Sedang,Sepi,Salah,32.77
S3,1.mp4,0.67,5,3,3,0,2,100.00%,60.00%,Sedang,Sepi,Salah,32.13
S3,1.mp4,0.83,5,3,3,0,2,100.00%,60.00%,Sedang,Sepi,Salah,34.40
S3,1.mp4,1.00,5,2,2,0,3,100.00%,40.00%,Sedang,Sepi,Salah,32.19
S3,1.mp4,1.17,5,2,2,0,3,100.00%,40.00%,Sedang,Sepi,Salah,31.41
S3,1.mp4,1.33,5,2,2,0,3,100.00%,40.00%,Sedang,Sepi,Salah,32.43
S3,1.mp4,1.50,5,2,2,0,3,100.00%,40.00%,Sedang,Sepi,Salah,31.36
S3,1.mp4,1.67,5,3,3,0,2,100.00%,60.00%,Sedang,Sepi,Salah,32.08
S3,1.mp4,1.83,5,4,4,0,1,100.00%,80.00%,Sedang,Sepi,Salah,43.04
S3,1.mp4,2.00,5,4,4,0,1,100.00%,80.00%,Sedang,Sepi,Salah,33.39
S3,1.mp4,2.17,5,4,4,0,1,100.00%,80.00%,Sedang,Sepi,Salah,31.91
S3,1.mp4,2.33,5,4,4,0,1,100.00%,80.00%,Sedang,Sepi,Salah,32.07
S3,1.mp4,2.50,5,3,3,0,2,100.00%,60.00%,Sedang,Sepi,Salah,34.49
S3,1.mp4,2.67,5,3,3,0,2,100.00%,60.00%,Sedang,Sepi,Salah,33.91
S3,1.mp4,2.83,5,4,4,0,1,100.00%,80.00%,Sedang,Sepi,Salah,38.79
S3,1.mp4,3.00,5,5,5,0,0,100.00%,100.00%,Sedang,Sedang,Benar,35.28
S3,1.mp4,3.17,5,4,4,0,1,100.00%,80.00%,Sedang,Sepi,Salah,35.55
S3,1.mp4,3.33,5,4,4,0,1,100.00%,80.00%,Sedang,Sepi,Salah,35.17
S3,1.mp4,3.50,5,4,4,0,1,100.00%,80.00%,Sedang,Sepi,Salah,34.34
S3,1.mp4,3.67,5,3,3,0,2,100.00%,60.00%,Sedang,Sepi,Salah,35.83
S3,1.mp4,3.83,5,4,4,0,1,100.00%,80.00%,Sedang,Sepi,Salah,37.35
S3,1.mp4,4.00,5,3,3,0,2,100.00%,60.00%,Sedang,Sepi,Salah,35.14
S3,1.mp4,4.17,5,3,3,0,2,100.00%,60.00%,Sedang,Sepi,Salah,33.44
S3,1.mp4,4.33,5,3,3,0,2,100.00%,60.00%,Sedang,Sepi,Salah,34.63
S3,1.mp4,4.50,5,3,3,0,2,100.00%,60.00%,Sedang,Sepi,Salah,34.17
S3,1.mp4,4.67,5,3,3,0,2,100.00%,60.00%,Sedang,Sepi,Salah,34.58
S3,1.mp4,4.83,5,3,3,0,2,100.00%,60.00%,Sedang,Sepi,Salah,36.24
S3,1.mp4,5.00,5,3,3,0,2,100.00%,60.00%,Sedang,Sepi,Salah,33.14
S3,1.mp4,5.17,5,4,4,0,1,100.00%,80.00%,Sedang,Sepi,Salah,34.32
S3,1.mp4,5.33,5,3,3,0,2,100.00%,60.00%,Sedang,Sepi,Salah,33.84
S3,1.mp4,5.50,5,3,3,0,2,100.00%,60.00%,Sedang,Sepi,Salah,34.04
S3,1.mp4,5.67,5,3,3,0,2,100.00%,60.00%,Sedang,Sepi,Salah,33.89
S3,1.mp4,5.83,5,3,3,0,2,100.00%,60.00%,Sedang,Sepi,Salah,34.46
S3,1.mp4,6.00,4,3,3,0,1,100.00%,75.00%,Sepi,Sepi,Benar,33.49
S3,1.mp4,6.17,4,3,3,0,1,100.00%,75.00%,Sepi,Sepi,Benar,34.51
S3,1.mp4,6.33,4,3,3,0,1,100.00%,75.00%,Sepi,Sepi,Benar,33.93
S3,1.mp4,6.50,4,3,3,0,1,100.00%,75.00%,Sepi,Sepi,Benar,35.64
S3,1.mp4,6.67,4,2,2,0,2,100.00%,50.00%,Sepi,Sepi,Benar,32.94
S3,1.mp4,6.83,4,2,2,0,2,100.00%,50.00%,Sepi,Sepi,Benar,36.02
S3,1.mp4,7.00,4,2,2,0,2,100.00%,50.00%,Sepi,Sepi,Benar,35.72
S3,1.mp4,7.17,4,2,2,0,2,100.00%,50.00%,Sepi,Sepi,Benar,32.95
S3,1.mp4,7.33,4,3,3,0,1,100.00%,75.00%,Sepi,Sepi,Benar,33.68
S3,1.mp4,7.50,4,3,3,0,1,100.00%,75.00%,Sepi,Sepi,Benar,33.22
S3,1.mp4,7.67,4,3,3,0,1,100.00%,75.00%,Sepi,Sepi,Benar,34.36
S3,1.mp4,7.83,4,3,3,0,1,100.00%,75.00%,Sepi,Sepi,Benar,36.18
S3,1.mp4,8.00,4,2,2,0,2,100.00%,50.00%,Sepi,Sepi,Benar,34.54
S3,1.mp4,8.17,4,2,2,0,2,100.00%,50.00%,Sepi,Sepi,Benar,34.91
S3,1.mp4,8.33,4,2,2,0,2,100.00%,50.00%,Sepi,Sepi,Benar,33.17
S3,1.mp4,8.50,4,2,2,0,2,100.00%,50.00%,Sepi,Sepi,Benar,33.70
S3,1.mp4,8.67,4,2,2,0,2,100.00%,50.00%,Sepi,Sepi,Benar,33.57
S3,1.mp4,8.83,4,2,2,0,2,100.00%,50.00%,Sepi,Sepi,Benar,34.87
S3,1.mp4,9.00,4,2,2,0,2,100.00%,50.00%,Sepi,Sepi,Benar,33.67
S3,1.mp4,9.17,4,2,2,0,2,100.00%,50.00%,Sepi,Sepi,Benar,33.67
S3,1.mp4,9.33,4,2,2,0,2,100.00%,50.00%,Sepi,Sepi,Benar,35.55
S3,1.mp4,9.50,4,2,2,0,2,100.00%,50.00%,Sepi,Sepi,Benar,32.88
S3,1.mp4,9.67,4,2,2,0,2,100.00%,50.00%,Sepi,Sepi,Benar,33.26
S3,1.mp4,9.83,4,3,3,0,1,100.00%,75.00%,Sepi,Sepi,Benar,38.17
S3,1.mp4,10.00,4,2,2,0,2,100.00%,50.00%,Sepi,Sepi,Benar,32.92
S3,1.mp4,10.17,4,2,2,0,2,100.00%,50.00%,Sepi,Sepi,Benar,34.38
S3,1.mp4,10.33,4,2,2,0,2,100.00%,50.00%,Sepi,Sepi,Benar,32.52
S3,1.mp4,10.50,4,2,2,0,2,100.00%,50.00%,Sepi,Sepi,Benar,36.09
S3,1.mp4,10.67,4,2,2,0,2,100.00%,50.00%,Sepi,Sepi,Benar,34.07
S3,1.mp4,10.83,4,3,3,0,1,100.00%,75.00%,Sepi,Sepi,Benar,36.10
S3,1.mp4,11.00,4,3,3,0,1,100.00%,75.00%,Sepi,Sepi,Benar,34.11
S3,1.mp4,11.17,4,3,3,0,1,100.00%,75.00%,Sepi,Sepi,Benar,36.93
S3,1.mp4,11.33,4,3,3,0,1,100.00%,75.00%,Sepi,Sepi,Benar,33.29
S3,1.mp4,11.50,4,3,3,0,1,100.00%,75.00%,Sepi,Sepi,Benar,33.72
S3,1.mp4,11.67,4,3,3,0,1,100.00%,75.00%,Sepi,Sepi,Benar,34.34
S3,1.mp4,11.83,4,4,4,0,0,100.00%,100.00%,Sepi,Sepi,Benar,35.36
S3,1.mp4,12.00,4,4,4,0,0,100.00%,100.00%,Sepi,Sepi,Benar,34.95
S3,1.mp4,12.17,4,3,3,0,1,100.00%,75.00%,Sepi,Sepi,Benar,33.26
S3,1.mp4,12.33,4,2,2,0,2,100.00%,50.00%,Sepi,Sepi,Benar,34.58
S3,1.mp4,12.50,4,3,3,0,1,100.00%,75.00%,Sepi,Sepi,Benar,33.66
S3,1.mp4,12.67,4,3,3,0,1,100.00%,75.00%,Sepi,Sepi,Benar,34.58
S3,1.mp4,12.83,4,3,3,0,1,100.00%,75.00%,Sepi,Sepi,Benar,36.31
S3,1.mp4,13.00,4,3,3,0,1,100.00%,75.00%,Sepi,Sepi,Benar,33.50
S3,1.mp4,13.17,4,3,3,0,1,100.00%,75.00%,Sepi,Sepi,Benar,35.92
S3,1.mp4,13.33,4,3,3,0,1,100.00%,75.00%,Sepi,Sepi,Benar,34.60
S3,1.mp4,13.50,4,3,3,0,1,100.00%,75.00%,Sepi,Sepi,Benar,37.29
S3,1.mp4,13.67,4,3,3,0,1,100.00%,75.00%,Sepi,Sepi,Benar,34.27
S3,1.mp4,13.83,4,3,3,0,1,100.00%,75.00%,Sepi,Sepi,Benar,36.99
S3,1.mp4,14.00,4,3,3,0,1,100.00%,75.00%,Sepi,Sepi,Benar,33.19
S3,1.mp4,14.17,4,3,3,0,1,100.00%,75.00%,Sepi,Sepi,Benar,33.08
S3,1.mp4,14.33,4,3,3,0,1,100.00%,75.00%,Sepi,Sepi,Benar,36.31
S3,1.mp4,14.50,4,3,3,0,1,100.00%,75.00%,Sepi,Sepi,Benar,33.46
S3,1.mp4,14.67,4,3,3,0,1,100.00%,75.00%,Sepi,Sepi,Benar,34.04
S3,1.mp4,14.83,4,3,3,0,1,100.00%,75.00%,Sepi,Sepi,Benar,37.20
S3,1.mp4,15.00,4,3,3,0,1,100.00%,75.00%,Sepi,Sepi,Benar,34.35
S3,1.mp4,15.17,4,3,3,0,1,100.00%,75.00%,Sepi,Sepi,Benar,35.59
S3,1.mp4,15.33,4,3,3,0,1,100.00%,75.00%,Sepi,Sepi,Benar,35.89
S3,1.mp4,15.50,4,3,3,0,1,100.00%,75.00%,Sepi,Sepi,Benar,33.64
S3,1.mp4,15.67,4,3,3,0,1,100.00%,75.00%,Sepi,Sepi,Benar,35.03
S3,1.mp4,15.83,4,3,3,0,1,100.00%,75.00%,Sepi,Sepi,Benar,37.19
S3,1.mp4,16.00,4,3,3,0,1,100.00%,75.00%,Sepi,Sepi,Benar,35.05
S3,1.mp4,16.17,4,3,3,0,1,100.00%,75.00%,Sepi,Sepi,Benar,33.72
S3,1.mp4,16.33,4,3,3,0,1,100.00%,75.00%,Sepi,Sepi,Benar,34.03
S3,1.mp4,16.50,4,3,3,0,1,100.00%,75.00%,Sepi,Sepi,Benar,34.86
S3,1.mp4,16.67,4,3,3,0,1,100.00%,75.00%,Sepi,Sepi,Benar,35.00
S3,1.mp4,16.83,4,3,3,0,1,100.00%,75.00%,Sepi,Sepi,Benar,37.03
S3,1.mp4,17.00,4,3,3,0,1,100.00%,75.00%,Sepi,Sepi,Benar,33.99
S3,1.mp4,17.17,4,3,3,0,1,100.00%,75.00%,Sepi,Sepi,Benar,33.63
S3,1.mp4,17.33,4,4,4,0,0,100.00%,100.00%,Sepi,Sepi,Benar,34.51
S3,1.mp4,17.50,4,4,4,0,0,100.00%,100.00%,Sepi,Sepi,Benar,37.89
S3,1.mp4,17.67,4,3,3,0,1,100.00%,75.00%,Sepi,Sepi,Benar,33.76
S3,1.mp4,17.83,4,3,3,0,1,100.00%,75.00%,Sepi,Sepi,Benar,35.29
S3,1.mp4,18.00,4,3,3,0,1,100.00%,75.00%,Sepi,Sepi,Benar,33.42
S3,1.mp4,18.17,4,3,3,0,1,100.00%,75.00%,Sepi,Sepi,Benar,34.36
S3,1.mp4,18.33,4,3,3,0,1,100.00%,75.00%,Sepi,Sepi,Benar,34.00
S3,1.mp4,18.50,4,3,3,0,1,100.00%,75.00%,Sepi,Sepi,Benar,34.47
S3,1.mp4,18.67,4,3,3,0,1,100.00%,75.00%,Sepi,Sepi,Benar,37.03
S3,1.mp4,18.83,4,3,3,0,1,100.00%,75.00%,Sepi,Sepi,Benar,36.05
S3,1.mp4,19.00,4,3,3,0,1,100.00%,75.00%,Sepi,Sepi,Benar,33.22
S3,1.mp4,19.17,4,3,3,0,1,100.00%,75.00%,Sepi,Sepi,Benar,34.25
S3,1.mp4,19.33,4,3,3,0,1,100.00%,75.00%,Sepi,Sepi,Benar,32.62
S3,1.mp4,19.50,4,3,3,0,1,100.00%,75.00%,Sepi,Sepi,Benar,33.85
S3,1.mp4,19.67,4,4,4,0,0,100.00%,100.00%,Sepi,Sepi,Benar,34.06
S3,1.mp4,19.83,4,3,3,0,1,100.00%,75.00%,Sepi,Sepi,Benar,37.87
S3,1.mp4,20.00,5,4,4,0,1,100.00%,80.00%,Sedang,Sepi,Salah,35.03
S3,1.mp4,20.17,5,4,4,0,1,100.00%,80.00%,Sedang,Sepi,Salah,34.48
S3,1.mp4,20.33,5,4,4,0,1,100.00%,80.00%,Sedang,Sepi,Salah,34.32
S3,1.mp4,20.50,5,4,4,0,1,100.00%,80.00%,Sedang,Sepi,Salah,34.62
S3,1.mp4,20.67,5,3,3,0,2,100.00%,60.00%,Sedang,Sepi,Salah,35.31
S3,1.mp4,20.83,5,4,4,0,1,100.00%,80.00%,Sedang,Sepi,Salah,36.35
S3,1.mp4,21.00,5,4,4,0,1,100.00%,80.00%,Sedang,Sepi,Salah,34.36
S3,1.mp4,21.17,5,4,4,0,1,100.00%,80.00%,Sedang,Sepi,Salah,37.31
S3,1.mp4,21.33,5,4,4,0,1,100.00%,80.00%,Sedang,Sepi,Salah,34.84
S3,1.mp4,21.50,5,3,3,0,2,100.00%,60.00%,Sedang,Sepi,Salah,35.93
S3,1.mp4,21.67,5,3,3,0,2,100.00%,60.00%,Sedang,Sepi,Salah,35.11
S3,1.mp4,21.83,5,3,3,0,2,100.00%,60.00%,Sedang,Sepi,Salah,35.17
S3,1.mp4,22.00,4,3,3,0,1,100.00%,75.00%,Sepi,Sepi,Benar,35.29
S3,1.mp4,22.17,4,3,3,0,1,100.00%,75.00%,Sepi,Sepi,Benar,34.11
S3,1.mp4,22.33,4,3,3,0,1,100.00%,75.00%,Sepi,Sepi,Benar,35.84
S3,1.mp4,22.50,4,3,3,0,1,100.00%,75.00%,Sepi,Sepi,Benar,33.82
S3,1.mp4,22.67,4,2,2,0,2,100.00%,50.00%,Sepi,Sepi,Benar,35.70
S3,1.mp4,22.83,4,3,3,0,1,100.00%,75.00%,Sepi,Sepi,Benar,36.96
S3,1.mp4,23.00,4,3,3,0,1,100.00%,75.00%,Sepi,Sepi,Benar,34.89
S3,1.mp4,23.17,4,2,2,0,2,100.00%,50.00%,Sepi,Sepi,Benar,34.66
S3,1.mp4,23.33,4,3,3,0,1,100.00%,75.00%,Sepi,Sepi,Benar,34.44
S3,1.mp4,23.50,4,2,2,0,2,100.00%,50.00%,Sepi,Sepi,Benar,36.87
S3,1.mp4,23.67,4,2,2,0,2,100.00%,50.00%,Sepi,Sepi,Benar,35.23
S3,1.mp4,23.83,4,2,2,0,2,100.00%,50.00%,Sepi,Sepi,Benar,37.23
S3,1.mp4,24.00,4,1,1,0,3,100.00%,25.00%,Sepi,Sepi,Benar,34.28
S3,1.mp4,24.17,4,1,1,0,3,100.00%,25.00%,Sepi,Sepi,Benar,33.85
S3,1.mp4,24.33,4,1,1,0,3,100.00%,25.00%,Sepi,Sepi,Benar,32.95
S3,1.mp4,24.50,4,1,1,0,3,100.00%,25.00%,Sepi,Sepi,Benar,32.53
S3,1.mp4,24.67,4,1,1,0,3,100.00%,25.00%,Sepi,Sepi,Benar,33.99
S3,1.mp4,24.83,4,1,1,0,3,100.00%,25.00%,Sepi,Sepi,Benar,34.60
S3,1.mp4,25.00,4,0,0,0,4,0.00%,0.00%,Sepi,Sepi,Benar,30.24
S3,1.mp4,25.17,4,1,1,0,3,100.00%,25.00%,Sepi,Sepi,Benar,35.05
S3,1.mp4,25.33,4,0,0,0,4,0.00%,0.00%,Sepi,Sepi,Benar,31.21
S3,1.mp4,25.50,4,1,1,0,3,100.00%,25.00%,Sepi,Sepi,Benar,33.57
S3,1.mp4,25.67,4,2,2,0,2,100.00%,50.00%,Sepi,Sepi,Benar,33.90
S3,1.mp4,25.83,4,2,2,0,2,100.00%,50.00%,Sepi,Sepi,Benar,36.44
S3,1.mp4,26.00,4,2,2,0,2,100.00%,50.00%,Sepi,Sepi,Benar,33.54
S3,1.mp4,26.17,4,2,2,0,2,100.00%,50.00%,Sepi,Sepi,Benar,34.82
S3,1.mp4,26.33,4,2,2,0,2,100.00%,50.00%,Sepi,Sepi,Benar,34.86
S3,1.mp4,26.50,4,2,2,0,2,100.00%,50.00%,Sepi,Sepi,Benar,35.68
S3,1.mp4,26.67,4,2,2,0,2,100.00%,50.00%,Sepi,Sepi,Benar,35.58
S3,1.mp4,26.83,4,2,2,0,2,100.00%,50.00%,Sepi,Sepi,Benar,36.41
S3,1.mp4,27.00,4,2,2,0,2,100.00%,50.00%,Sepi,Sepi,Benar,33.27
S3,1.mp4,27.17,4,2,2,0,2,100.00%,50.00%,Sepi,Sepi,Benar,33.81
S3,1.mp4,27.33,4,2,2,0,2,100.00%,50.00%,Sepi,Sepi,Benar,34.62
S3,1.mp4,27.50,4,2,2,0,2,100.00%,50.00%,Sepi,Sepi,Benar,32.97
S3,1.mp4,27.67,4,2,2,0,2,100.00%,50.00%,Sepi,Sepi,Benar,33.81
S3,1.mp4,27.83,4,1,1,0,3,100.00%,25.00%,Sepi,Sepi,Benar,34.61
S3,1.mp4,28.00,4,1,1,0,3,100.00%,25.00%,Sepi,Sepi,Benar,32.86
S3,1.mp4,28.17,4,0,0,0,4,0.00%,0.00%,Sepi,Sepi,Benar,32.02
S3,1.mp4,28.33,4,1,1,0,3,100.00%,25.00%,Sepi,Sepi,Benar,33.06
S3,1.mp4,28.50,4,1,1,0,3,100.00%,25.00%,Sepi,Sepi,Benar,34.79
S3,1.mp4,28.67,4,1,1,0,3,100.00%,25.00%,Sepi,Sepi,Benar,33.37
S3,1.mp4,28.83,4,1,1,0,3,100.00%,25.00%,Sepi,Sepi,Benar,35.67
S3,1.mp4,29.00,4,2,2,0,2,100.00%,50.00%,Sepi,Sepi,Benar,34.87
S3,1.mp4,29.17,4,2,2,0,2,100.00%,50.00%,Sepi,Sepi,Benar,35.06
S3,1.mp4,29.33,4,1,1,0,3,100.00%,25.00%,Sepi,Sepi,Benar,35.28
S3,1.mp4,29.50,4,1,1,0,3,100.00%,25.00%,Sepi,Sepi,Benar,36.60
S3,1.mp4,29.67,4,1,1,0,3,100.00%,25.00%,Sepi,Sepi,Benar,34.37
S3,1.mp4,29.83,4,1,1,0,3,100.00%,25.00%,Sepi,Sepi,Benar,37.46
S3,1.mp4,30.00,4,1,1,0,3,100.00%,25.00%,Sepi,Sepi,Benar,33.93
S3,1.mp4,30.17,4,2,2,0,2,100.00%,50.00%,Sepi,Sepi,Benar,34.99
S3,1.mp4,30.33,4,2,2,0,2,100.00%,50.00%,Sepi,Sepi,Benar,34.05
S3,1.mp4,30.50,4,2,2,0,2,100.00%,50.00%,Sepi,Sepi,Benar,35.79
S3,1.mp4,30.67,4,2,2,0,2,100.00%,50.00%,Sepi,Sepi,Benar,36.09
S3,1.mp4,30.83,4,2,2,0,2,100.00%,50.00%,Sepi,Sepi,Benar,37.25
S3,1.mp4,31.00,4,2,2,0,2,100.00%,50.00%,Sepi,Sepi,Benar,34.63
S3,1.mp4,31.17,4,2,2,0,2,100.00%,50.00%,Sepi,Sepi,Benar,34.35
S3,1.mp4,31.33,4,2,2,0,2,100.00%,50.00%,Sepi,Sepi,Benar,35.57
S3,1.mp4,31.50,4,3,3,0,1,100.00%,75.00%,Sepi,Sepi,Benar,36.52
S3,1.mp4,31.67,4,2,2,0,2,100.00%,50.00%,Sepi,Sepi,Benar,34.56
S3,1.mp4,31.83,4,2,2,0,2,100.00%,50.00%,Sepi,Sepi,Benar,37.61
S3,1.mp4,32.00,3,1,1,0,2,100.00%,33.33%,Sepi,Sepi,Benar,34.71
S3,1.mp4,32.17,3,1,1,0,2,100.00%,33.33%,Sepi,Sepi,Benar,33.61
S3,1.mp4,32.33,3,2,2,0,1,100.00%,66.67%,Sepi,Sepi,Benar,34.03
S3,1.mp4,32.50,3,2,2,0,1,100.00%,66.67%,Sepi,Sepi,Benar,36.32
S3,1.mp4,32.67,3,2,2,0,1,100.00%,66.67%,Sepi,Sepi,Benar,34.49
S3,1.mp4,32.83,3,1,1,0,2,100.00%,33.33%,Sepi,Sepi,Benar,36.17
S3,1.mp4,33.00,3,1,1,0,2,100.00%,33.33%,Sepi,Sepi,Benar,36.18
S3,1.mp4,33.17,3,1,1,0,2,100.00%,33.33%,Sepi,Sepi,Benar,34.11
S3,1.mp4,33.33,3,1,1,0,2,100.00%,33.33%,Sepi,Sepi,Benar,33.17
S3,1.mp4,33.50,3,2,2,0,1,100.00%,66.67%,Sepi,Sepi,Benar,35.75
S3,1.mp4,33.67,3,1,1,0,2,100.00%,33.33%,Sepi,Sepi,Benar,34.20
S3,1.mp4,33.83,3,1,1,0,2,100.00%,33.33%,Sepi,Sepi,Benar,35.56
S3,1.mp4,34.00,3,1,1,0,2,100.00%,33.33%,Sepi,Sepi,Benar,34.50
S3,1.mp4,34.17,3,1,1,0,2,100.00%,33.33%,Sepi,Sepi,Benar,35.31
S3,1.mp4,34.33,3,2,2,0,1,100.00%,66.67%,Sepi,Sepi,Benar,33.19
S3,1.mp4,34.50,3,2,2,0,1,100.00%,66.67%,Sepi,Sepi,Benar,35.09
S3,1.mp4,34.67,3,2,2,0,1,100.00%,66.67%,Sepi,Sepi,Benar,35.67
S3,1.mp4,34.83,3,3,3,0,0,100.00%,100.00%,Sepi,Sepi,Benar,36.43
S3,1.mp4,35.00,3,2,2,0,1,100.00%,66.67%,Sepi,Sepi,Benar,34.13
S3,1.mp4,35.17,3,2,2,0,1,100.00%,66.67%,Sepi,Sepi,Benar,34.75
S3,1.mp4,35.33,3,2,2,0,1,100.00%,66.67%,Sepi,Sepi,Benar,34.11
S3,1.mp4,35.50,3,2,2,0,1,100.00%,66.67%,Sepi,Sepi,Benar,33.83
S3,1.mp4,35.67,3,3,3,0,0,100.00%,100.00%,Sepi,Sepi,Benar,33.54
S3,1.mp4,35.83,3,2,2,0,1,100.00%,66.67%,Sepi,Sepi,Benar,33.86
S3,1.mp4,36.00,3,2,2,0,1,100.00%,66.67%,Sepi,Sepi,Benar,32.83
S3,1.mp4,36.17,3,2,2,0,1,100.00%,66.67%,Sepi,Sepi,Benar,32.81
S3,1.mp4,36.33,3,1,1,0,2,100.00%,33.33%,Sepi,Sepi,Benar,33.57
S3,1.mp4,36.50,3,1,1,0,2,100.00%,33.33%,Sepi,Sepi,Benar,33.71
S3,1.mp4,36.67,3,2,2,0,1,100.00%,66.67%,Sepi,Sepi,Benar,34.04
S3,1.mp4,36.83,3,1,1,0,2,100.00%,33.33%,Sepi,Sepi,Benar,34.17
S3,1.mp4,37.00,3,2,2,0,1,100.00%,66.67%,Sepi,Sepi,Benar,33.22
S3,1.mp4,37.17,3,2,2,0,1,100.00%,66.67%,Sepi,Sepi,Benar,34.07
S3,1.mp4,37.33,3,3,3,0,0,100.00%,100.00%,Sepi,Sepi,Benar,34.21
S3,1.mp4,37.50,3,2,2,0,1,100.00%,66.67%,Sepi,Sepi,Benar,33.28
S3,1.mp4,37.67,3,2,2,0,1,100.00%,66.67%,Sepi,Sepi,Benar,34.13
S3,1.mp4,37.83,3,2,2,0,1,100.00%,66.67%,Sepi,Sepi,Benar,35.82
S3,1.mp4,38.00,3,2,2,0,1,100.00%,66.67%,Sepi,Sepi,Benar,33.19
S3,1.mp4,38.17,3,2,2,0,1,100.00%,66.67%,Sepi,Sepi,Benar,33.96
S3,1.mp4,38.33,3,2,2,0,1,100.00%,66.67%,Sepi,Sepi,Benar,33.75
S3,1.mp4,38.50,3,2,2,0,1,100.00%,66.67%,Sepi,Sepi,Benar,33.86
S3,1.mp4,38.67,3,2,2,0,1,100.00%,66.67%,Sepi,Sepi,Benar,33.59
S3,1.mp4,38.83,3,2,2,0,1,100.00%,66.67%,Sepi,Sepi,Benar,34.54
S3,1.mp4,39.00,3,2,2,0,1,100.00%,66.67%,Sepi,Sepi,Benar,33.72
S3,1.mp4,39.17,3,2,2,0,1,100.00%,66.67%,Sepi,Sepi,Benar,34.49
S3,1.mp4,39.33,3,1,1,0,2,100.00%,33.33%,Sepi,Sepi,Benar,32.60
S3,1.mp4,39.50,3,1,1,0,2,100.00%,33.33%,Sepi,Sepi,Benar,34.27
S3,1.mp4,39.67,3,1,1,0,2,100.00%,33.33%,Sepi,Sepi,Benar,33.21
S3,1.mp4,39.83,3,1,1,0,2,100.00%,33.33%,Sepi,Sepi,Benar,33.45
S3,1.mp4,40.00,3,3,3,0,0,100.00%,100.00%,Sepi,Sepi,Benar,35.42
S3,1.mp4,40.17,3,3,3,0,0,100.00%,100.00%,Sepi,Sepi,Benar,33.80
S3,1.mp4,40.33,3,3,3,0,0,100.00%,100.00%,Sepi,Sepi,Benar,33.30
S3,1.mp4,40.50,3,3,3,0,0,100.00%,100.00%,Sepi,Sepi,Benar,33.59
S3,1.mp4,40.67,3,2,2,0,1,100.00%,66.67%,Sepi,Sepi,Benar,33.09
S3,1.mp4,40.83,3,2,2,0,1,100.00%,66.67%,Sepi,Sepi,Benar,34.90
S3,1.mp4,41.00,3,2,2,0,1,100.00%,66.67%,Sepi,Sepi,Benar,35.03
S3,1.mp4,41.17,3,0,0,0,3,0.00%,0.00%,Sepi,Sepi,Benar,31.48
S3,1.mp4,41.33,3,0,0,0,3,0.00%,0.00%,Sepi,Sepi,Benar,31.38
S3,1.mp4,41.50,3,0,0,0,3,0.00%,0.00%,Sepi,Sepi,Benar,31.49
S3,1.mp4,41.67,3,1,1,0,2,100.00%,33.33%,Sepi,Sepi,Benar,34.26
S3,1.mp4,41.83,3,0,0,0,3,0.00%,0.00%,Sepi,Sepi,Benar,32.80
S3,1.mp4,42.00,3,0,0,0,3,0.00%,0.00%,Sepi,Sepi,Benar,30.54
S3,1.mp4,42.17,3,0,0,0,3,0.00%,0.00%,Sepi,Sepi,Benar,32.11
S3,1.mp4,42.33,3,1,1,0,2,100.00%,33.33%,Sepi,Sepi,Benar,34.46
S3,1.mp4,42.50,3,0,0,0,3,0.00%,0.00%,Sepi,Sepi,Benar,31.41
S3,1.mp4,42.67,3,0,0,0,3,0.00%,0.00%,Sepi,Sepi,Benar,31.64
S3,1.mp4,42.83,3,1,1,0,2,100.00%,33.33%,Sepi,Sepi,Benar,34.62
S3,1.mp4,43.00,3,2,2,0,1,100.00%,66.67%,Sepi,Sepi,Benar,35.56
S3,1.mp4,43.17,3,2,2,0,1,100.00%,66.67%,Sepi,Sepi,Benar,36.65
S3,1.mp4,43.33,3,2,2,0,1,100.00%,66.67%,Sepi,Sepi,Benar,36.11
S3,1.mp4,43.50,3,2,2,0,1,100.00%,66.67%,Sepi,Sepi,Benar,37.45
S3,1.mp4,43.67,3,1,1,0,2,100.00%,33.33%,Sepi,Sepi,Benar,34.77
S3,1.mp4,43.83,3,1,1,0,2,100.00%,33.33%,Sepi,Sepi,Benar,34.78
S3,1.mp4,44.00,3,0,0,0,3,0.00%,0.00%,Sepi,Sepi,Benar,30.91
S3,1.mp4,44.17,3,0,0,0,3,0.00%,0.00%,Sepi,Sepi,Benar,31.91
S3,1.mp4,44.33,3,1,1,0,2,100.00%,33.33%,Sepi,Sepi,Benar,33.99
S3,1.mp4,44.50,3,0,0,0,3,0.00%,0.00%,Sepi,Sepi,Benar,32.57
S3,1.mp4,44.67,3,1,1,0,2,100.00%,33.33%,Sepi,Sepi,Benar,33.03
S3,1.mp4,44.83,3,1,1,0,2,100.00%,33.33%,Sepi,Sepi,Benar,37.12
S3,1.mp4,45.00,3,1,1,0,2,100.00%,33.33%,Sepi,Sepi,Benar,34.37
S3,1.mp4,45.17,3,1,1,0,2,100.00%,33.33%,Sepi,Sepi,Benar,36.63
S3,1.mp4,45.33,3,1,1,0,2,100.00%,33.33%,Sepi,Sepi,Benar,33.21
S3,1.mp4,45.50,3,0,0,0,3,0.00%,0.00%,Sepi,Sepi,Benar,32.34
S3,1.mp4,45.67,3,0,0,0,3,0.00%,0.00%,Sepi,Sepi,Benar,31.11
S3,1.mp4,45.83,3,0,0,0,3,0.00%,0.00%,Sepi,Sepi,Benar,33.55
S3,1.mp4,46.00,3,0,0,0,3,0.00%,0.00%,Sepi,Sepi,Benar,31.87
S3,1.mp4,46.17,3,1,1,0,2,100.00%,33.33%,Sepi,Sepi,Benar,34.83
S3,1.mp4,46.33,3,1,1,0,2,100.00%,33.33%,Sepi,Sepi,Benar,33.44
S3,1.mp4,46.50,3,1,1,0,2,100.00%,33.33%,Sepi,Sepi,Benar,33.88
S3,1.mp4,46.67,3,1,1,0,2,100.00%,33.33%,Sepi,Sepi,Benar,34.72
S3,1.mp4,46.83,3,1,1,0,2,100.00%,33.33%,Sepi,Sepi,Benar,34.60
S3,1.mp4,47.00,3,1,1,0,2,100.00%,33.33%,Sepi,Sepi,Benar,34.85
S3,1.mp4,47.17,3,1,1,0,2,100.00%,33.33%,Sepi,Sepi,Benar,33.94
S3,1.mp4,47.33,3,0,0,0,3,0.00%,0.00%,Sepi,Sepi,Benar,31.05
S3,1.mp4,47.50,3,1,1,0,2,100.00%,33.33%,Sepi,Sepi,Benar,34.26
S3,1.mp4,47.67,3,1,1,0,2,100.00%,33.33%,Sepi,Sepi,Benar,33.76
S3,1.mp4,47.83,3,1,1,0,2,100.00%,33.33%,Sepi,Sepi,Benar,35.82
S3,1.mp4,48.00,3,1,1,0,2,100.00%,33.33%,Sepi,Sepi,Benar,33.34
S3,1.mp4,48.17,3,1,1,0,2,100.00%,33.33%,Sepi,Sepi,Benar,33.23
S3,1.mp4,48.33,3,2,2,0,1,100.00%,66.67%,Sepi,Sepi,Benar,33.40
S3,1.mp4,48.50,3,1,1,0,2,100.00%,33.33%,Sepi,Sepi,Benar,34.30
S3,1.mp4,48.67,3,1,1,0,2,100.00%,33.33%,Sepi,Sepi,Benar,34.83
S3,1.mp4,48.83,3,1,1,0,2,100.00%,33.33%,Sepi,Sepi,Benar,35.85
S3,1.mp4,49.00,3,1,1,0,2,100.00%,33.33%,Sepi,Sepi,Benar,33.99
S3,1.mp4,49.17,3,1,1,0,2,100.00%,33.33%,Sepi,Sepi,Benar,33.44
S3,1.mp4,49.33,3,0,0,0,3,0.00%,0.00%,Sepi,Sepi,Benar,31.51
S3,1.mp4,49.50,3,0,0,0,3,0.00%,0.00%,Sepi,Sepi,Benar,31.15
S3,1.mp4,49.67,3,0,0,0,3,0.00%,0.00%,Sepi,Sepi,Benar,31.70
S3,1.mp4,49.83,3,0,0,0,3,0.00%,0.00%,Sepi,Sepi,Benar,31.40
S3,1.mp4,50.00,3,1,1,0,2,100.00%,33.33%,Sepi,Sepi,Benar,34.33
S3,1.mp4,50.17,3,1,1,0,2,100.00%,33.33%,Sepi,Sepi,Benar,34.43
S3,1.mp4,50.33,3,0,0,0,3,0.00%,0.00%,Sepi,Sepi,Benar,31.85
S3,1.mp4,50.50,3,0,0,0,3,0.00%,0.00%,Sepi,Sepi,Benar,32.05
S3,1.mp4,50.67,3,0,0,0,3,0.00%,0.00%,Sepi,Sepi,Benar,31.06
S3,1.mp4,50.83,3,0,0,0,3,0.00%,0.00%,Sepi,Sepi,Benar,32.60
S3,1.mp4,51.00,3,1,1,0,2,100.00%,33.33%,Sepi,Sepi,Benar,34.07
S3,1.mp4,51.17,3,1,1,0,2,100.00%,33.33%,Sepi,Sepi,Benar,34.66
S3,1.mp4,51.33,3,0,0,0,3,0.00%,0.00%,Sepi,Sepi,Benar,32.45
S3,1.mp4,51.50,3,0,0,0,3,0.00%,0.00%,Sepi,Sepi,Benar,31.86
S3,1.mp4,51.67,3,0,0,0,3,0.00%,0.00%,Sepi,Sepi,Benar,32.37
S3,1.mp4,51.83,3,0,0,0,3,0.00%,0.00%,Sepi,Sepi,Benar,32.23
S3,1.mp4,52.00,3,0,0,0,3,0.00%,0.00%,Sepi,Sepi,Benar,30.80
S3,1.mp4,52.17,3,0,0,0,3,0.00%,0.00%,Sepi,Sepi,Benar,30.74
S3,1.mp4,52.33,3,0,0,0,3,0.00%,0.00%,Sepi,Sepi,Benar,31.31
S3,1.mp4,52.50,3,1,1,0,2,100.00%,33.33%,Sepi,Sepi,Benar,33.21
S3,1.mp4,52.67,3,0,0,0,3,0.00%,0.00%,Sepi,Sepi,Benar,31.90
S3,1.mp4,52.83,3,1,1,0,2,100.00%,33.33%,Sepi,Sepi,Benar,35.12
S3,1.mp4,53.00,3,1,1,0,2,100.00%,33.33%,Sepi,Sepi,Benar,32.87
S3,1.mp4,53.17,3,1,1,0,2,100.00%,33.33%,Sepi,Sepi,Benar,34.90
S3,1.mp4,53.33,3,0,0,0,3,0.00%,0.00%,Sepi,Sepi,Benar,31.10
S3,1.mp4,53.50,3,0,0,0,3,0.00%,0.00%,Sepi,Sepi,Benar,30.84
S3,1.mp4,53.67,3,0,0,0,3,0.00%,0.00%,Sepi,Sepi,Benar,33.09
S3,1.mp4,53.83,3,0,0,0,3,0.00%,0.00%,Sepi,Sepi,Benar,32.54
S3,1.mp4,54.00,3,0,0,0,3,0.00%,0.00%,Sepi,Sepi,Benar,31.27
S3,1.mp4,54.17,3,1,1,0,2,100.00%,33.33%,Sepi,Sepi,Benar,34.75
S3,1.mp4,54.33,3,0,0,0,3,0.00%,0.00%,Sepi,Sepi,Benar,33.36
S3,1.mp4,54.50,3,0,0,0,3,0.00%,0.00%,Sepi,Sepi,Benar,31.04
S3,1.mp4,54.67,3,1,1,0,2,100.00%,33.33%,Sepi,Sepi,Benar,32.82
S3,1.mp4,54.83,3,1,1,0,2,100.00%,33.33%,Sepi,Sepi,Benar,35.92
S3,1.mp4,55.00,3,1,1,0,2,100.00%,33.33%,Sepi,Sepi,Benar,33.33
S3,1.mp4,55.17,3,1,1,0,2,100.00%,33.33%,Sepi,Sepi,Benar,33.71
S3,1.mp4,55.33,3,1,1,0,2,100.00%,33.33%,Sepi,Sepi,Benar,35.16
S3,1.mp4,55.50,3,1,1,0,2,100.00%,33.33%,Sepi,Sepi,Benar,33.22
S3,1.mp4,55.67,3,1,1,0,2,100.00%,33.33%,Sepi,Sepi,Benar,32.84
S3,1.mp4,55.83,3,1,1,0,2,100.00%,33.33%,Sepi,Sepi,Benar,34.85
S3,1.mp4,56.00,3,1,1,0,2,100.00%,33.33%,Sepi,Sepi,Benar,32.87
S3,1.mp4,56.17,3,1,1,0,2,100.00%,33.33%,Sepi,Sepi,Benar,33.46
S3,1.mp4,56.33,3,1,1,0,2,100.00%,33.33%,Sepi,Sepi,Benar,33.11
S3,1.mp4,56.50,3,2,2,0,1,100.00%,66.67%,Sepi,Sepi,Benar,33.28
S3,1.mp4,56.67,3,2,2,0,1,100.00%,66.67%,Sepi,Sepi,Benar,35.48
S3,1.mp4,56.83,3,2,2,0,1,100.00%,66.67%,Sepi,Sepi,Benar,34.28
S3,1.mp4,57.00,3,1,1,0,2,100.00%,33.33%,Sepi,Sepi,Benar,35.47
S3,1.mp4,57.17,3,2,2,0,1,100.00%,66.67%,Sepi,Sepi,Benar,33.68
S3,1.mp4,57.33,3,2,2,0,1,100.00%,66.67%,Sepi,Sepi,Benar,33.31
S3,1.mp4,57.50,3,1,1,0,2,100.00%,33.33%,Sepi,Sepi,Benar,33.49
S3,1.mp4,57.67,3,1,1,0,2,100.00%,33.33%,Sepi,Sepi,Benar,33.20
S3,1.mp4,57.83,3,1,1,0,2,100.00%,33.33%,Sepi,Sepi,Benar,34.75
S3,1.mp4,58.00,3,1,1,0,2,100.00%,33.33%,Sepi,Sepi,Benar,36.67
S3,1.mp4,58.17,3,1,1,0,2,100.00%,33.33%,Sepi,Sepi,Benar,34.99
S3,1.mp4,58.33,3,1,1,0,2,100.00%,33.33%,Sepi,Sepi,Benar,33.44
S3,1.mp4,58.50,3,1,1,0,2,100.00%,33.33%,Sepi,Sepi,Benar,33.82
S3,1.mp4,58.67,3,1,1,0,2,100.00%,33.33%,Sepi,Sepi,Benar,34.21
S3,1.mp4,58.83,3,1,1,0,2,100.00%,33.33%,Sepi,Sepi,Benar,32.93
S3,1.mp4,59.00,3,1,1,0,2,100.00%,33.33%,Sepi,Sepi,Benar,33.76
S3,1.mp4,59.17,3,1,1,0,2,100.00%,33.33%,Sepi,Sepi,Benar,33.69
S3,1.mp4,59.33,3,1,1,0,2,100.00%,33.33%,Sepi,Sepi,Benar,33.15
S3,1.mp4,59.50,3,1,1,0,2,100.00%,33.33%,Sepi,Sepi,Benar,33.55
S3,1.mp4,59.67,3,1,1,0,2,100.00%,33.33%,Sepi,Sepi,Benar,34.13
S3,2.mp4,0.00,12,3,3,0,9,100.00%,25.00%,Ramai,Sepi,Salah,36.45
S3,2.mp4,0.17,12,3,3,0,9,100.00%,25.00%,Ramai,Sepi,Salah,35.38
S3,2.mp4,0.33,12,2,2,0,10,100.00%,16.67%,Ramai,Sepi,Salah,33.74
S3,2.mp4,0.50,12,2,2,0,10,100.00%,16.67%,Ramai,Sepi,Salah,33.86
S3,2.mp4,0.67,12,3,3,0,9,100.00%,25.00%,Ramai,Sepi,Salah,33.85
S3,2.mp4,0.83,12,2,2,0,10,100.00%,16.67%,Ramai,Sepi,Salah,35.60
S3,2.mp4,1.00,12,4,4,0,8,100.00%,33.33%,Ramai,Sepi,Salah,34.83
S3,2.mp4,1.17,12,3,3,0,9,100.00%,25.00%,Ramai,Sepi,Salah,35.72
S3,2.mp4,1.33,12,4,4,0,8,100.00%,33.33%,Ramai,Sepi,Salah,37.51
S3,2.mp4,1.50,12,1,1,0,11,100.00%,8.33%,Ramai,Sepi,Salah,34.31
S3,2.mp4,1.67,12,4,4,0,8,100.00%,33.33%,Ramai,Sepi,Salah,36.27
S3,2.mp4,1.83,12,3,3,0,9,100.00%,25.00%,Ramai,Sepi,Salah,35.76
S3,2.mp4,2.00,12,5,5,0,7,100.00%,41.67%,Ramai,Sedang,Salah,33.68
S3,2.mp4,2.17,12,6,6,0,6,100.00%,50.00%,Ramai,Sedang,Salah,34.42
S3,2.mp4,2.33,12,4,4,0,8,100.00%,33.33%,Ramai,Sepi,Salah,35.15
S3,2.mp4,2.50,12,4,4,0,8,100.00%,33.33%,Ramai,Sepi,Salah,34.28
S3,2.mp4,2.67,12,5,5,0,7,100.00%,41.67%,Ramai,Sedang,Salah,34.59
S3,2.mp4,2.83,12,4,4,0,8,100.00%,33.33%,Ramai,Sepi,Salah,35.30
S3,2.mp4,3.00,12,4,4,0,8,100.00%,33.33%,Ramai,Sepi,Salah,35.26
S3,2.mp4,3.17,12,5,5,0,7,100.00%,41.67%,Ramai,Sedang,Salah,34.09
S3,2.mp4,3.33,12,5,5,0,7,100.00%,41.67%,Ramai,Sedang,Salah,35.28
S3,2.mp4,3.50,12,4,4,0,8,100.00%,33.33%,Ramai,Sepi,Salah,34.98
S3,2.mp4,3.67,12,4,4,0,8,100.00%,33.33%,Ramai,Sepi,Salah,34.35
S3,2.mp4,3.83,12,3,3,0,9,100.00%,25.00%,Ramai,Sepi,Salah,34.52
S3,2.mp4,4.00,12,3,3,0,9,100.00%,25.00%,Ramai,Sepi,Salah,33.90
S3,2.mp4,4.17,12,4,4,0,8,100.00%,33.33%,Ramai,Sepi,Salah,36.59
S3,2.mp4,4.33,12,4,4,0,8,100.00%,33.33%,Ramai,Sepi,Salah,33.30
S3,2.mp4,4.50,12,3,3,0,9,100.00%,25.00%,Ramai,Sepi,Salah,35.22
S3,2.mp4,4.67,12,3,3,0,9,100.00%,25.00%,Ramai,Sepi,Salah,35.18
S3,2.mp4,4.83,12,4,4,0,8,100.00%,33.33%,Ramai,Sepi,Salah,35.96
S3,2.mp4,5.00,12,4,4,0,8,100.00%,33.33%,Ramai,Sepi,Salah,34.13
S3,2.mp4,5.17,14,3,3,0,11,100.00%,21.43%,Ramai,Sepi,Salah,35.19
S3,2.mp4,5.33,14,4,4,0,10,100.00%,28.57%,Ramai,Sepi,Salah,35.11
S3,2.mp4,5.50,14,5,5,0,9,100.00%,35.71%,Ramai,Sedang,Salah,39.04
S3,2.mp4,5.67,14,5,5,0,9,100.00%,35.71%,Ramai,Sedang,Salah,37.00
S3,2.mp4,5.83,14,5,5,0,9,100.00%,35.71%,Ramai,Sedang,Salah,37.86
S3,2.mp4,6.00,14,5,5,0,9,100.00%,35.71%,Ramai,Sedang,Salah,37.55
S3,2.mp4,6.17,14,5,5,0,9,100.00%,35.71%,Ramai,Sedang,Salah,36.24
S3,2.mp4,6.33,14,6,6,0,8,100.00%,42.86%,Ramai,Sedang,Salah,35.06
S3,2.mp4,6.50,14,4,4,0,10,100.00%,28.57%,Ramai,Sepi,Salah,33.45
S3,2.mp4,6.67,14,5,5,0,9,100.00%,35.71%,Ramai,Sedang,Salah,34.44
S3,2.mp4,6.83,14,4,4,0,10,100.00%,28.57%,Ramai,Sepi,Salah,34.93
S3,2.mp4,7.00,14,5,5,0,9,100.00%,35.71%,Ramai,Sedang,Salah,34.37
S3,2.mp4,7.17,14,4,4,0,10,100.00%,28.57%,Ramai,Sepi,Salah,34.37
S3,2.mp4,7.33,14,6,6,0,8,100.00%,42.86%,Ramai,Sedang,Salah,34.89
S3,2.mp4,7.50,14,7,7,0,7,100.00%,50.00%,Ramai,Sedang,Salah,36.24
S3,2.mp4,7.67,14,6,6,0,8,100.00%,42.86%,Ramai,Sedang,Salah,33.97
S3,2.mp4,7.83,14,5,5,0,9,100.00%,35.71%,Ramai,Sedang,Salah,34.78
S3,2.mp4,8.00,14,5,5,0,9,100.00%,35.71%,Ramai,Sedang,Salah,36.54
S3,2.mp4,8.17,14,4,4,0,10,100.00%,28.57%,Ramai,Sepi,Salah,34.49
S3,2.mp4,8.33,14,4,4,0,10,100.00%,28.57%,Ramai,Sepi,Salah,35.19
S3,2.mp4,8.50,14,4,4,0,10,100.00%,28.57%,Ramai,Sepi,Salah,34.81
S3,2.mp4,8.67,14,4,4,0,10,100.00%,28.57%,Ramai,Sepi,Salah,33.64
S3,2.mp4,8.83,14,4,4,0,10,100.00%,28.57%,Ramai,Sepi,Salah,37.69
S3,2.mp4,9.00,14,5,5,0,9,100.00%,35.71%,Ramai,Sedang,Salah,36.42
S3,2.mp4,9.17,14,5,5,0,9,100.00%,35.71%,Ramai,Sedang,Salah,36.60
S3,2.mp4,9.33,14,6,6,0,8,100.00%,42.86%,Ramai,Sedang,Salah,34.29
S3,2.mp4,9.50,14,5,5,0,9,100.00%,35.71%,Ramai,Sedang,Salah,35.50
S3,2.mp4,9.67,14,4,4,0,10,100.00%,28.57%,Ramai,Sepi,Salah,34.50
S3,2.mp4,9.83,14,5,5,0,9,100.00%,35.71%,Ramai,Sedang,Salah,35.77
S3,2.mp4,10.00,14,6,6,0,8,100.00%,42.86%,Ramai,Sedang,Salah,35.34
S3,2.mp4,10.17,14,5,5,0,9,100.00%,35.71%,Ramai,Sedang,Salah,34.09
S3,2.mp4,10.33,14,4,4,0,10,100.00%,28.57%,Ramai,Sepi,Salah,34.15
S3,2.mp4,10.50,14,4,4,0,10,100.00%,28.57%,Ramai,Sepi,Salah,36.58
S3,2.mp4,10.67,14,3,3,0,11,100.00%,21.43%,Ramai,Sepi,Salah,34.55
S3,2.mp4,10.83,14,4,4,0,10,100.00%,28.57%,Ramai,Sepi,Salah,36.51
S3,2.mp4,11.00,14,3,3,0,11,100.00%,21.43%,Ramai,Sepi,Salah,35.29
S3,2.mp4,11.17,14,3,3,0,11,100.00%,21.43%,Ramai,Sepi,Salah,33.64
S3,2.mp4,11.33,14,3,3,0,11,100.00%,21.43%,Ramai,Sepi,Salah,33.63
S3,2.mp4,11.50,14,4,4,0,10,100.00%,28.57%,Ramai,Sepi,Salah,34.67
S3,2.mp4,11.67,14,4,4,0,10,100.00%,28.57%,Ramai,Sepi,Salah,36.97
S3,2.mp4,11.83,14,5,5,0,9,100.00%,35.71%,Ramai,Sedang,Salah,37.47
S3,2.mp4,12.00,14,3,3,0,11,100.00%,21.43%,Ramai,Sepi,Salah,33.20
S3,2.mp4,12.17,14,4,4,0,10,100.00%,28.57%,Ramai,Sepi,Salah,36.05
S3,2.mp4,12.33,14,4,4,0,10,100.00%,28.57%,Ramai,Sepi,Salah,34.69
S3,2.mp4,12.50,14,4,4,0,10,100.00%,28.57%,Ramai,Sepi,Salah,36.86
S3,2.mp4,12.67,14,4,4,0,10,100.00%,28.57%,Ramai,Sepi,Salah,34.65
S3,2.mp4,12.83,14,5,5,0,9,100.00%,35.71%,Ramai,Sedang,Salah,38.23
S3,2.mp4,13.00,14,6,6,0,8,100.00%,42.86%,Ramai,Sedang,Salah,34.73
S3,2.mp4,13.17,14,4,4,0,10,100.00%,28.57%,Ramai,Sepi,Salah,34.74
S3,2.mp4,13.33,14,4,4,0,10,100.00%,28.57%,Ramai,Sepi,Salah,34.05
S3,2.mp4,13.50,14,4,4,0,10,100.00%,28.57%,Ramai,Sepi,Salah,35.22
S3,2.mp4,13.67,14,5,5,0,9,100.00%,35.71%,Ramai,Sedang,Salah,37.16
S3,2.mp4,13.83,14,4,4,0,10,100.00%,28.57%,Ramai,Sepi,Salah,35.29
S3,2.mp4,14.00,14,4,4,0,10,100.00%,28.57%,Ramai,Sepi,Salah,35.90
S3,2.mp4,14.17,14,2,2,0,12,100.00%,14.29%,Ramai,Sepi,Salah,34.77
S3,2.mp4,14.33,14,2,2,0,12,100.00%,14.29%,Ramai,Sepi,Salah,33.86
S3,2.mp4,14.50,14,4,4,0,10,100.00%,28.57%,Ramai,Sepi,Salah,35.21
S3,2.mp4,14.67,14,3,3,0,11,100.00%,21.43%,Ramai,Sepi,Salah,34.12
S3,2.mp4,14.83,14,4,4,0,10,100.00%,28.57%,Ramai,Sepi,Salah,39.36
S3,2.mp4,15.00,14,4,4,0,10,100.00%,28.57%,Ramai,Sepi,Salah,34.07
S3,2.mp4,15.17,15,4,4,0,11,100.00%,26.67%,Ramai,Sepi,Salah,36.41
S3,2.mp4,15.33,15,4,4,0,11,100.00%,26.67%,Ramai,Sepi,Salah,36.78
S3,2.mp4,15.50,15,3,3,0,12,100.00%,20.00%,Ramai,Sepi,Salah,36.17
S3,2.mp4,15.67,15,4,4,0,11,100.00%,26.67%,Ramai,Sepi,Salah,34.63
S3,2.mp4,15.83,15,3,3,0,12,100.00%,20.00%,Ramai,Sepi,Salah,35.21
S3,2.mp4,16.00,15,4,4,0,11,100.00%,26.67%,Ramai,Sepi,Salah,34.74
S3,2.mp4,16.17,15,2,2,0,13,100.00%,13.33%,Ramai,Sepi,Salah,33.82
S3,2.mp4,16.33,15,2,2,0,13,100.00%,13.33%,Ramai,Sepi,Salah,35.54
S3,2.mp4,16.50,15,3,3,0,12,100.00%,20.00%,Ramai,Sepi,Salah,35.44
S3,2.mp4,16.67,15,6,6,0,9,100.00%,40.00%,Ramai,Sedang,Salah,35.67
S3,2.mp4,16.83,15,4,4,0,11,100.00%,26.67%,Ramai,Sepi,Salah,39.08
S3,2.mp4,17.00,15,3,3,0,12,100.00%,20.00%,Ramai,Sepi,Salah,33.21
S3,2.mp4,17.17,14,3,3,0,11,100.00%,21.43%,Ramai,Sepi,Salah,34.38
S3,2.mp4,17.33,14,3,3,0,11,100.00%,21.43%,Ramai,Sepi,Salah,34.35
S3,2.mp4,17.50,14,4,4,0,10,100.00%,28.57%,Ramai,Sepi,Salah,36.89
S3,2.mp4,17.67,14,4,4,0,10,100.00%,28.57%,Ramai,Sepi,Salah,38.81
S3,2.mp4,17.83,14,1,1,0,13,100.00%,7.14%,Ramai,Sepi,Salah,38.67
S3,2.mp4,18.00,14,1,1,0,13,100.00%,7.14%,Ramai,Sepi,Salah,33.24
S3,2.mp4,18.17,14,2,2,0,12,100.00%,14.29%,Ramai,Sepi,Salah,35.79
S3,2.mp4,18.33,14,2,2,0,12,100.00%,14.29%,Ramai,Sepi,Salah,35.14
S3,2.mp4,18.50,14,3,3,0,11,100.00%,21.43%,Ramai,Sepi,Salah,34.17
S3,2.mp4,18.67,14,5,5,0,9,100.00%,35.71%,Ramai,Sedang,Salah,35.52
S3,2.mp4,18.83,14,3,3,0,11,100.00%,21.43%,Ramai,Sepi,Salah,37.08
S3,2.mp4,19.00,14,2,2,0,12,100.00%,14.29%,Ramai,Sepi,Salah,33.11
S3,2.mp4,19.17,14,3,3,0,11,100.00%,21.43%,Ramai,Sepi,Salah,33.39
S3,2.mp4,19.33,14,2,2,0,12,100.00%,14.29%,Ramai,Sepi,Salah,34.98
S3,2.mp4,19.50,14,3,3,0,11,100.00%,21.43%,Ramai,Sepi,Salah,37.31
S3,2.mp4,19.67,14,4,4,0,10,100.00%,28.57%,Ramai,Sepi,Salah,34.09
S3,2.mp4,19.83,14,3,3,0,11,100.00%,21.43%,Ramai,Sepi,Salah,35.97
S3,2.mp4,20.00,14,5,5,0,9,100.00%,35.71%,Ramai,Sedang,Salah,34.01
S3,2.mp4,20.17,14,5,5,0,9,100.00%,35.71%,Ramai,Sedang,Salah,36.50
S3,2.mp4,20.33,14,3,3,0,11,100.00%,21.43%,Ramai,Sepi,Salah,33.71
S3,2.mp4,20.50,14,3,3,0,11,100.00%,21.43%,Ramai,Sepi,Salah,34.20
S3,2.mp4,20.67,14,5,5,0,9,100.00%,35.71%,Ramai,Sedang,Salah,35.17
S3,2.mp4,20.83,14,2,2,0,12,100.00%,14.29%,Ramai,Sepi,Salah,33.76
S3,2.mp4,21.00,14,4,4,0,10,100.00%,28.57%,Ramai,Sepi,Salah,33.44
S3,2.mp4,21.17,14,2,2,0,12,100.00%,14.29%,Ramai,Sepi,Salah,34.92
S3,2.mp4,21.33,14,2,2,0,12,100.00%,14.29%,Ramai,Sepi,Salah,35.15
S3,2.mp4,21.50,14,1,1,0,13,100.00%,7.14%,Ramai,Sepi,Salah,34.25
S3,2.mp4,21.67,14,1,1,0,13,100.00%,7.14%,Ramai,Sepi,Salah,35.67
S3,2.mp4,21.83,14,1,1,0,13,100.00%,7.14%,Ramai,Sepi,Salah,33.60
S3,2.mp4,22.00,14,2,2,0,12,100.00%,14.29%,Ramai,Sepi,Salah,34.26
S3,2.mp4,22.17,14,1,1,0,13,100.00%,7.14%,Ramai,Sepi,Salah,33.80
S3,2.mp4,22.33,14,1,1,0,13,100.00%,7.14%,Ramai,Sepi,Salah,35.39
S3,2.mp4,22.50,14,1,1,0,13,100.00%,7.14%,Ramai,Sepi,Salah,33.43
S3,2.mp4,22.67,14,0,0,0,14,0.00%,0.00%,Ramai,Sepi,Salah,34.89
S3,2.mp4,22.83,14,2,2,0,12,100.00%,14.29%,Ramai,Sepi,Salah,37.43
S3,2.mp4,23.00,14,1,1,0,13,100.00%,7.14%,Ramai,Sepi,Salah,33.61
S3,2.mp4,23.17,14,0,0,0,14,0.00%,0.00%,Ramai,Sepi,Salah,30.89
S3,2.mp4,23.33,14,1,1,0,13,100.00%,7.14%,Ramai,Sepi,Salah,34.93
S3,2.mp4,23.50,14,2,2,0,12,100.00%,14.29%,Ramai,Sepi,Salah,34.02
S3,2.mp4,23.67,14,3,3,0,11,100.00%,21.43%,Ramai,Sepi,Salah,36.03
S3,2.mp4,23.83,14,3,3,0,11,100.00%,21.43%,Ramai,Sepi,Salah,36.30
S3,2.mp4,24.00,14,2,2,0,12,100.00%,14.29%,Ramai,Sepi,Salah,35.26
S3,2.mp4,24.17,14,2,2,0,12,100.00%,14.29%,Ramai,Sepi,Salah,33.19
S3,2.mp4,24.33,14,2,2,0,12,100.00%,14.29%,Ramai,Sepi,Salah,34.33
S3,2.mp4,24.50,14,2,2,0,12,100.00%,14.29%,Ramai,Sepi,Salah,33.70
S3,2.mp4,24.67,14,2,2,0,12,100.00%,14.29%,Ramai,Sepi,Salah,35.08
S3,2.mp4,24.83,14,2,2,0,12,100.00%,14.29%,Ramai,Sepi,Salah,37.16
S3,2.mp4,25.00,14,3,3,0,11,100.00%,21.43%,Ramai,Sepi,Salah,34.87
S3,2.mp4,25.17,14,4,4,0,10,100.00%,28.57%,Ramai,Sepi,Salah,33.88
S3,2.mp4,25.33,14,4,4,0,10,100.00%,28.57%,Ramai,Sepi,Salah,35.60
S3,2.mp4,25.50,14,4,4,0,10,100.00%,28.57%,Ramai,Sepi,Salah,36.86
S3,2.mp4,25.67,14,3,3,0,11,100.00%,21.43%,Ramai,Sepi,Salah,36.17
S3,2.mp4,25.83,14,3,3,0,11,100.00%,21.43%,Ramai,Sepi,Salah,37.57
S3,2.mp4,26.00,13,3,3,0,10,100.00%,23.08%,Ramai,Sepi,Salah,35.66
S3,2.mp4,26.17,13,4,4,0,9,100.00%,30.77%,Ramai,Sepi,Salah,35.36
S3,2.mp4,26.33,13,4,4,0,9,100.00%,30.77%,Ramai,Sepi,Salah,34.39
S3,2.mp4,26.50,13,4,4,0,9,100.00%,30.77%,Ramai,Sepi,Salah,35.65
S3,2.mp4,26.67,13,3,3,0,10,100.00%,23.08%,Ramai,Sepi,Salah,36.02
S3,2.mp4,26.83,13,3,3,0,10,100.00%,23.08%,Ramai,Sepi,Salah,35.21
S3,2.mp4,27.00,13,4,4,0,9,100.00%,30.77%,Ramai,Sepi,Salah,35.37
S3,2.mp4,27.17,13,4,4,0,9,100.00%,30.77%,Ramai,Sepi,Salah,34.81
S3,2.mp4,27.33,13,4,4,0,9,100.00%,30.77%,Ramai,Sepi,Salah,35.41
S3,2.mp4,27.50,13,4,4,0,9,100.00%,30.77%,Ramai,Sepi,Salah,37.72
S3,2.mp4,27.67,13,4,4,0,9,100.00%,30.77%,Ramai,Sepi,Salah,40.76
S3,2.mp4,27.83,13,4,4,0,9,100.00%,30.77%,Ramai,Sepi,Salah,37.25
S3,2.mp4,28.00,13,4,4,0,9,100.00%,30.77%,Ramai,Sepi,Salah,36.33
S3,2.mp4,28.17,13,3,3,0,10,100.00%,23.08%,Ramai,Sepi,Salah,36.35
S3,2.mp4,28.33,13,1,1,0,12,100.00%,7.69%,Ramai,Sepi,Salah,32.47
S3,2.mp4,28.50,13,1,1,0,12,100.00%,7.69%,Ramai,Sepi,Salah,33.71
S3,2.mp4,28.67,13,2,2,0,11,100.00%,15.38%,Ramai,Sepi,Salah,34.06
S3,2.mp4,28.83,13,3,3,0,10,100.00%,23.08%,Ramai,Sepi,Salah,36.86
S3,2.mp4,29.00,12,3,3,0,9,100.00%,25.00%,Ramai,Sepi,Salah,33.23
S3,2.mp4,29.17,12,3,3,0,9,100.00%,25.00%,Ramai,Sepi,Salah,35.95
S3,2.mp4,29.33,12,3,3,0,9,100.00%,25.00%,Ramai,Sepi,Salah,33.33
S3,2.mp4,29.50,12,3,3,0,9,100.00%,25.00%,Ramai,Sepi,Salah,33.71
S3,2.mp4,29.67,12,2,2,0,10,100.00%,16.67%,Ramai,Sepi,Salah,34.05
S3,2.mp4,29.83,12,1,1,0,11,100.00%,8.33%,Ramai,Sepi,Salah,37.40
S3,2.mp4,30.00,12,3,3,0,9,100.00%,25.00%,Ramai,Sepi,Salah,34.80
S3,2.mp4,30.17,12,3,3,0,9,100.00%,25.00%,Ramai,Sepi,Salah,35.89
S3,2.mp4,30.33,12,3,3,0,9,100.00%,25.00%,Ramai,Sepi,Salah,36.71
S3,2.mp4,30.50,12,0,0,0,12,0.00%,0.00%,Ramai,Sepi,Salah,32.98
S3,2.mp4,30.67,12,2,2,0,10,100.00%,16.67%,Ramai,Sepi,Salah,34.61
S3,2.mp4,30.83,12,2,2,0,10,100.00%,16.67%,Ramai,Sepi,Salah,35.02
S3,2.mp4,31.00,12,2,2,0,10,100.00%,16.67%,Ramai,Sepi,Salah,34.79
S3,2.mp4,31.17,12,3,3,0,9,100.00%,25.00%,Ramai,Sepi,Salah,34.41
S3,2.mp4,31.33,12,2,2,0,10,100.00%,16.67%,Ramai,Sepi,Salah,34.28
S3,2.mp4,31.50,12,2,2,0,10,100.00%,16.67%,Ramai,Sepi,Salah,33.33
S3,2.mp4,31.67,12,2,2,0,10,100.00%,16.67%,Ramai,Sepi,Salah,33.84
S3,2.mp4,31.83,12,1,1,0,11,100.00%,8.33%,Ramai,Sepi,Salah,35.11
S3,2.mp4,32.00,12,0,0,0,12,0.00%,0.00%,Ramai,Sepi,Salah,31.93
S3,2.mp4,32.17,12,0,0,0,12,0.00%,0.00%,Ramai,Sepi,Salah,31.40
S3,2.mp4,32.33,12,0,0,0,12,0.00%,0.00%,Ramai,Sepi,Salah,31.69
S3,2.mp4,32.50,12,1,1,0,11,100.00%,8.33%,Ramai,Sepi,Salah,34.02
S3,2.mp4,32.67,12,0,0,0,12,0.00%,0.00%,Ramai,Sepi,Salah,31.49
S3,2.mp4,32.83,12,0,0,0,12,0.00%,0.00%,Ramai,Sepi,Salah,31.37
S3,2.mp4,33.00,12,1,1,0,11,100.00%,8.33%,Ramai,Sepi,Salah,33.00
S3,2.mp4,33.17,12,3,3,0,9,100.00%,25.00%,Ramai,Sepi,Salah,33.65
S3,2.mp4,33.33,12,2,2,0,10,100.00%,16.67%,Ramai,Sepi,Salah,32.60
S3,2.mp4,33.50,12,3,3,0,9,100.00%,25.00%,Ramai,Sepi,Salah,35.05
S3,2.mp4,33.67,12,3,3,0,9,100.00%,25.00%,Ramai,Sepi,Salah,35.68
S3,2.mp4,33.83,12,3,3,0,9,100.00%,25.00%,Ramai,Sepi,Salah,35.24
S3,2.mp4,34.00,12,2,2,0,10,100.00%,16.67%,Ramai,Sepi,Salah,35.18
S3,2.mp4,34.17,12,2,2,0,10,100.00%,16.67%,Ramai,Sepi,Salah,34.49
S3,2.mp4,34.33,12,2,2,0,10,100.00%,16.67%,Ramai,Sepi,Salah,35.43
S3,2.mp4,34.50,12,2,2,0,10,100.00%,16.67%,Ramai,Sepi,Salah,33.74
S3,2.mp4,34.67,12,1,1,0,11,100.00%,8.33%,Ramai,Sepi,Salah,34.22
S3,2.mp4,34.83,12,1,1,0,11,100.00%,8.33%,Ramai,Sepi,Salah,34.86
S3,2.mp4,35.00,12,1,1,0,11,100.00%,8.33%,Ramai,Sepi,Salah,34.23
S3,2.mp4,35.17,12,1,1,0,11,100.00%,8.33%,Ramai,Sepi,Salah,33.74
S3,2.mp4,35.33,12,0,0,0,12,0.00%,0.00%,Ramai,Sepi,Salah,32.55
S3,2.mp4,35.50,12,0,0,0,12,0.00%,0.00%,Ramai,Sepi,Salah,32.14
S3,2.mp4,35.67,12,0,0,0,12,0.00%,0.00%,Ramai,Sepi,Salah,30.88
S3,2.mp4,35.83,12,1,1,0,11,100.00%,8.33%,Ramai,Sepi,Salah,33.39
S3,2.mp4,36.00,12,1,1,0,11,100.00%,8.33%,Ramai,Sepi,Salah,33.78
S3,2.mp4,36.17,12,2,2,0,10,100.00%,16.67%,Ramai,Sepi,Salah,35.12
S3,2.mp4,36.33,12,2,2,0,10,100.00%,16.67%,Ramai,Sepi,Salah,35.98
S3,2.mp4,36.50,12,2,2,0,10,100.00%,16.67%,Ramai,Sepi,Salah,35.99
S3,2.mp4,36.67,12,3,3,0,9,100.00%,25.00%,Ramai,Sepi,Salah,37.04
S3,2.mp4,36.83,12,2,2,0,10,100.00%,16.67%,Ramai,Sepi,Salah,37.58
S3,2.mp4,37.00,12,2,2,0,10,100.00%,16.67%,Ramai,Sepi,Salah,33.67
S3,2.mp4,37.17,12,2,2,0,10,100.00%,16.67%,Ramai,Sepi,Salah,32.81
S3,2.mp4,37.33,12,2,2,0,10,100.00%,16.67%,Ramai,Sepi,Salah,34.02
S3,2.mp4,37.50,12,2,2,0,10,100.00%,16.67%,Ramai,Sepi,Salah,35.85
S3,2.mp4,37.67,12,2,2,0,10,100.00%,16.67%,Ramai,Sepi,Salah,33.79
S3,2.mp4,37.83,12,1,1,0,11,100.00%,8.33%,Ramai,Sepi,Salah,34.02
S3,2.mp4,38.00,12,1,1,0,11,100.00%,8.33%,Ramai,Sepi,Salah,34.39
S3,2.mp4,38.17,12,1,1,0,11,100.00%,8.33%,Ramai,Sepi,Salah,33.53
S3,2.mp4,38.33,12,0,0,0,12,0.00%,0.00%,Ramai,Sepi,Salah,31.54
S3,2.mp4,38.50,12,1,1,0,11,100.00%,8.33%,Ramai,Sepi,Salah,33.20
S3,2.mp4,38.67,12,1,1,0,11,100.00%,8.33%,Ramai,Sepi,Salah,33.87
S3,2.mp4,38.83,12,0,0,0,12,0.00%,0.00%,Ramai,Sepi,Salah,31.17
S3,2.mp4,39.00,12,1,1,0,11,100.00%,8.33%,Ramai,Sepi,Salah,33.90
S3,2.mp4,39.17,12,2,2,0,10,100.00%,16.67%,Ramai,Sepi,Salah,33.80
S3,2.mp4,39.33,12,1,1,0,11,100.00%,8.33%,Ramai,Sepi,Salah,34.26
S3,2.mp4,39.50,12,2,2,0,10,100.00%,16.67%,Ramai,Sepi,Salah,33.47
S3,2.mp4,39.67,12,1,1,0,11,100.00%,8.33%,Ramai,Sepi,Salah,34.34
S3,2.mp4,39.83,12,1,1,0,11,100.00%,8.33%,Ramai,Sepi,Salah,33.40
S3,2.mp4,40.00,12,3,3,0,9,100.00%,25.00%,Ramai,Sepi,Salah,34.74
S4,1.mp4,0.00,5,2,2,0,3,100.00%,40.00%,Sedang,Sepi,Salah,40.70
S4,1.mp4,0.12,5,2,2,0,3,100.00%,40.00%,Sedang,Sepi,Salah,50.59
S4,1.mp4,0.25,5,2,2,0,3,100.00%,40.00%,Sedang,Sepi,Salah,55.28
S4,1.mp4,0.38,5,2,2,0,3,100.00%,40.00%,Sedang,Sepi,Salah,32.26
S4,1.mp4,0.50,5,2,2,0,3,100.00%,40.00%,Sedang,Sepi,Salah,32.39
S4,1.mp4,0.62,5,2,2,0,3,100.00%,40.00%,Sedang,Sepi,Salah,30.83
S4,1.mp4,0.75,5,2,2,0,3,100.00%,40.00%,Sedang,Sepi,Salah,33.06
S4,1.mp4,0.88,5,2,2,0,3,100.00%,40.00%,Sedang,Sepi,Salah,32.36
S4,1.mp4,1.00,5,2,2,0,3,100.00%,40.00%,Sedang,Sepi,Salah,31.00
S4,1.mp4,1.12,5,2,2,0,3,100.00%,40.00%,Sedang,Sepi,Salah,31.81
S4,1.mp4,1.25,5,2,2,0,3,100.00%,40.00%,Sedang,Sepi,Salah,32.54
S4,1.mp4,1.38,5,3,3,0,2,100.00%,60.00%,Sedang,Sepi,Salah,31.63
S4,1.mp4,1.50,5,2,2,0,3,100.00%,40.00%,Sedang,Sepi,Salah,31.62
S4,1.mp4,1.62,5,1,1,0,4,100.00%,20.00%,Sedang,Sepi,Salah,30.91
S4,1.mp4,1.75,5,3,3,0,2,100.00%,60.00%,Sedang,Sepi,Salah,32.68
S4,1.mp4,1.88,5,4,4,0,1,100.00%,80.00%,Sedang,Sepi,Salah,34.56
S4,1.mp4,2.00,5,4,4,0,1,100.00%,80.00%,Sedang,Sepi,Salah,33.73
S4,1.mp4,2.12,5,4,4,0,1,100.00%,80.00%,Sedang,Sepi,Salah,35.34
S4,1.mp4,2.25,5,4,4,0,1,100.00%,80.00%,Sedang,Sepi,Salah,33.22
S4,1.mp4,2.38,5,4,4,0,1,100.00%,80.00%,Sedang,Sepi,Salah,32.46
S4,1.mp4,2.50,5,3,3,0,2,100.00%,60.00%,Sedang,Sepi,Salah,32.51
S4,1.mp4,2.62,5,3,3,0,2,100.00%,60.00%,Sedang,Sepi,Salah,32.33
S4,1.mp4,2.75,5,4,4,0,1,100.00%,80.00%,Sedang,Sepi,Salah,34.18
S4,1.mp4,2.88,5,4,4,0,1,100.00%,80.00%,Sedang,Sepi,Salah,34.53
S4,1.mp4,3.00,5,4,4,0,1,100.00%,80.00%,Sedang,Sepi,Salah,35.02
S4,1.mp4,3.12,5,4,4,0,1,100.00%,80.00%,Sedang,Sepi,Salah,32.59
S4,1.mp4,3.25,5,4,4,0,1,100.00%,80.00%,Sedang,Sepi,Salah,33.74
S4,1.mp4,3.38,5,3,3,0,2,100.00%,60.00%,Sedang,Sepi,Salah,32.15
S4,1.mp4,3.50,5,4,4,0,1,100.00%,80.00%,Sedang,Sepi,Salah,34.75
S4,1.mp4,3.62,5,3,3,0,2,100.00%,60.00%,Sedang,Sepi,Salah,32.73
S4,1.mp4,3.75,5,4,4,0,1,100.00%,80.00%,Sedang,Sepi,Salah,33.35
S4,1.mp4,3.88,5,3,3,0,2,100.00%,60.00%,Sedang,Sepi,Salah,34.12
S4,1.mp4,4.00,5,3,3,0,2,100.00%,60.00%,Sedang,Sepi,Salah,33.41
S4,1.mp4,4.12,5,3,3,0,2,100.00%,60.00%,Sedang,Sepi,Salah,32.81
S4,1.mp4,4.25,5,3,3,0,2,100.00%,60.00%,Sedang,Sepi,Salah,33.27
S4,1.mp4,4.38,5,3,3,0,2,100.00%,60.00%,Sedang,Sepi,Salah,33.03
S4,1.mp4,4.50,5,3,3,0,2,100.00%,60.00%,Sedang,Sepi,Salah,33.16
S4,1.mp4,4.62,5,3,3,0,2,100.00%,60.00%,Sedang,Sepi,Salah,34.43
S4,1.mp4,4.75,5,3,3,0,2,100.00%,60.00%,Sedang,Sepi,Salah,34.76
S4,1.mp4,4.88,5,3,3,0,2,100.00%,60.00%,Sedang,Sepi,Salah,37.54
S4,1.mp4,5.00,5,4,4,0,1,100.00%,80.00%,Sedang,Sepi,Salah,33.17
S4,1.mp4,5.12,5,3,3,0,2,100.00%,60.00%,Sedang,Sepi,Salah,33.73
S4,1.mp4,5.25,5,3,3,0,2,100.00%,60.00%,Sedang,Sepi,Salah,37.75
S4,1.mp4,5.38,5,3,3,0,2,100.00%,60.00%,Sedang,Sepi,Salah,39.11
S4,1.mp4,5.50,5,3,3,0,2,100.00%,60.00%,Sedang,Sepi,Salah,33.75
S4,1.mp4,5.62,5,2,2,0,3,100.00%,40.00%,Sedang,Sepi,Salah,33.71
S4,1.mp4,5.75,5,3,3,0,2,100.00%,60.00%,Sedang,Sepi,Salah,39.23
S4,1.mp4,5.88,5,3,3,0,2,100.00%,60.00%,Sedang,Sepi,Salah,36.13
S4,1.mp4,6.00,5,3,3,0,2,100.00%,60.00%,Sedang,Sepi,Salah,35.29
S4,1.mp4,6.12,4,4,4,0,0,100.00%,100.00%,Sepi,Sepi,Benar,34.90
S4,1.mp4,6.25,4,3,3,0,1,100.00%,75.00%,Sepi,Sepi,Benar,33.66
S4,1.mp4,6.38,4,3,3,0,1,100.00%,75.00%,Sepi,Sepi,Benar,33.86
S4,1.mp4,6.50,4,3,3,0,1,100.00%,75.00%,Sepi,Sepi,Benar,35.29
S4,1.mp4,6.62,4,2,2,0,2,100.00%,50.00%,Sepi,Sepi,Benar,33.78
S4,1.mp4,6.75,4,2,2,0,2,100.00%,50.00%,Sepi,Sepi,Benar,35.07
S4,1.mp4,6.88,4,2,2,0,2,100.00%,50.00%,Sepi,Sepi,Benar,36.20
S4,1.mp4,7.00,4,2,2,0,2,100.00%,50.00%,Sepi,Sepi,Benar,37.60
S4,1.mp4,7.12,4,2,2,0,2,100.00%,50.00%,Sepi,Sepi,Benar,33.50
S4,1.mp4,7.25,4,2,2,0,2,100.00%,50.00%,Sepi,Sepi,Benar,35.51
S4,1.mp4,7.38,4,2,2,0,2,100.00%,50.00%,Sepi,Sepi,Benar,35.38
S4,1.mp4,7.50,4,2,2,0,2,100.00%,50.00%,Sepi,Sepi,Benar,38.35
S4,1.mp4,7.62,4,2,2,0,2,100.00%,50.00%,Sepi,Sepi,Benar,35.89
S4,1.mp4,7.75,4,2,2,0,2,100.00%,50.00%,Sepi,Sepi,Benar,34.48
S4,1.mp4,7.88,4,2,2,0,2,100.00%,50.00%,Sepi,Sepi,Benar,34.96
S4,1.mp4,8.00,4,2,2,0,2,100.00%,50.00%,Sepi,Sepi,Benar,31.88
S4,1.mp4,8.12,4,2,2,0,2,100.00%,50.00%,Sepi,Sepi,Benar,33.13
S4,1.mp4,8.25,4,2,2,0,2,100.00%,50.00%,Sepi,Sepi,Benar,33.50
S4,1.mp4,8.38,4,2,2,0,2,100.00%,50.00%,Sepi,Sepi,Benar,32.70
S4,1.mp4,8.50,4,2,2,0,2,100.00%,50.00%,Sepi,Sepi,Benar,33.23
S4,1.mp4,8.62,4,2,2,0,2,100.00%,50.00%,Sepi,Sepi,Benar,31.74
S4,1.mp4,8.75,4,2,2,0,2,100.00%,50.00%,Sepi,Sepi,Benar,33.12
S4,1.mp4,8.88,4,2,2,0,2,100.00%,50.00%,Sepi,Sepi,Benar,33.53
S4,1.mp4,9.00,4,2,2,0,2,100.00%,50.00%,Sepi,Sepi,Benar,31.98
S4,1.mp4,9.12,4,2,2,0,2,100.00%,50.00%,Sepi,Sepi,Benar,31.84
S4,1.mp4,9.25,4,2,2,0,2,100.00%,50.00%,Sepi,Sepi,Benar,32.52
S4,1.mp4,9.38,4,2,2,0,2,100.00%,50.00%,Sepi,Sepi,Benar,32.35
S4,1.mp4,9.50,4,2,2,0,2,100.00%,50.00%,Sepi,Sepi,Benar,33.42
S4,1.mp4,9.62,4,2,2,0,2,100.00%,50.00%,Sepi,Sepi,Benar,32.88
S4,1.mp4,9.75,4,2,2,0,2,100.00%,50.00%,Sepi,Sepi,Benar,34.37
S4,1.mp4,9.88,4,2,2,0,2,100.00%,50.00%,Sepi,Sepi,Benar,34.71
S4,1.mp4,10.00,4,2,2,0,2,100.00%,50.00%,Sepi,Sepi,Benar,31.63
S4,1.mp4,10.12,4,3,3,0,1,100.00%,75.00%,Sepi,Sepi,Benar,35.13
S4,1.mp4,10.25,4,2,2,0,2,100.00%,50.00%,Sepi,Sepi,Benar,34.35
S4,1.mp4,10.38,4,3,3,0,1,100.00%,75.00%,Sepi,Sepi,Benar,35.22
S4,1.mp4,10.50,4,3,3,0,1,100.00%,75.00%,Sepi,Sepi,Benar,34.88
S4,1.mp4,10.62,4,2,2,0,2,100.00%,50.00%,Sepi,Sepi,Benar,36.15
S4,1.mp4,10.75,4,2,2,0,2,100.00%,50.00%,Sepi,Sepi,Benar,32.86
S4,1.mp4,10.88,4,3,3,0,1,100.00%,75.00%,Sepi,Sepi,Benar,35.06
S4,1.mp4,11.00,4,3,3,0,1,100.00%,75.00%,Sepi,Sepi,Benar,32.71
S4,1.mp4,11.12,4,3,3,0,1,100.00%,75.00%,Sepi,Sepi,Benar,34.77
S4,1.mp4,11.25,4,3,3,0,1,100.00%,75.00%,Sepi,Sepi,Benar,34.79
S4,1.mp4,11.38,4,3,3,0,1,100.00%,75.00%,Sepi,Sepi,Benar,34.82
S4,1.mp4,11.50,4,3,3,0,1,100.00%,75.00%,Sepi,Sepi,Benar,33.28
S4,1.mp4,11.62,4,3,3,0,1,100.00%,75.00%,Sepi,Sepi,Benar,34.70
S4,1.mp4,11.75,4,3,3,0,1,100.00%,75.00%,Sepi,Sepi,Benar,32.88
S4,1.mp4,11.88,4,4,4,0,0,100.00%,100.00%,Sepi,Sepi,Benar,34.74
S4,1.mp4,12.00,4,4,4,0,0,100.00%,100.00%,Sepi,Sepi,Benar,33.55
S4,1.mp4,12.12,4,3,3,0,1,100.00%,75.00%,Sepi,Sepi,Benar,34.06
S4,1.mp4,12.25,4,3,3,0,1,100.00%,75.00%,Sepi,Sepi,Benar,32.29
S4,1.mp4,12.38,4,3,3,0,1,100.00%,75.00%,Sepi,Sepi,Benar,32.03
S4,1.mp4,12.50,4,3,3,0,1,100.00%,75.00%,Sepi,Sepi,Benar,32.39
S4,1.mp4,12.62,4,3,3,0,1,100.00%,75.00%,Sepi,Sepi,Benar,33.34
S4,1.mp4,12.75,4,3,3,0,1,100.00%,75.00%,Sepi,Sepi,Benar,34.07
S4,1.mp4,12.88,4,4,4,0,0,100.00%,100.00%,Sepi,Sepi,Benar,35.72
S4,1.mp4,13.00,4,3,3,0,1,100.00%,75.00%,Sepi,Sepi,Benar,32.46
S4,1.mp4,13.12,4,3,3,0,1,100.00%,75.00%,Sepi,Sepi,Benar,32.07
S4,1.mp4,13.25,4,3,3,0,1,100.00%,75.00%,Sepi,Sepi,Benar,33.92
S4,1.mp4,13.38,4,3,3,0,1,100.00%,75.00%,Sepi,Sepi,Benar,32.84
S4,1.mp4,13.50,4,3,3,0,1,100.00%,75.00%,Sepi,Sepi,Benar,34.35
S4,1.mp4,13.62,4,3,3,0,1,100.00%,75.00%,Sepi,Sepi,Benar,33.16
S4,1.mp4,13.75,4,3,3,0,1,100.00%,75.00%,Sepi,Sepi,Benar,34.45
S4,1.mp4,13.88,4,3,3,0,1,100.00%,75.00%,Sepi,Sepi,Benar,34.60
S4,1.mp4,14.00,4,4,4,0,0,100.00%,100.00%,Sepi,Sepi,Benar,32.14
S4,1.mp4,14.12,4,4,4,0,0,100.00%,100.00%,Sepi,Sepi,Benar,34.37
S4,1.mp4,14.25,4,4,4,0,0,100.00%,100.00%,Sepi,Sepi,Benar,33.35
S4,1.mp4,14.38,4,3,3,0,1,100.00%,75.00%,Sepi,Sepi,Benar,33.44
S4,1.mp4,14.50,4,3,3,0,1,100.00%,75.00%,Sepi,Sepi,Benar,33.06
S4,1.mp4,14.62,4,3,3,0,1,100.00%,75.00%,Sepi,Sepi,Benar,32.15
S4,1.mp4,14.75,4,3,3,0,1,100.00%,75.00%,Sepi,Sepi,Benar,34.86
S4,1.mp4,14.88,4,3,3,0,1,100.00%,75.00%,Sepi,Sepi,Benar,34.10
S4,1.mp4,15.00,4,3,3,0,1,100.00%,75.00%,Sepi,Sepi,Benar,32.18
S4,1.mp4,15.12,4,3,3,0,1,100.00%,75.00%,Sepi,Sepi,Benar,35.70
S4,1.mp4,15.25,4,3,3,0,1,100.00%,75.00%,Sepi,Sepi,Benar,33.62
S4,1.mp4,15.38,4,3,3,0,1,100.00%,75.00%,Sepi,Sepi,Benar,33.83
S4,1.mp4,15.50,4,3,3,0,1,100.00%,75.00%,Sepi,Sepi,Benar,32.42
S4,1.mp4,15.62,4,3,3,0,1,100.00%,75.00%,Sepi,Sepi,Benar,34.54
S4,1.mp4,15.75,4,3,3,0,1,100.00%,75.00%,Sepi,Sepi,Benar,33.27
S4,1.mp4,15.88,4,3,3,0,1,100.00%,75.00%,Sepi,Sepi,Benar,35.85
S4,1.mp4,16.00,4,3,3,0,1,100.00%,75.00%,Sepi,Sepi,Benar,33.96
S4,1.mp4,16.12,4,3,3,0,1,100.00%,75.00%,Sepi,Sepi,Benar,31.82
S4,1.mp4,16.25,4,4,4,0,0,100.00%,100.00%,Sepi,Sepi,Benar,34.12
S4,1.mp4,16.38,4,4,4,0,0,100.00%,100.00%,Sepi,Sepi,Benar,35.42
S4,1.mp4,16.50,4,3,3,0,1,100.00%,75.00%,Sepi,Sepi,Benar,35.09
S4,1.mp4,16.62,4,3,3,0,1,100.00%,75.00%,Sepi,Sepi,Benar,32.93
S4,1.mp4,16.75,4,3,3,0,1,100.00%,75.00%,Sepi,Sepi,Benar,36.05
S4,1.mp4,16.88,4,3,3,0,1,100.00%,75.00%,Sepi,Sepi,Benar,34.22
S4,1.mp4,17.00,4,3,3,0,1,100.00%,75.00%,Sepi,Sepi,Benar,32.32
S4,1.mp4,17.12,4,3,3,0,1,100.00%,75.00%,Sepi,Sepi,Benar,35.11
S4,1.mp4,17.25,4,4,4,0,0,100.00%,100.00%,Sepi,Sepi,Benar,32.69
S4,1.mp4,17.38,4,4,4,0,0,100.00%,100.00%,Sepi,Sepi,Benar,33.12
S4,1.mp4,17.50,4,4,4,0,0,100.00%,100.00%,Sepi,Sepi,Benar,33.27
S4,1.mp4,17.62,4,4,4,0,0,100.00%,100.00%,Sepi,Sepi,Benar,32.90
S4,1.mp4,17.75,4,3,3,0,1,100.00%,75.00%,Sepi,Sepi,Benar,33.78
S4,1.mp4,17.88,4,3,3,0,1,100.00%,75.00%,Sepi,Sepi,Benar,34.62
S4,1.mp4,18.00,4,3,3,0,1,100.00%,75.00%,Sepi,Sepi,Benar,32.62
S4,1.mp4,18.12,4,3,3,0,1,100.00%,75.00%,Sepi,Sepi,Benar,32.26
S4,1.mp4,18.25,4,4,4,0,0,100.00%,100.00%,Sepi,Sepi,Benar,33.44
S4,1.mp4,18.38,4,4,4,0,0,100.00%,100.00%,Sepi,Sepi,Benar,34.72
S4,1.mp4,18.50,4,3,3,0,1,100.00%,75.00%,Sepi,Sepi,Benar,34.01
S4,1.mp4,18.62,4,3,3,0,1,100.00%,75.00%,Sepi,Sepi,Benar,33.99
S4,1.mp4,18.75,4,3,3,0,1,100.00%,75.00%,Sepi,Sepi,Benar,32.71
S4,1.mp4,18.88,4,4,4,0,0,100.00%,100.00%,Sepi,Sepi,Benar,33.67
S4,1.mp4,19.00,4,3,3,0,1,100.00%,75.00%,Sepi,Sepi,Benar,33.85
S4,1.mp4,19.12,4,4,4,0,0,100.00%,100.00%,Sepi,Sepi,Benar,34.66
S4,1.mp4,19.25,4,4,4,0,0,100.00%,100.00%,Sepi,Sepi,Benar,34.75
S4,1.mp4,19.38,4,3,3,0,1,100.00%,75.00%,Sepi,Sepi,Benar,32.30
S4,1.mp4,19.50,4,3,3,0,1,100.00%,75.00%,Sepi,Sepi,Benar,33.09
S4,1.mp4,19.62,4,4,4,0,0,100.00%,100.00%,Sepi,Sepi,Benar,32.97
S4,1.mp4,19.75,4,4,4,0,0,100.00%,100.00%,Sepi,Sepi,Benar,36.79
S4,1.mp4,19.88,4,3,3,0,1,100.00%,75.00%,Sepi,Sepi,Benar,33.87
S4,1.mp4,20.00,4,2,2,0,2,100.00%,50.00%,Sepi,Sepi,Benar,32.52
S4,1.mp4,20.12,5,4,4,0,1,100.00%,80.00%,Sedang,Sepi,Salah,34.01
S4,1.mp4,20.25,5,4,4,0,1,100.00%,80.00%,Sedang,Sepi,Salah,41.37
S4,1.mp4,20.38,5,3,3,0,2,100.00%,60.00%,Sedang,Sepi,Salah,35.09
S4,1.mp4,20.50,5,4,4,0,1,100.00%,80.00%,Sedang,Sepi,Salah,34.31
S4,1.mp4,20.62,5,4,4,0,1,100.00%,80.00%,Sedang,Sepi,Salah,34.26
S4,1.mp4,20.75,5,4,4,0,1,100.00%,80.00%,Sedang,Sepi,Salah,33.61
S4,1.mp4,20.88,5,4,4,0,1,100.00%,80.00%,Sedang,Sepi,Salah,34.02
S4,1.mp4,21.00,5,4,4,0,1,100.00%,80.00%,Sedang,Sepi,Salah,35.44
S4,1.mp4,21.12,5,4,4,0,1,100.00%,80.00%,Sedang,Sepi,Salah,34.20
S4,1.mp4,21.25,5,4,4,0,1,100.00%,80.00%,Sedang,Sepi,Salah,35.70
S4,1.mp4,21.38,5,3,3,0,2,100.00%,60.00%,Sedang,Sepi,Salah,32.86
S4,1.mp4,21.50,5,3,3,0,2,100.00%,60.00%,Sedang,Sepi,Salah,35.41
S4,1.mp4,21.62,5,3,3,0,2,100.00%,60.00%,Sedang,Sepi,Salah,32.20
S4,1.mp4,21.75,5,3,3,0,2,100.00%,60.00%,Sedang,Sepi,Salah,33.74
S4,1.mp4,21.88,5,3,3,0,2,100.00%,60.00%,Sedang,Sepi,Salah,36.21
S4,1.mp4,22.00,5,3,3,0,2,100.00%,60.00%,Sedang,Sepi,Salah,34.89
S4,1.mp4,22.12,4,3,3,0,1,100.00%,75.00%,Sepi,Sepi,Benar,33.93
S4,1.mp4,22.25,4,3,3,0,1,100.00%,75.00%,Sepi,Sepi,Benar,33.18
S4,1.mp4,22.38,4,3,3,0,1,100.00%,75.00%,Sepi,Sepi,Benar,34.17
S4,1.mp4,22.50,4,2,2,0,2,100.00%,50.00%,Sepi,Sepi,Benar,34.30
S4,1.mp4,22.62,4,3,3,0,1,100.00%,75.00%,Sepi,Sepi,Benar,34.43
S4,1.mp4,22.75,4,3,3,0,1,100.00%,75.00%,Sepi,Sepi,Benar,35.55
S4,1.mp4,22.88,4,3,3,0,1,100.00%,75.00%,Sepi,Sepi,Benar,33.39
S4,1.mp4,23.00,4,3,3,0,1,100.00%,75.00%,Sepi,Sepi,Benar,32.96
S4,1.mp4,23.12,4,3,3,0,1,100.00%,75.00%,Sepi,Sepi,Benar,34.98
S4,1.mp4,23.25,4,3,3,0,1,100.00%,75.00%,Sepi,Sepi,Benar,33.71
S4,1.mp4,23.38,4,3,3,0,1,100.00%,75.00%,Sepi,Sepi,Benar,33.83
S4,1.mp4,23.50,4,2,2,0,2,100.00%,50.00%,Sepi,Sepi,Benar,33.31
S4,1.mp4,23.62,4,2,2,0,2,100.00%,50.00%,Sepi,Sepi,Benar,32.40
S4,1.mp4,23.75,4,2,2,0,2,100.00%,50.00%,Sepi,Sepi,Benar,34.27
S4,1.mp4,23.88,4,2,2,0,2,100.00%,50.00%,Sepi,Sepi,Benar,36.85
S4,1.mp4,24.00,4,2,2,0,2,100.00%,50.00%,Sepi,Sepi,Benar,32.52
S4,1.mp4,24.12,4,2,2,0,2,100.00%,50.00%,Sepi,Sepi,Benar,33.60
S4,1.mp4,24.25,4,2,2,0,2,100.00%,50.00%,Sepi,Sepi,Benar,32.70
S4,1.mp4,24.38,4,2,2,0,2,100.00%,50.00%,Sepi,Sepi,Benar,33.37
S4,1.mp4,24.50,4,2,2,0,2,100.00%,50.00%,Sepi,Sepi,Benar,32.39
S4,1.mp4,24.62,4,2,2,0,2,100.00%,50.00%,Sepi,Sepi,Benar,31.95
S4,1.mp4,24.75,4,2,2,0,2,100.00%,50.00%,Sepi,Sepi,Benar,31.94
S4,1.mp4,24.88,4,2,2,0,2,100.00%,50.00%,Sepi,Sepi,Benar,33.68
S4,1.mp4,25.00,4,1,1,0,3,100.00%,25.00%,Sepi,Sepi,Benar,32.90
S4,1.mp4,25.12,4,1,1,0,3,100.00%,25.00%,Sepi,Sepi,Benar,32.87
S4,1.mp4,25.25,4,2,2,0,2,100.00%,50.00%,Sepi,Sepi,Benar,32.14
S4,1.mp4,25.38,4,2,2,0,2,100.00%,50.00%,Sepi,Sepi,Benar,31.77
S4,1.mp4,25.50,4,2,2,0,2,100.00%,50.00%,Sepi,Sepi,Benar,32.45
S4,1.mp4,25.62,4,2,2,0,2,100.00%,50.00%,Sepi,Sepi,Benar,32.28
S4,1.mp4,25.75,4,2,2,0,2,100.00%,50.00%,Sepi,Sepi,Benar,31.57
S4,1.mp4,25.88,4,2,2,0,2,100.00%,50.00%,Sepi,Sepi,Benar,32.79
S4,1.mp4,26.00,4,2,2,0,2,100.00%,50.00%,Sepi,Sepi,Benar,32.42
S4,1.mp4,26.12,4,2,2,0,2,100.00%,50.00%,Sepi,Sepi,Benar,32.59
S4,1.mp4,26.25,4,2,2,0,2,100.00%,50.00%,Sepi,Sepi,Benar,32.35
S4,1.mp4,26.38,4,2,2,0,2,100.00%,50.00%,Sepi,Sepi,Benar,33.84
S4,1.mp4,26.50,4,2,2,0,2,100.00%,50.00%,Sepi,Sepi,Benar,33.39
S4,1.mp4,26.62,4,2,2,0,2,100.00%,50.00%,Sepi,Sepi,Benar,33.76
S4,1.mp4,26.75,4,2,2,0,2,100.00%,50.00%,Sepi,Sepi,Benar,35.88
S4,1.mp4,26.88,4,2,2,0,2,100.00%,50.00%,Sepi,Sepi,Benar,35.06
S4,1.mp4,27.00,4,2,2,0,2,100.00%,50.00%,Sepi,Sepi,Benar,34.49
S4,1.mp4,27.12,4,1,1,0,3,100.00%,25.00%,Sepi,Sepi,Benar,33.08
S4,1.mp4,27.25,4,2,2,0,2,100.00%,50.00%,Sepi,Sepi,Benar,32.14
S4,1.mp4,27.38,4,2,2,0,2,100.00%,50.00%,Sepi,Sepi,Benar,33.18
S4,1.mp4,27.50,4,2,2,0,2,100.00%,50.00%,Sepi,Sepi,Benar,32.78
S4,1.mp4,27.62,4,2,2,0,2,100.00%,50.00%,Sepi,Sepi,Benar,32.50
S4,1.mp4,27.75,4,2,2,0,2,100.00%,50.00%,Sepi,Sepi,Benar,34.32
S4,1.mp4,27.88,4,2,2,0,2,100.00%,50.00%,Sepi,Sepi,Benar,38.34
S4,1.mp4,28.00,4,2,2,0,2,100.00%,50.00%,Sepi,Sepi,Benar,32.80
S4,1.mp4,28.12,4,2,2,0,2,100.00%,50.00%,Sepi,Sepi,Benar,33.30
S4,1.mp4,28.25,4,1,1,0,3,100.00%,25.00%,Sepi,Sepi,Benar,31.40
S4,1.mp4,28.38,4,2,2,0,2,100.00%,50.00%,Sepi,Sepi,Benar,35.57
S4,1.mp4,28.50,4,1,1,0,3,100.00%,25.00%,Sepi,Sepi,Benar,33.42
S4,1.mp4,28.62,4,1,1,0,3,100.00%,25.00%,Sepi,Sepi,Benar,33.34
S4,1.mp4,28.75,4,2,2,0,2,100.00%,50.00%,Sepi,Sepi,Benar,32.91
S4,1.mp4,28.88,4,0,0,0,4,0.00%,0.00%,Sepi,Sepi,Benar,31.21
S4,1.mp4,29.00,4,1,1,0,3,100.00%,25.00%,Sepi,Sepi,Benar,32.26
S4,1.mp4,29.12,4,2,2,0,2,100.00%,50.00%,Sepi,Sepi,Benar,32.20
S4,1.mp4,29.25,4,1,1,0,3,100.00%,25.00%,Sepi,Sepi,Benar,32.47
S4,1.mp4,29.38,4,1,1,0,3,100.00%,25.00%,Sepi,Sepi,Benar,34.76
S4,1.mp4,29.50,4,1,1,0,3,100.00%,25.00%,Sepi,Sepi,Benar,31.67
S4,1.mp4,29.62,4,2,2,0,2,100.00%,50.00%,Sepi,Sepi,Benar,33.02
S4,1.mp4,29.75,4,2,2,0,2,100.00%,50.00%,Sepi,Sepi,Benar,34.63
S4,1.mp4,29.88,4,1,1,0,3,100.00%,25.00%,Sepi,Sepi,Benar,33.64
S4,1.mp4,30.00,4,1,1,0,3,100.00%,25.00%,Sepi,Sepi,Benar,32.73
S4,1.mp4,30.12,4,1,1,0,3,100.00%,25.00%,Sepi,Sepi,Benar,31.47
S4,1.mp4,30.25,4,2,2,0,2,100.00%,50.00%,Sepi,Sepi,Benar,33.57
S4,1.mp4,30.38,4,2,2,0,2,100.00%,50.00%,Sepi,Sepi,Benar,32.22
S4,1.mp4,30.50,4,2,2,0,2,100.00%,50.00%,Sepi,Sepi,Benar,32.55
S4,1.mp4,30.62,4,3,3,0,1,100.00%,75.00%,Sepi,Sepi,Benar,32.56
S4,1.mp4,30.75,4,3,3,0,1,100.00%,75.00%,Sepi,Sepi,Benar,39.14
S4,1.mp4,30.88,4,2,2,0,2,100.00%,50.00%,Sepi,Sepi,Benar,31.67
S4,1.mp4,31.00,4,2,2,0,2,100.00%,50.00%,Sepi,Sepi,Benar,32.53
S4,1.mp4,31.12,4,3,3,0,1,100.00%,75.00%,Sepi,Sepi,Benar,32.57
S4,1.mp4,31.25,4,2,2,0,2,100.00%,50.00%,Sepi,Sepi,Benar,33.03
S4,1.mp4,31.38,4,2,2,0,2,100.00%,50.00%,Sepi,Sepi,Benar,32.53
S4,1.mp4,31.50,4,3,3,0,1,100.00%,75.00%,Sepi,Sepi,Benar,34.16
S4,1.mp4,31.62,4,2,2,0,2,100.00%,50.00%,Sepi,Sepi,Benar,33.01
S4,1.mp4,31.75,4,2,2,0,2,100.00%,50.00%,Sepi,Sepi,Benar,33.35
S4,1.mp4,31.88,4,2,2,0,2,100.00%,50.00%,Sepi,Sepi,Benar,34.30
S4,1.mp4,32.00,4,2,2,0,2,100.00%,50.00%,Sepi,Sepi,Benar,31.42
S4,1.mp4,32.12,3,1,1,0,2,100.00%,33.33%,Sepi,Sepi,Benar,32.24
S4,1.mp4,32.25,3,3,3,0,0,100.00%,100.00%,Sepi,Sepi,Benar,31.44
S4,1.mp4,32.38,3,2,2,0,1,100.00%,66.67%,Sepi,Sepi,Benar,34.04
S4,1.mp4,32.50,3,2,2,0,1,100.00%,66.67%,Sepi,Sepi,Benar,33.40
S4,1.mp4,32.62,3,1,1,0,2,100.00%,33.33%,Sepi,Sepi,Benar,33.22
S4,1.mp4,32.75,3,1,1,0,2,100.00%,33.33%,Sepi,Sepi,Benar,34.56
S4,1.mp4,32.88,3,2,2,0,1,100.00%,66.67%,Sepi,Sepi,Benar,33.78
S4,1.mp4,33.00,3,1,1,0,2,100.00%,33.33%,Sepi,Sepi,Benar,33.47
S4,1.mp4,33.12,3,1,1,0,2,100.00%,33.33%,Sepi,Sepi,Benar,32.31
S4,1.mp4,33.25,3,1,1,0,2,100.00%,33.33%,Sepi,Sepi,Benar,31.82
S4,1.mp4,33.38,3,1,1,0,2,100.00%,33.33%,Sepi,Sepi,Benar,32.15
S4,1.mp4,33.50,3,1,1,0,2,100.00%,33.33%,Sepi,Sepi,Benar,33.03
S4,1.mp4,33.62,3,1,1,0,2,100.00%,33.33%,Sepi,Sepi,Benar,32.75
S4,1.mp4,33.75,3,1,1,0,2,100.00%,33.33%,Sepi,Sepi,Benar,34.53
S4,1.mp4,33.88,3,1,1,0,2,100.00%,33.33%,Sepi,Sepi,Benar,33.73
S4,1.mp4,34.00,3,2,2,0,1,100.00%,66.67%,Sepi,Sepi,Benar,33.61
S4,1.mp4,34.12,3,1,1,0,2,100.00%,33.33%,Sepi,Sepi,Benar,34.09
S4,1.mp4,34.25,3,1,1,0,2,100.00%,33.33%,Sepi,Sepi,Benar,33.73
S4,1.mp4,34.38,3,1,1,0,2,100.00%,33.33%,Sepi,Sepi,Benar,32.87
S4,1.mp4,34.50,3,2,2,0,1,100.00%,66.67%,Sepi,Sepi,Benar,32.31
S4,1.mp4,34.62,3,1,1,0,2,100.00%,33.33%,Sepi,Sepi,Benar,32.77
S4,1.mp4,34.75,3,1,1,0,2,100.00%,33.33%,Sepi,Sepi,Benar,36.52
S4,1.mp4,34.88,3,1,1,0,2,100.00%,33.33%,Sepi,Sepi,Benar,34.48
S4,1.mp4,35.00,3,2,2,0,1,100.00%,66.67%,Sepi,Sepi,Benar,36.01
S4,1.mp4,35.12,3,2,2,0,1,100.00%,66.67%,Sepi,Sepi,Benar,34.52
S4,1.mp4,35.25,3,2,2,0,1,100.00%,66.67%,Sepi,Sepi,Benar,32.69
S4,1.mp4,35.38,3,2,2,0,1,100.00%,66.67%,Sepi,Sepi,Benar,32.46
S4,1.mp4,35.50,3,2,2,0,1,100.00%,66.67%,Sepi,Sepi,Benar,32.27
S4,1.mp4,35.62,3,2,2,0,1,100.00%,66.67%,Sepi,Sepi,Benar,32.06
S4,1.mp4,35.75,3,2,2,0,1,100.00%,66.67%,Sepi,Sepi,Benar,32.65
S4,1.mp4,35.88,3,2,2,0,1,100.00%,66.67%,Sepi,Sepi,Benar,34.42
S4,1.mp4,36.00,3,2,2,0,1,100.00%,66.67%,Sepi,Sepi,Benar,32.62
S4,1.mp4,36.12,3,2,2,0,1,100.00%,66.67%,Sepi,Sepi,Benar,31.60
S4,1.mp4,36.25,3,2,2,0,1,100.00%,66.67%,Sepi,Sepi,Benar,31.90
S4,1.mp4,36.38,3,2,2,0,1,100.00%,66.67%,Sepi,Sepi,Benar,32.46
S4,1.mp4,36.50,3,2,2,0,1,100.00%,66.67%,Sepi,Sepi,Benar,33.35
S4,1.mp4,36.62,3,2,2,0,1,100.00%,66.67%,Sepi,Sepi,Benar,33.83
S4,1.mp4,36.75,3,1,1,0,2,100.00%,33.33%,Sepi,Sepi,Benar,33.72
S4,1.mp4,36.88,3,2,2,0,1,100.00%,66.67%,Sepi,Sepi,Benar,36.20
S4,1.mp4,37.00,3,2,2,0,1,100.00%,66.67%,Sepi,Sepi,Benar,32.36
S4,1.mp4,37.12,3,2,2,0,1,100.00%,66.67%,Sepi,Sepi,Benar,32.60
S4,1.mp4,37.25,3,1,1,0,2,100.00%,33.33%,Sepi,Sepi,Benar,34.21
S4,1.mp4,37.38,3,1,1,0,2,100.00%,33.33%,Sepi,Sepi,Benar,32.32
S4,1.mp4,37.50,3,1,1,0,2,100.00%,33.33%,Sepi,Sepi,Benar,33.79
S4,1.mp4,37.62,3,1,1,0,2,100.00%,33.33%,Sepi,Sepi,Benar,32.07
S4,1.mp4,37.75,3,1,1,0,2,100.00%,33.33%,Sepi,Sepi,Benar,31.69
S4,1.mp4,37.88,3,2,2,0,1,100.00%,66.67%,Sepi,Sepi,Benar,33.73
S4,1.mp4,38.00,3,1,1,0,2,100.00%,33.33%,Sepi,Sepi,Benar,31.99
S4,1.mp4,38.12,3,2,2,0,1,100.00%,66.67%,Sepi,Sepi,Benar,32.44
S4,1.mp4,38.25,3,2,2,0,1,100.00%,66.67%,Sepi,Sepi,Benar,34.17
S4,1.mp4,38.38,3,3,3,0,0,100.00%,100.00%,Sepi,Sepi,Benar,33.39
S4,1.mp4,38.50,3,2,2,0,1,100.00%,66.67%,Sepi,Sepi,Benar,32.23
S4,1.mp4,38.62,3,3,3,0,0,100.00%,100.00%,Sepi,Sepi,Benar,34.70
S4,1.mp4,38.75,3,2,2,0,1,100.00%,66.67%,Sepi,Sepi,Benar,32.64
S4,1.mp4,38.88,3,2,2,0,1,100.00%,66.67%,Sepi,Sepi,Benar,33.16
S4,1.mp4,39.00,3,2,2,0,1,100.00%,66.67%,Sepi,Sepi,Benar,31.90
S4,1.mp4,39.12,3,2,2,0,1,100.00%,66.67%,Sepi,Sepi,Benar,31.36
S4,1.mp4,39.25,3,2,2,0,1,100.00%,66.67%,Sepi,Sepi,Benar,38.96
S4,1.mp4,39.38,3,1,1,0,2,100.00%,33.33%,Sepi,Sepi,Benar,32.86
S4,1.mp4,39.50,3,2,2,0,1,100.00%,66.67%,Sepi,Sepi,Benar,34.39
S4,1.mp4,39.62,3,2,2,0,1,100.00%,66.67%,Sepi,Sepi,Benar,32.66
S4,1.mp4,39.75,3,2,2,0,1,100.00%,66.67%,Sepi,Sepi,Benar,32.27
S4,1.mp4,39.88,3,2,2,0,1,100.00%,66.67%,Sepi,Sepi,Benar,34.59
S4,1.mp4,40.00,3,2,2,0,1,100.00%,66.67%,Sepi,Sepi,Benar,34.41
S4,1.mp4,40.12,3,3,3,0,0,100.00%,100.00%,Sepi,Sepi,Benar,32.21
S4,1.mp4,40.25,3,3,3,0,0,100.00%,100.00%,Sepi,Sepi,Benar,32.81
S4,1.mp4,40.38,3,1,1,0,2,100.00%,33.33%,Sepi,Sepi,Benar,33.81
S4,1.mp4,40.50,3,2,2,0,1,100.00%,66.67%,Sepi,Sepi,Benar,34.51
S4,1.mp4,40.62,3,1,1,0,2,100.00%,33.33%,Sepi,Sepi,Benar,33.47
S4,1.mp4,40.75,3,2,2,0,1,100.00%,66.67%,Sepi,Sepi,Benar,33.29
S4,1.mp4,40.88,3,1,1,0,2,100.00%,33.33%,Sepi,Sepi,Benar,33.71
S4,1.mp4,41.00,3,2,2,0,1,100.00%,66.67%,Sepi,Sepi,Benar,31.78
S4,1.mp4,41.12,3,2,2,0,1,100.00%,66.67%,Sepi,Sepi,Benar,32.44
S4,1.mp4,41.25,3,2,2,0,1,100.00%,66.67%,Sepi,Sepi,Benar,32.09
S4,1.mp4,41.38,3,2,2,0,1,100.00%,66.67%,Sepi,Sepi,Benar,32.31
S4,1.mp4,41.50,3,2,2,0,1,100.00%,66.67%,Sepi,Sepi,Benar,31.26
S4,1.mp4,41.62,3,2,2,0,1,100.00%,66.67%,Sepi,Sepi,Benar,36.61
S4,1.mp4,41.75,3,1,1,0,2,100.00%,33.33%,Sepi,Sepi,Benar,33.58
S4,1.mp4,41.88,3,3,3,0,0,100.00%,100.00%,Sepi,Sepi,Benar,34.27
S4,1.mp4,42.00,3,2,2,0,1,100.00%,66.67%,Sepi,Sepi,Benar,32.51
S4,1.mp4,42.12,3,2,2,0,1,100.00%,66.67%,Sepi,Sepi,Benar,32.06
S4,1.mp4,42.25,3,2,2,0,1,100.00%,66.67%,Sepi,Sepi,Benar,32.01
S4,1.mp4,42.38,3,2,2,0,1,100.00%,66.67%,Sepi,Sepi,Benar,32.28
S4,1.mp4,42.50,3,1,1,0,2,100.00%,33.33%,Sepi,Sepi,Benar,34.13
S4,1.mp4,42.62,3,1,1,0,2,100.00%,33.33%,Sepi,Sepi,Benar,33.96
S4,1.mp4,42.75,3,2,2,0,1,100.00%,66.67%,Sepi,Sepi,Benar,34.32
S4,1.mp4,42.88,3,3,3,0,0,100.00%,100.00%,Sepi,Sepi,Benar,33.83
S4,1.mp4,43.00,3,3,3,0,0,100.00%,100.00%,Sepi,Sepi,Benar,32.65
S4,1.mp4,43.12,3,3,3,0,0,100.00%,100.00%,Sepi,Sepi,Benar,34.73
S4,1.mp4,43.25,3,2,2,0,1,100.00%,66.67%,Sepi,Sepi,Benar,33.00
S4,1.mp4,43.38,3,1,1,0,2,100.00%,33.33%,Sepi,Sepi,Benar,32.14
S4,1.mp4,43.50,3,2,2,0,1,100.00%,66.67%,Sepi,Sepi,Benar,34.22
S4,1.mp4,43.62,3,0,0,0,3,0.00%,0.00%,Sepi,Sepi,Benar,30.62
S4,1.mp4,43.75,3,1,1,0,2,100.00%,33.33%,Sepi,Sepi,Benar,31.61
S4,1.mp4,43.88,3,3,3,0,0,100.00%,100.00%,Sepi,Sepi,Benar,34.05
S4,1.mp4,44.00,3,0,0,0,3,0.00%,0.00%,Sepi,Sepi,Benar,29.63
S4,1.mp4,44.12,3,0,0,0,3,0.00%,0.00%,Sepi,Sepi,Benar,30.11
S4,1.mp4,44.25,3,0,0,0,3,0.00%,0.00%,Sepi,Sepi,Benar,31.16
S4,1.mp4,44.38,3,0,0,0,3,0.00%,0.00%,Sepi,Sepi,Benar,31.29
S4,1.mp4,44.50,3,1,1,0,2,100.00%,33.33%,Sepi,Sepi,Benar,34.00
S4,1.mp4,44.62,3,1,1,0,2,100.00%,33.33%,Sepi,Sepi,Benar,32.10
S4,1.mp4,44.75,3,1,1,0,2,100.00%,33.33%,Sepi,Sepi,Benar,32.33
S4,1.mp4,44.88,3,1,1,0,2,100.00%,33.33%,Sepi,Sepi,Benar,32.82
S4,1.mp4,45.00,3,1,1,0,2,100.00%,33.33%,Sepi,Sepi,Benar,32.01
S4,1.mp4,45.12,3,2,2,0,1,100.00%,66.67%,Sepi,Sepi,Benar,32.68
S4,1.mp4,45.25,3,2,2,0,1,100.00%,66.67%,Sepi,Sepi,Benar,32.63
S4,1.mp4,45.38,3,1,1,0,2,100.00%,33.33%,Sepi,Sepi,Benar,33.23
S4,1.mp4,45.50,3,0,0,0,3,0.00%,0.00%,Sepi,Sepi,Benar,30.60
S4,1.mp4,45.62,3,0,0,0,3,0.00%,0.00%,Sepi,Sepi,Benar,30.04
S4,1.mp4,45.75,3,0,0,0,3,0.00%,0.00%,Sepi,Sepi,Benar,30.07
S4,1.mp4,45.88,3,1,1,0,2,100.00%,33.33%,Sepi,Sepi,Benar,33.23
S4,1.mp4,46.00,3,0,0,0,3,0.00%,0.00%,Sepi,Sepi,Benar,29.13
S4,1.mp4,46.12,3,0,0,0,3,0.00%,0.00%,Sepi,Sepi,Benar,30.23
S4,1.mp4,46.25,3,1,1,0,2,100.00%,33.33%,Sepi,Sepi,Benar,32.22
S4,1.mp4,46.38,3,1,1,0,2,100.00%,33.33%,Sepi,Sepi,Benar,32.89
S4,1.mp4,46.50,3,1,1,0,2,100.00%,33.33%,Sepi,Sepi,Benar,31.58
S4,1.mp4,46.62,3,1,1,0,2,100.00%,33.33%,Sepi,Sepi,Benar,32.85
S4,1.mp4,46.75,3,1,1,0,2,100.00%,33.33%,Sepi,Sepi,Benar,34.90
S4,1.mp4,46.88,3,1,1,0,2,100.00%,33.33%,Sepi,Sepi,Benar,32.80
S4,1.mp4,47.00,3,1,1,0,2,100.00%,33.33%,Sepi,Sepi,Benar,32.29
S4,1.mp4,47.12,3,1,1,0,2,100.00%,33.33%,Sepi,Sepi,Benar,32.15
S4,1.mp4,47.25,3,1,1,0,2,100.00%,33.33%,Sepi,Sepi,Benar,32.86
S4,1.mp4,47.38,3,0,0,0,3,0.00%,0.00%,Sepi,Sepi,Benar,29.43
S4,1.mp4,47.50,3,1,1,0,2,100.00%,33.33%,Sepi,Sepi,Benar,33.31
S4,1.mp4,47.62,3,1,1,0,2,100.00%,33.33%,Sepi,Sepi,Benar,32.24
S4,1.mp4,47.75,3,1,1,0,2,100.00%,33.33%,Sepi,Sepi,Benar,33.35
S4,1.mp4,47.88,3,1,1,0,2,100.00%,33.33%,Sepi,Sepi,Benar,34.99
S4,1.mp4,48.00,3,1,1,0,2,100.00%,33.33%,Sepi,Sepi,Benar,33.57
S4,1.mp4,48.12,3,1,1,0,2,100.00%,33.33%,Sepi,Sepi,Benar,34.27
S4,1.mp4,48.25,3,1,1,0,2,100.00%,33.33%,Sepi,Sepi,Benar,34.19
S4,1.mp4,48.38,3,1,1,0,2,100.00%,33.33%,Sepi,Sepi,Benar,32.09
S4,1.mp4,48.50,3,1,1,0,2,100.00%,33.33%,Sepi,Sepi,Benar,34.24
S4,1.mp4,48.62,3,1,1,0,2,100.00%,33.33%,Sepi,Sepi,Benar,33.70
S4,1.mp4,48.75,3,1,1,0,2,100.00%,33.33%,Sepi,Sepi,Benar,33.86
S4,1.mp4,48.88,3,1,1,0,2,100.00%,33.33%,Sepi,Sepi,Benar,34.86
S4,1.mp4,49.00,3,0,0,0,3,0.00%,0.00%,Sepi,Sepi,Benar,31.02
S4,1.mp4,49.12,3,0,0,0,3,0.00%,0.00%,Sepi,Sepi,Benar,30.47
S4,1.mp4,49.25,3,0,0,0,3,0.00%,0.00%,Sepi,Sepi,Benar,30.99
S4,1.mp4,49.38,3,1,1,0,2,100.00%,33.33%,Sepi,Sepi,Benar,33.11
S4,1.mp4,49.50,3,0,0,0,3,0.00%,0.00%,Sepi,Sepi,Benar,30.74
S4,1.mp4,49.62,3,0,0,0,3,0.00%,0.00%,Sepi,Sepi,Benar,30.98
S4,1.mp4,49.75,3,0,0,0,3,0.00%,0.00%,Sepi,Sepi,Benar,30.92
S4,1.mp4,49.88,3,0,0,0,3,0.00%,0.00%,Sepi,Sepi,Benar,31.46
S4,1.mp4,50.00,3,0,0,0,3,0.00%,0.00%,Sepi,Sepi,Benar,29.98
S4,1.mp4,50.12,3,0,0,0,3,0.00%,0.00%,Sepi,Sepi,Benar,29.94
S4,1.mp4,50.25,3,0,0,0,3,0.00%,0.00%,Sepi,Sepi,Benar,29.35
S4,1.mp4,50.38,3,0,0,0,3,0.00%,0.00%,Sepi,Sepi,Benar,29.49
S4,1.mp4,50.50,3,0,0,0,3,0.00%,0.00%,Sepi,Sepi,Benar,31.15
S4,1.mp4,50.62,3,0,0,0,3,0.00%,0.00%,Sepi,Sepi,Benar,31.17
S4,1.mp4,50.75,3,0,0,0,3,0.00%,0.00%,Sepi,Sepi,Benar,30.50
S4,1.mp4,50.88,3,0,0,0,3,0.00%,0.00%,Sepi,Sepi,Benar,30.14
S4,1.mp4,51.00,3,0,0,0,3,0.00%,0.00%,Sepi,Sepi,Benar,29.27
S4,1.mp4,51.12,3,0,0,0,3,0.00%,0.00%,Sepi,Sepi,Benar,29.90
S4,1.mp4,51.25,3,2,2,0,1,100.00%,66.67%,Sepi,Sepi,Benar,32.20
S4,1.mp4,51.38,3,1,1,0,2,100.00%,33.33%,Sepi,Sepi,Benar,32.30
S4,1.mp4,51.50,3,0,0,0,3,0.00%,0.00%,Sepi,Sepi,Benar,30.10
S4,1.mp4,51.62,3,0,0,0,3,0.00%,0.00%,Sepi,Sepi,Benar,29.79
S4,1.mp4,51.75,3,0,0,0,3,0.00%,0.00%,Sepi,Sepi,Benar,30.78
S4,1.mp4,51.88,3,0,0,0,3,0.00%,0.00%,Sepi,Sepi,Benar,31.52
S4,1.mp4,52.00,3,0,0,0,3,0.00%,0.00%,Sepi,Sepi,Benar,30.80
S4,1.mp4,52.12,3,0,0,0,3,0.00%,0.00%,Sepi,Sepi,Benar,31.17
S4,1.mp4,52.25,3,0,0,0,3,0.00%,0.00%,Sepi,Sepi,Benar,30.31
S4,1.mp4,52.38,3,1,1,0,2,100.00%,33.33%,Sepi,Sepi,Benar,33.46
S4,1.mp4,52.50,3,1,1,0,2,100.00%,33.33%,Sepi,Sepi,Benar,32.09
S4,1.mp4,52.62,3,0,0,0,3,0.00%,0.00%,Sepi,Sepi,Benar,29.98
S4,1.mp4,52.75,3,0,0,0,3,0.00%,0.00%,Sepi,Sepi,Benar,32.61
S4,1.mp4,52.88,3,2,2,0,1,100.00%,66.67%,Sepi,Sepi,Benar,32.51
S4,1.mp4,53.00,3,1,1,0,2,100.00%,33.33%,Sepi,Sepi,Benar,31.18
S4,1.mp4,53.12,3,1,1,0,2,100.00%,33.33%,Sepi,Sepi,Benar,32.11
S4,1.mp4,53.25,3,0,0,0,3,0.00%,0.00%,Sepi,Sepi,Benar,32.55
S4,1.mp4,53.38,3,1,1,0,2,100.00%,33.33%,Sepi,Sepi,Benar,33.40
S4,1.mp4,53.50,3,0,0,0,3,0.00%,0.00%,Sepi,Sepi,Benar,29.74
S4,1.mp4,53.62,3,0,0,0,3,0.00%,0.00%,Sepi,Sepi,Benar,29.37
S4,1.mp4,53.75,3,0,0,0,3,0.00%,0.00%,Sepi,Sepi,Benar,30.11
S4,1.mp4,53.88,3,0,0,0,3,0.00%,0.00%,Sepi,Sepi,Benar,30.54
S4,1.mp4,54.00,3,0,0,0,3,0.00%,0.00%,Sepi,Sepi,Benar,29.07
S4,1.mp4,54.12,3,0,0,0,3,0.00%,0.00%,Sepi,Sepi,Benar,29.73
S4,1.mp4,54.25,3,0,0,0,3,0.00%,0.00%,Sepi,Sepi,Benar,29.40
S4,1.mp4,54.38,3,0,0,0,3,0.00%,0.00%,Sepi,Sepi,Benar,29.83
S4,1.mp4,54.50,3,1,1,0,2,100.00%,33.33%,Sepi,Sepi,Benar,35.24
S4,1.mp4,54.62,3,1,1,0,2,100.00%,33.33%,Sepi,Sepi,Benar,33.22
S4,1.mp4,54.75,3,1,1,0,2,100.00%,33.33%,Sepi,Sepi,Benar,33.50
S4,1.mp4,54.88,3,1,1,0,2,100.00%,33.33%,Sepi,Sepi,Benar,33.95
S4,1.mp4,55.00,3,1,1,0,2,100.00%,33.33%,Sepi,Sepi,Benar,31.91
S4,1.mp4,55.12,3,1,1,0,2,100.00%,33.33%,Sepi,Sepi,Benar,31.05
S4,1.mp4,55.25,3,1,1,0,2,100.00%,33.33%,Sepi,Sepi,Benar,32.84
S4,1.mp4,55.38,3,1,1,0,2,100.00%,33.33%,Sepi,Sepi,Benar,32.88
S4,1.mp4,55.50,3,1,1,0,2,100.00%,33.33%,Sepi,Sepi,Benar,32.51
S4,1.mp4,55.62,3,1,1,0,2,100.00%,33.33%,Sepi,Sepi,Benar,31.76
S4,1.mp4,55.75,3,2,2,0,1,100.00%,66.67%,Sepi,Sepi,Benar,34.92
S4,1.mp4,55.88,3,1,1,0,2,100.00%,33.33%,Sepi,Sepi,Benar,33.40
S4,1.mp4,56.00,3,1,1,0,2,100.00%,33.33%,Sepi,Sepi,Benar,31.38
S4,1.mp4,56.12,3,1,1,0,2,100.00%,33.33%,Sepi,Sepi,Benar,32.07
S4,1.mp4,56.25,3,0,0,0,3,0.00%,0.00%,Sepi,Sepi,Benar,29.05
S4,1.mp4,56.38,3,0,0,0,3,0.00%,0.00%,Sepi,Sepi,Benar,30.48
S4,1.mp4,56.50,3,2,2,0,1,100.00%,66.67%,Sepi,Sepi,Benar,31.78
S4,1.mp4,56.62,3,1,1,0,2,100.00%,33.33%,Sepi,Sepi,Benar,32.02
S4,1.mp4,56.75,3,1,1,0,2,100.00%,33.33%,Sepi,Sepi,Benar,32.93
S4,1.mp4,56.88,3,1,1,0,2,100.00%,33.33%,Sepi,Sepi,Benar,33.44
S4,1.mp4,57.00,3,0,0,0,3,0.00%,0.00%,Sepi,Sepi,Benar,30.68
S4,1.mp4,57.12,3,0,0,0,3,0.00%,0.00%,Sepi,Sepi,Benar,30.33
S4,1.mp4,57.25,3,0,0,0,3,0.00%,0.00%,Sepi,Sepi,Benar,29.72
S4,1.mp4,57.38,3,1,1,0,2,100.00%,33.33%,Sepi,Sepi,Benar,37.10
S4,1.mp4,57.50,3,1,1,0,2,100.00%,33.33%,Sepi,Sepi,Benar,35.41
S4,1.mp4,57.62,3,1,1,0,2,100.00%,33.33%,Sepi,Sepi,Benar,33.13
S4,1.mp4,57.75,3,1,1,0,2,100.00%,33.33%,Sepi,Sepi,Benar,34.01
S4,1.mp4,57.88,3,2,2,0,1,100.00%,66.67%,Sepi,Sepi,Benar,33.14
S4,1.mp4,58.00,3,1,1,0,2,100.00%,33.33%,Sepi,Sepi,Benar,33.94
S4,1.mp4,58.12,3,1,1,0,2,100.00%,33.33%,Sepi,Sepi,Benar,31.00
S4,1.mp4,58.25,3,1,1,0,2,100.00%,33.33%,Sepi,Sepi,Benar,32.85
S4,1.mp4,58.38,3,1,1,0,2,100.00%,33.33%,Sepi,Sepi,Benar,34.86
S4,1.mp4,58.50,3,1,1,0,2,100.00%,33.33%,Sepi,Sepi,Benar,33.75
S4,1.mp4,58.62,3,1,1,0,2,100.00%,33.33%,Sepi,Sepi,Benar,34.73
S4,1.mp4,58.75,3,1,1,0,2,100.00%,33.33%,Sepi,Sepi,Benar,32.16
S4,1.mp4,58.88,3,1,1,0,2,100.00%,33.33%,Sepi,Sepi,Benar,34.16
S4,1.mp4,59.00,3,1,1,0,2,100.00%,33.33%,Sepi,Sepi,Benar,31.59
S4,1.mp4,59.12,3,1,1,0,2,100.00%,33.33%,Sepi,Sepi,Benar,31.74
S4,1.mp4,59.25,3,1,1,0,2,100.00%,33.33%,Sepi,Sepi,Benar,32.66
S4,1.mp4,59.38,3,1,1,0,2,100.00%,33.33%,Sepi,Sepi,Benar,35.13
S4,1.mp4,59.50,3,1,1,0,2,100.00%,33.33%,Sepi,Sepi,Benar,33.61
S4,1.mp4,59.62,3,1,1,0,2,100.00%,33.33%,Sepi,Sepi,Benar,33.93
S4,2.mp4,0.00,12,3,3,0,9,100.00%,25.00%,Ramai,Sepi,Salah,35.08
S4,2.mp4,0.12,12,4,4,0,8,100.00%,33.33%,Ramai,Sepi,Salah,33.98
S4,2.mp4,0.25,12,4,4,0,8,100.00%,33.33%,Ramai,Sepi,Salah,34.73
S4,2.mp4,0.38,12,2,2,0,10,100.00%,16.67%,Ramai,Sepi,Salah,33.75
S4,2.mp4,0.50,12,2,2,0,10,100.00%,16.67%,Ramai,Sepi,Salah,34.12
S4,2.mp4,0.62,12,1,1,0,11,100.00%,8.33%,Ramai,Sepi,Salah,33.58
S4,2.mp4,0.75,12,5,5,0,7,100.00%,41.67%,Ramai,Sedang,Salah,34.34
S4,2.mp4,0.88,12,6,6,0,6,100.00%,50.00%,Ramai,Sedang,Salah,35.85
S4,2.mp4,1.00,12,4,4,0,8,100.00%,33.33%,Ramai,Sepi,Salah,34.88
S4,2.mp4,1.12,12,0,0,0,12,0.00%,0.00%,Ramai,Sepi,Salah,31.15
S4,2.mp4,1.25,12,2,2,0,10,100.00%,16.67%,Ramai,Sepi,Salah,35.11
S4,2.mp4,1.38,12,1,1,0,11,100.00%,8.33%,Ramai,Sepi,Salah,33.85
S4,2.mp4,1.50,12,0,0,0,12,0.00%,0.00%,Ramai,Sepi,Salah,30.40
S4,2.mp4,1.62,12,1,1,0,11,100.00%,8.33%,Ramai,Sepi,Salah,34.44
S4,2.mp4,1.75,12,0,0,0,12,0.00%,0.00%,Ramai,Sepi,Salah,30.94
S4,2.mp4,1.88,12,3,3,0,9,100.00%,25.00%,Ramai,Sepi,Salah,34.58
S4,2.mp4,2.00,12,3,3,0,9,100.00%,25.00%,Ramai,Sepi,Salah,34.78
S4,2.mp4,2.12,12,2,2,0,10,100.00%,16.67%,Ramai,Sepi,Salah,33.17
S4,2.mp4,2.25,12,5,5,0,7,100.00%,41.67%,Ramai,Sedang,Salah,34.07
S4,2.mp4,2.38,12,3,3,0,9,100.00%,25.00%,Ramai,Sepi,Salah,33.98
S4,2.mp4,2.50,12,3,3,0,9,100.00%,25.00%,Ramai,Sepi,Salah,32.89
S4,2.mp4,2.62,12,4,4,0,8,100.00%,33.33%,Ramai,Sepi,Salah,32.39
S4,2.mp4,2.75,12,3,3,0,9,100.00%,25.00%,Ramai,Sepi,Salah,36.00
S4,2.mp4,2.88,12,3,3,0,9,100.00%,25.00%,Ramai,Sepi,Salah,36.57
S4,2.mp4,3.00,12,3,3,0,9,100.00%,25.00%,Ramai,Sepi,Salah,32.90
S4,2.mp4,3.12,12,3,3,0,9,100.00%,25.00%,Ramai,Sepi,Salah,34.22
S4,2.mp4,3.25,12,4,4,0,8,100.00%,33.33%,Ramai,Sepi,Salah,35.11
S4,2.mp4,3.38,12,3,3,0,9,100.00%,25.00%,Ramai,Sepi,Salah,34.38
S4,2.mp4,3.50,12,2,2,0,10,100.00%,16.67%,Ramai,Sepi,Salah,36.31
S4,2.mp4,3.62,12,3,3,0,9,100.00%,25.00%,Ramai,Sepi,Salah,35.33
S4,2.mp4,3.75,12,5,5,0,7,100.00%,41.67%,Ramai,Sedang,Salah,37.46
S4,2.mp4,3.88,12,4,4,0,8,100.00%,33.33%,Ramai,Sepi,Salah,36.23
S4,2.mp4,4.00,12,4,4,0,8,100.00%,33.33%,Ramai,Sepi,Salah,32.20
S4,2.mp4,4.12,12,4,4,0,8,100.00%,33.33%,Ramai,Sepi,Salah,35.65
S4,2.mp4,4.25,12,3,3,0,9,100.00%,25.00%,Ramai,Sepi,Salah,33.42
S4,2.mp4,4.38,12,4,4,0,8,100.00%,33.33%,Ramai,Sepi,Salah,34.24
S4,2.mp4,4.50,12,3,3,0,9,100.00%,25.00%,Ramai,Sepi,Salah,33.79
S4,2.mp4,4.62,12,2,2,0,10,100.00%,16.67%,Ramai,Sepi,Salah,35.55
S4,2.mp4,4.75,12,4,4,0,8,100.00%,33.33%,Ramai,Sepi,Salah,34.59
S4,2.mp4,4.88,12,4,4,0,8,100.00%,33.33%,Ramai,Sepi,Salah,36.78
S4,2.mp4,5.00,12,2,2,0,10,100.00%,16.67%,Ramai,Sepi,Salah,33.24
S4,2.mp4,5.12,14,3,3,0,11,100.00%,21.43%,Ramai,Sepi,Salah,34.34
S4,2.mp4,5.25,14,4,4,0,10,100.00%,28.57%,Ramai,Sepi,Salah,34.18
S4,2.mp4,5.38,14,5,5,0,9,100.00%,35.71%,Ramai,Sedang,Salah,33.54
S4,2.mp4,5.50,14,6,6,0,8,100.00%,42.86%,Ramai,Sedang,Salah,35.94
S4,2.mp4,5.62,14,4,4,0,10,100.00%,28.57%,Ramai,Sepi,Salah,35.81
S4,2.mp4,5.75,14,4,4,0,10,100.00%,28.57%,Ramai,Sepi,Salah,32.99
S4,2.mp4,5.88,14,5,5,0,9,100.00%,35.71%,Ramai,Sedang,Salah,33.73
S4,2.mp4,6.00,14,5,5,0,9,100.00%,35.71%,Ramai,Sedang,Salah,32.72
S4,2.mp4,6.12,14,4,4,0,10,100.00%,28.57%,Ramai,Sepi,Salah,32.83
S4,2.mp4,6.25,14,5,5,0,9,100.00%,35.71%,Ramai,Sedang,Salah,35.55
S4,2.mp4,6.38,14,4,4,0,10,100.00%,28.57%,Ramai,Sepi,Salah,33.15
S4,2.mp4,6.50,14,4,4,0,10,100.00%,28.57%,Ramai,Sepi,Salah,33.42
S4,2.mp4,6.62,14,4,4,0,10,100.00%,28.57%,Ramai,Sepi,Salah,34.42
S4,2.mp4,6.75,14,3,3,0,11,100.00%,21.43%,Ramai,Sepi,Salah,32.89
S4,2.mp4,6.88,14,2,2,0,12,100.00%,14.29%,Ramai,Sepi,Salah,34.07
S4,2.mp4,7.00,14,2,2,0,12,100.00%,14.29%,Ramai,Sepi,Salah,33.86
S4,2.mp4,7.12,14,3,3,0,11,100.00%,21.43%,Ramai,Sepi,Salah,35.52
S4,2.mp4,7.25,14,2,2,0,12,100.00%,14.29%,Ramai,Sepi,Salah,33.07
S4,2.mp4,7.38,14,6,6,0,8,100.00%,42.86%,Ramai,Sedang,Salah,34.63
S4,2.mp4,7.50,14,6,6,0,8,100.00%,42.86%,Ramai,Sedang,Salah,34.46
S4,2.mp4,7.62,14,5,5,0,9,100.00%,35.71%,Ramai,Sedang,Salah,33.78
S4,2.mp4,7.75,14,4,4,0,10,100.00%,28.57%,Ramai,Sepi,Salah,34.99
S4,2.mp4,7.88,14,6,6,0,8,100.00%,42.86%,Ramai,Sedang,Salah,34.90
S4,2.mp4,8.00,14,6,6,0,8,100.00%,42.86%,Ramai,Sedang,Salah,34.03
S4,2.mp4,8.12,14,5,5,0,9,100.00%,35.71%,Ramai,Sedang,Salah,34.32
S4,2.mp4,8.25,14,5,5,0,9,100.00%,35.71%,Ramai,Sedang,Salah,35.68
S4,2.mp4,8.38,14,4,4,0,10,100.00%,28.57%,Ramai,Sepi,Salah,33.68
S4,2.mp4,8.50,14,3,3,0,11,100.00%,21.43%,Ramai,Sepi,Salah,34.04
S4,2.mp4,8.62,14,4,4,0,10,100.00%,28.57%,Ramai,Sepi,Salah,32.65
S4,2.mp4,8.75,14,5,5,0,9,100.00%,35.71%,Ramai,Sedang,Salah,33.85
S4,2.mp4,8.88,14,3,3,0,11,100.00%,21.43%,Ramai,Sepi,Salah,34.90
S4,2.mp4,9.00,14,3,3,0,11,100.00%,21.43%,Ramai,Sepi,Salah,32.20
S4,2.mp4,9.12,14,4,4,0,10,100.00%,28.57%,Ramai,Sepi,Salah,34.11
S4,2.mp4,9.25,14,6,6,0,8,100.00%,42.86%,Ramai,Sedang,Salah,36.90
S4,2.mp4,9.38,14,5,5,0,9,100.00%,35.71%,Ramai,Sedang,Salah,32.30
S4,2.mp4,9.50,14,5,5,0,9,100.00%,35.71%,Ramai,Sedang,Salah,33.89
S4,2.mp4,9.62,14,4,4,0,10,100.00%,28.57%,Ramai,Sepi,Salah,32.32
S4,2.mp4,9.75,14,4,4,0,10,100.00%,28.57%,Ramai,Sepi,Salah,34.34
S4,2.mp4,9.88,14,3,3,0,11,100.00%,21.43%,Ramai,Sepi,Salah,34.83
S4,2.mp4,10.00,14,4,4,0,10,100.00%,28.57%,Ramai,Sepi,Salah,35.62
S4,2.mp4,10.12,14,4,4,0,10,100.00%,28.57%,Ramai,Sepi,Salah,32.95
S4,2.mp4,10.25,14,4,4,0,10,100.00%,28.57%,Ramai,Sepi,Salah,33.75
S4,2.mp4,10.38,14,4,4,0,10,100.00%,28.57%,Ramai,Sepi,Salah,34.49
S4,2.mp4,10.50,14,4,4,0,10,100.00%,28.57%,Ramai,Sepi,Salah,33.58
S4,2.mp4,10.62,14,4,4,0,10,100.00%,28.57%,Ramai,Sepi,Salah,33.55
S4,2.mp4,10.75,14,4,4,0,10,100.00%,28.57%,Ramai,Sepi,Salah,33.45
S4,2.mp4,10.88,14,4,4,0,10,100.00%,28.57%,Ramai,Sepi,Salah,35.54
S4,2.mp4,11.00,14,4,4,0,10,100.00%,28.57%,Ramai,Sepi,Salah,34.99
S4,2.mp4,11.12,14,4,4,0,10,100.00%,28.57%,Ramai,Sepi,Salah,34.82
S4,2.mp4,11.25,14,3,3,0,11,100.00%,21.43%,Ramai,Sepi,Salah,32.93
S4,2.mp4,11.38,14,3,3,0,11,100.00%,21.43%,Ramai,Sepi,Salah,32.54
S4,2.mp4,11.50,14,3,3,0,11,100.00%,21.43%,Ramai,Sepi,Salah,32.72
S4,2.mp4,11.62,14,3,3,0,11,100.00%,21.43%,Ramai,Sepi,Salah,33.16
S4,2.mp4,11.75,14,4,4,0,10,100.00%,28.57%,Ramai,Sepi,Salah,34.47
S4,2.mp4,11.88,14,2,2,0,12,100.00%,14.29%,Ramai,Sepi,Salah,32.74
S4,2.mp4,12.00,14,2,2,0,12,100.00%,14.29%,Ramai,Sepi,Salah,31.65
S4,2.mp4,12.12,14,4,4,0,10,100.00%,28.57%,Ramai,Sepi,Salah,34.21
S4,2.mp4,12.25,14,4,4,0,10,100.00%,28.57%,Ramai,Sepi,Salah,35.58
S4,2.mp4,12.38,14,4,4,0,10,100.00%,28.57%,Ramai,Sepi,Salah,33.56
S4,2.mp4,12.50,14,3,3,0,11,100.00%,21.43%,Ramai,Sepi,Salah,34.23
S4,2.mp4,12.62,14,3,3,0,11,100.00%,21.43%,Ramai,Sepi,Salah,32.50
S4,2.mp4,12.75,14,3,3,0,11,100.00%,21.43%,Ramai,Sepi,Salah,34.06
S4,2.mp4,12.88,14,4,4,0,10,100.00%,28.57%,Ramai,Sepi,Salah,35.73
S4,2.mp4,13.00,14,4,4,0,10,100.00%,28.57%,Ramai,Sepi,Salah,33.34
S4,2.mp4,13.12,14,4,4,0,10,100.00%,28.57%,Ramai,Sepi,Salah,32.58
S4,2.mp4,13.25,14,3,3,0,11,100.00%,21.43%,Ramai,Sepi,Salah,32.88
S4,2.mp4,13.38,14,4,4,0,10,100.00%,28.57%,Ramai,Sepi,Salah,32.93
S4,2.mp4,13.50,14,5,5,0,9,100.00%,35.71%,Ramai,Sedang,Salah,33.80
S4,2.mp4,13.62,14,5,5,0,9,100.00%,35.71%,Ramai,Sedang,Salah,33.89
S4,2.mp4,13.75,14,5,5,0,9,100.00%,35.71%,Ramai,Sedang,Salah,34.60
S4,2.mp4,13.88,14,5,5,0,9,100.00%,35.71%,Ramai,Sedang,Salah,35.52
S4,2.mp4,14.00,14,3,3,0,11,100.00%,21.43%,Ramai,Sepi,Salah,31.72
S4,2.mp4,14.12,14,3,3,0,11,100.00%,21.43%,Ramai,Sepi,Salah,32.51
S4,2.mp4,14.25,14,3,3,0,11,100.00%,21.43%,Ramai,Sepi,Salah,34.29
S4,2.mp4,14.38,14,3,3,0,11,100.00%,21.43%,Ramai,Sepi,Salah,34.45
S4,2.mp4,14.50,14,4,4,0,10,100.00%,28.57%,Ramai,Sepi,Salah,34.15
S4,2.mp4,14.62,14,4,4,0,10,100.00%,28.57%,Ramai,Sepi,Salah,33.24
S4,2.mp4,14.75,14,5,5,0,9,100.00%,35.71%,Ramai,Sedang,Salah,33.53
S4,2.mp4,14.88,14,5,5,0,9,100.00%,35.71%,Ramai,Sedang,Salah,34.82
S4,2.mp4,15.00,14,4,4,0,10,100.00%,28.57%,Ramai,Sepi,Salah,35.03
S4,2.mp4,15.12,15,3,3,0,12,100.00%,20.00%,Ramai,Sepi,Salah,34.70
S4,2.mp4,15.25,15,1,1,0,14,100.00%,6.67%,Ramai,Sepi,Salah,33.09
S4,2.mp4,15.38,15,4,4,0,11,100.00%,26.67%,Ramai,Sepi,Salah,32.03
S4,2.mp4,15.50,15,3,3,0,12,100.00%,20.00%,Ramai,Sepi,Salah,32.28
S4,2.mp4,15.62,15,3,3,0,12,100.00%,20.00%,Ramai,Sepi,Salah,36.05
S4,2.mp4,15.75,15,3,3,0,12,100.00%,20.00%,Ramai,Sepi,Salah,33.41
S4,2.mp4,15.88,15,3,3,0,12,100.00%,20.00%,Ramai,Sepi,Salah,33.06
S4,2.mp4,16.00,15,3,3,0,12,100.00%,20.00%,Ramai,Sepi,Salah,32.87
S4,2.mp4,16.12,15,3,3,0,12,100.00%,20.00%,Ramai,Sepi,Salah,34.39
S4,2.mp4,16.25,15,3,3,0,12,100.00%,20.00%,Ramai,Sepi,Salah,32.78
S4,2.mp4,16.38,15,3,3,0,12,100.00%,20.00%,Ramai,Sepi,Salah,36.01
S4,2.mp4,16.50,15,3,3,0,12,100.00%,20.00%,Ramai,Sepi,Salah,33.41
S4,2.mp4,16.62,15,3,3,0,12,100.00%,20.00%,Ramai,Sepi,Salah,35.26
S4,2.mp4,16.75,15,3,3,0,12,100.00%,20.00%,Ramai,Sepi,Salah,33.09
S4,2.mp4,16.88,15,4,4,0,11,100.00%,26.67%,Ramai,Sepi,Salah,33.58
S4,2.mp4,17.00,15,3,3,0,12,100.00%,20.00%,Ramai,Sepi,Salah,32.69
S4,2.mp4,17.12,14,2,2,0,12,100.00%,14.29%,Ramai,Sepi,Salah,34.55
S4,2.mp4,17.25,14,2,2,0,12,100.00%,14.29%,Ramai,Sepi,Salah,34.73
S4,2.mp4,17.38,14,2,2,0,12,100.00%,14.29%,Ramai,Sepi,Salah,35.21
S4,2.mp4,17.50,14,3,3,0,11,100.00%,21.43%,Ramai,Sepi,Salah,32.70
S4,2.mp4,17.62,14,3,3,0,11,100.00%,21.43%,Ramai,Sepi,Salah,35.26
S4,2.mp4,17.75,14,4,4,0,10,100.00%,28.57%,Ramai,Sepi,Salah,33.29
S4,2.mp4,17.88,14,2,2,0,12,100.00%,14.29%,Ramai,Sepi,Salah,34.53
S4,2.mp4,18.00,14,2,2,0,12,100.00%,14.29%,Ramai,Sepi,Salah,31.47
S4,2.mp4,18.12,14,3,3,0,11,100.00%,21.43%,Ramai,Sepi,Salah,33.56
S4,2.mp4,18.25,14,1,1,0,13,100.00%,7.14%,Ramai,Sepi,Salah,35.78
S4,2.mp4,18.38,14,3,3,0,11,100.00%,21.43%,Ramai,Sepi,Salah,35.01
S4,2.mp4,18.50,14,3,3,0,11,100.00%,21.43%,Ramai,Sepi,Salah,33.21
S4,2.mp4,18.62,14,3,3,0,11,100.00%,21.43%,Ramai,Sepi,Salah,34.08
S4,2.mp4,18.75,14,3,3,0,11,100.00%,21.43%,Ramai,Sepi,Salah,35.64
S4,2.mp4,18.88,14,2,2,0,12,100.00%,14.29%,Ramai,Sepi,Salah,35.96
S4,2.mp4,19.00,14,1,1,0,13,100.00%,7.14%,Ramai,Sepi,Salah,35.76
S4,2.mp4,19.12,14,2,2,0,12,100.00%,14.29%,Ramai,Sepi,Salah,33.00
S4,2.mp4,19.25,14,1,1,0,13,100.00%,7.14%,Ramai,Sepi,Salah,34.51
S4,2.mp4,19.38,14,2,2,0,12,100.00%,14.29%,Ramai,Sepi,Salah,33.98
S4,2.mp4,19.50,14,3,3,0,11,100.00%,21.43%,Ramai,Sepi,Salah,35.93
S4,2.mp4,19.62,14,3,3,0,11,100.00%,21.43%,Ramai,Sepi,Salah,34.68
S4,2.mp4,19.75,14,2,2,0,12,100.00%,14.29%,Ramai,Sepi,Salah,31.93
S4,2.mp4,19.88,14,2,2,0,12,100.00%,14.29%,Ramai,Sepi,Salah,32.81
S4,2.mp4,20.00,14,4,4,0,10,100.00%,28.57%,Ramai,Sepi,Salah,34.72
S4,2.mp4,20.12,14,3,3,0,11,100.00%,21.43%,Ramai,Sepi,Salah,34.05
S4,2.mp4,20.25,14,3,3,0,11,100.00%,21.43%,Ramai,Sepi,Salah,34.40
S4,2.mp4,20.38,14,1,1,0,13,100.00%,7.14%,Ramai,Sepi,Salah,31.48
S4,2.mp4,20.50,14,3,3,0,11,100.00%,21.43%,Ramai,Sepi,Salah,32.92
S4,2.mp4,20.62,14,3,3,0,11,100.00%,21.43%,Ramai,Sepi,Salah,35.73
S4,2.mp4,20.75,14,3,3,0,11,100.00%,21.43%,Ramai,Sepi,Salah,34.05
S4,2.mp4,20.88,14,2,2,0,12,100.00%,14.29%,Ramai,Sepi,Salah,33.76
S4,2.mp4,21.00,14,3,3,0,11,100.00%,21.43%,Ramai,Sepi,Salah,31.60
S4,2.mp4,21.12,14,2,2,0,12,100.00%,14.29%,Ramai,Sepi,Salah,33.67
S4,2.mp4,21.25,14,2,2,0,12,100.00%,14.29%,Ramai,Sepi,Salah,34.97
S4,2.mp4,21.38,14,2,2,0,12,100.00%,14.29%,Ramai,Sepi,Salah,33.25
S4,2.mp4,21.50,14,1,1,0,13,100.00%,7.14%,Ramai,Sepi,Salah,33.52
S4,2.mp4,21.62,14,2,2,0,12,100.00%,14.29%,Ramai,Sepi,Salah,32.55
S4,2.mp4,21.75,14,2,2,0,12,100.00%,14.29%,Ramai,Sepi,Salah,32.50
S4,2.mp4,21.88,14,1,1,0,13,100.00%,7.14%,Ramai,Sepi,Salah,33.23
S4,2.mp4,22.00,14,2,2,0,12,100.00%,14.29%,Ramai,Sepi,Salah,33.70
S4,2.mp4,22.12,14,0,0,0,14,0.00%,0.00%,Ramai,Sepi,Salah,29.36
S4,2.mp4,22.25,14,0,0,0,14,0.00%,0.00%,Ramai,Sepi,Salah,31.87
S4,2.mp4,22.38,14,1,1,0,13,100.00%,7.14%,Ramai,Sepi,Salah,32.15
S4,2.mp4,22.50,14,0,0,0,14,0.00%,0.00%,Ramai,Sepi,Salah,30.96
S4,2.mp4,22.62,14,0,0,0,14,0.00%,0.00%,Ramai,Sepi,Salah,29.98
S4,2.mp4,22.75,14,2,2,0,12,100.00%,14.29%,Ramai,Sepi,Salah,34.53
S4,2.mp4,22.88,14,0,0,0,14,0.00%,0.00%,Ramai,Sepi,Salah,32.75
S4,2.mp4,23.00,14,0,0,0,14,0.00%,0.00%,Ramai,Sepi,Salah,29.98
S4,2.mp4,23.12,14,2,2,0,12,100.00%,14.29%,Ramai,Sepi,Salah,33.20
S4,2.mp4,23.25,14,2,2,0,12,100.00%,14.29%,Ramai,Sepi,Salah,34.38
S4,2.mp4,23.38,14,2,2,0,12,100.00%,14.29%,Ramai,Sepi,Salah,33.60
S4,2.mp4,23.50,14,1,1,0,13,100.00%,7.14%,Ramai,Sepi,Salah,32.71
S4,2.mp4,23.62,14,3,3,0,11,100.00%,21.43%,Ramai,Sepi,Salah,32.58
S4,2.mp4,23.75,14,3,3,0,11,100.00%,21.43%,Ramai,Sepi,Salah,39.42
S4,2.mp4,23.88,14,3,3,0,11,100.00%,21.43%,Ramai,Sepi,Salah,35.59
S4,2.mp4,24.00,14,2,2,0,12,100.00%,14.29%,Ramai,Sepi,Salah,31.67
S4,2.mp4,24.12,14,3,3,0,11,100.00%,21.43%,Ramai,Sepi,Salah,34.64
S4,2.mp4,24.25,14,2,2,0,12,100.00%,14.29%,Ramai,Sepi,Salah,33.54
S4,2.mp4,24.38,14,2,2,0,12,100.00%,14.29%,Ramai,Sepi,Salah,34.07
S4,2.mp4,24.50,14,2,2,0,12,100.00%,14.29%,Ramai,Sepi,Salah,37.34
S4,2.mp4,24.62,14,3,3,0,11,100.00%,21.43%,Ramai,Sepi,Salah,35.22
S4,2.mp4,24.75,14,2,2,0,12,100.00%,14.29%,Ramai,Sepi,Salah,33.68
S4,2.mp4,24.88,14,2,2,0,12,100.00%,14.29%,Ramai,Sepi,Salah,33.85
S4,2.mp4,25.00,14,4,4,0,10,100.00%,28.57%,Ramai,Sepi,Salah,31.68
S4,2.mp4,25.12,14,3,3,0,11,100.00%,21.43%,Ramai,Sepi,Salah,33.65
S4,2.mp4,25.25,14,3,3,0,11,100.00%,21.43%,Ramai,Sepi,Salah,34.92
S4,2.mp4,25.38,14,3,3,0,11,100.00%,21.43%,Ramai,Sepi,Salah,32.94
S4,2.mp4,25.50,14,4,4,0,10,100.00%,28.57%,Ramai,Sepi,Salah,34.43
S4,2.mp4,25.62,14,3,3,0,11,100.00%,21.43%,Ramai,Sepi,Salah,35.21
S4,2.mp4,25.75,14,2,2,0,12,100.00%,14.29%,Ramai,Sepi,Salah,32.44
S4,2.mp4,25.88,14,3,3,0,11,100.00%,21.43%,Ramai,Sepi,Salah,34.79
S4,2.mp4,26.00,14,3,3,0,11,100.00%,21.43%,Ramai,Sepi,Salah,34.62
S4,2.mp4,26.12,13,4,4,0,9,100.00%,30.77%,Ramai,Sepi,Salah,34.38
S4,2.mp4,26.25,13,2,2,0,11,100.00%,15.38%,Ramai,Sepi,Salah,32.85
S4,2.mp4,26.38,13,3,3,0,10,100.00%,23.08%,Ramai,Sepi,Salah,32.46
S4,2.mp4,26.50,13,2,2,0,11,100.00%,15.38%,Ramai,Sepi,Salah,32.88
S4,2.mp4,26.62,13,3,3,0,10,100.00%,23.08%,Ramai,Sepi,Salah,34.48
S4,2.mp4,26.75,13,3,3,0,10,100.00%,23.08%,Ramai,Sepi,Salah,33.23
S4,2.mp4,26.88,13,2,2,0,11,100.00%,15.38%,Ramai,Sepi,Salah,33.68
S4,2.mp4,27.00,13,4,4,0,9,100.00%,30.77%,Ramai,Sepi,Salah,31.97
S4,2.mp4,27.12,13,2,2,0,11,100.00%,15.38%,Ramai,Sepi,Salah,34.80
S4,2.mp4,27.25,13,3,3,0,10,100.00%,23.08%,Ramai,Sepi,Salah,32.95
S4,2.mp4,27.38,13,3,3,0,10,100.00%,23.08%,Ramai,Sepi,Salah,33.19
S4,2.mp4,27.50,13,3,3,0,10,100.00%,23.08%,Ramai,Sepi,Salah,34.93
S4,2.mp4,27.62,13,4,4,0,9,100.00%,30.77%,Ramai,Sepi,Salah,31.45
S4,2.mp4,27.75,13,3,3,0,10,100.00%,23.08%,Ramai,Sepi,Salah,33.91
S4,2.mp4,27.88,13,3,3,0,10,100.00%,23.08%,Ramai,Sepi,Salah,34.64
S4,2.mp4,28.00,13,4,4,0,9,100.00%,30.77%,Ramai,Sepi,Salah,35.67
S4,2.mp4,28.12,13,2,2,0,11,100.00%,15.38%,Ramai,Sepi,Salah,33.00
S4,2.mp4,28.25,13,3,3,0,10,100.00%,23.08%,Ramai,Sepi,Salah,34.62
S4,2.mp4,28.38,13,1,1,0,12,100.00%,7.69%,Ramai,Sepi,Salah,33.12
S4,2.mp4,28.50,13,1,1,0,12,100.00%,7.69%,Ramai,Sepi,Salah,32.93
S4,2.mp4,28.62,13,2,2,0,11,100.00%,15.38%,Ramai,Sepi,Salah,32.85
S4,2.mp4,28.75,13,2,2,0,11,100.00%,15.38%,Ramai,Sepi,Salah,32.26
S4,2.mp4,28.88,13,2,2,0,11,100.00%,15.38%,Ramai,Sepi,Salah,33.18
S4,2.mp4,29.00,13,2,2,0,11,100.00%,15.38%,Ramai,Sepi,Salah,34.33
S4,2.mp4,29.12,12,3,3,0,9,100.00%,25.00%,Ramai,Sepi,Salah,33.65
S4,2.mp4,29.25,12,3,3,0,9,100.00%,25.00%,Ramai,Sepi,Salah,33.72
S4,2.mp4,29.38,12,3,3,0,9,100.00%,25.00%,Ramai,Sepi,Salah,32.69
S4,2.mp4,29.50,12,3,3,0,9,100.00%,25.00%,Ramai,Sepi,Salah,32.92
S4,2.mp4,29.62,12,2,2,0,10,100.00%,16.67%,Ramai,Sepi,Salah,33.67
S4,2.mp4,29.75,12,1,1,0,11,100.00%,8.33%,Ramai,Sepi,Salah,32.04
S4,2.mp4,29.88,12,0,0,0,12,0.00%,0.00%,Ramai,Sepi,Salah,31.69
S4,2.mp4,30.00,12,3,3,0,9,100.00%,25.00%,Ramai,Sepi,Salah,34.24
S4,2.mp4,30.12,12,3,3,0,9,100.00%,25.00%,Ramai,Sepi,Salah,35.14
S4,2.mp4,30.25,12,3,3,0,9,100.00%,25.00%,Ramai,Sepi,Salah,32.03
S4,2.mp4,30.38,12,2,2,0,10,100.00%,16.67%,Ramai,Sepi,Salah,32.55
S4,2.mp4,30.50,12,0,0,0,12,0.00%,0.00%,Ramai,Sepi,Salah,30.11
S4,2.mp4,30.62,12,1,1,0,11,100.00%,8.33%,Ramai,Sepi,Salah,34.59
S4,2.mp4,30.75,12,0,0,0,12,0.00%,0.00%,Ramai,Sepi,Salah,30.36
S4,2.mp4,30.88,12,0,0,0,12,0.00%,0.00%,Ramai,Sepi,Salah,30.11
S4,2.mp4,31.00,12,2,2,0,10,100.00%,16.67%,Ramai,Sepi,Salah,33.72
S4,2.mp4,31.12,12,1,1,0,11,100.00%,8.33%,Ramai,Sepi,Salah,32.50
S4,2.mp4,31.25,12,1,1,0,11,100.00%,8.33%,Ramai,Sepi,Salah,32.12
S4,2.mp4,31.38,12,0,0,0,12,0.00%,0.00%,Ramai,Sepi,Salah,29.87
S4,2.mp4,31.50,12,1,1,0,11,100.00%,8.33%,Ramai,Sepi,Salah,33.78
S4,2.mp4,31.62,12,1,1,0,11,100.00%,8.33%,Ramai,Sepi,Salah,33.47
S4,2.mp4,31.75,12,1,1,0,11,100.00%,8.33%,Ramai,Sepi,Salah,34.08
S4,2.mp4,31.88,12,0,0,0,12,0.00%,0.00%,Ramai,Sepi,Salah,30.62
S4,2.mp4,32.00,12,0,0,0,12,0.00%,0.00%,Ramai,Sepi,Salah,30.21
S4,2.mp4,32.12,12,0,0,0,12,0.00%,0.00%,Ramai,Sepi,Salah,30.95
S4,2.mp4,32.25,12,0,0,0,12,0.00%,0.00%,Ramai,Sepi,Salah,29.93
S4,2.mp4,32.38,12,0,0,0,12,0.00%,0.00%,Ramai,Sepi,Salah,30.24
S4,2.mp4,32.50,12,0,0,0,12,0.00%,0.00%,Ramai,Sepi,Salah,29.70
S4,2.mp4,32.62,12,0,0,0,12,0.00%,0.00%,Ramai,Sepi,Salah,30.23
S4,2.mp4,32.75,12,0,0,0,12,0.00%,0.00%,Ramai,Sepi,Salah,30.27
S4,2.mp4,32.88,12,0,0,0,12,0.00%,0.00%,Ramai,Sepi,Salah,30.45
S4,2.mp4,33.00,12,0,0,0,12,0.00%,0.00%,Ramai,Sepi,Salah,29.83
S4,2.mp4,33.12,12,0,0,0,12,0.00%,0.00%,Ramai,Sepi,Salah,30.77
S4,2.mp4,33.25,12,0,0,0,12,0.00%,0.00%,Ramai,Sepi,Salah,30.14
S4,2.mp4,33.38,12,1,1,0,11,100.00%,8.33%,Ramai,Sepi,Salah,32.61
S4,2.mp4,33.50,12,1,1,0,11,100.00%,8.33%,Ramai,Sepi,Salah,34.87
S4,2.mp4,33.62,12,1,1,0,11,100.00%,8.33%,Ramai,Sepi,Salah,32.78
S4,2.mp4,33.75,12,1,1,0,11,100.00%,8.33%,Ramai,Sepi,Salah,32.32
S4,2.mp4,33.88,12,2,2,0,10,100.00%,16.67%,Ramai,Sepi,Salah,34.32
S4,2.mp4,34.00,12,1,1,0,11,100.00%,8.33%,Ramai,Sepi,Salah,32.69
S4,2.mp4,34.12,12,2,2,0,10,100.00%,16.67%,Ramai,Sepi,Salah,33.71
S4,2.mp4,34.25,12,1,1,0,11,100.00%,8.33%,Ramai,Sepi,Salah,32.59
S4,2.mp4,34.38,12,2,2,0,10,100.00%,16.67%,Ramai,Sepi,Salah,33.58
S4,2.mp4,34.50,12,1,1,0,11,100.00%,8.33%,Ramai,Sepi,Salah,33.89
S4,2.mp4,34.62,12,2,2,0,10,100.00%,16.67%,Ramai,Sepi,Salah,34.54
S4,2.mp4,34.75,12,1,1,0,11,100.00%,8.33%,Ramai,Sepi,Salah,33.74
S4,2.mp4,34.88,12,2,2,0,10,100.00%,16.67%,Ramai,Sepi,Salah,36.16
S4,2.mp4,35.00,12,1,1,0,11,100.00%,8.33%,Ramai,Sepi,Salah,33.47
S4,2.mp4,35.12,12,1,1,0,11,100.00%,8.33%,Ramai,Sepi,Salah,32.54
S4,2.mp4,35.25,12,0,0,0,12,0.00%,0.00%,Ramai,Sepi,Salah,30.16
S4,2.mp4,35.38,12,0,0,0,12,0.00%,0.00%,Ramai,Sepi,Salah,32.15
S4,2.mp4,35.50,12,0,0,0,12,0.00%,0.00%,Ramai,Sepi,Salah,32.82
S4,2.mp4,35.62,12,0,0,0,12,0.00%,0.00%,Ramai,Sepi,Salah,30.53
S4,2.mp4,35.75,12,0,0,0,12,0.00%,0.00%,Ramai,Sepi,Salah,31.46
S4,2.mp4,35.88,12,1,1,0,11,100.00%,8.33%,Ramai,Sepi,Salah,35.32
S4,2.mp4,36.00,12,1,1,0,11,100.00%,8.33%,Ramai,Sepi,Salah,31.88
S4,2.mp4,36.12,12,1,1,0,11,100.00%,8.33%,Ramai,Sepi,Salah,34.09
S4,2.mp4,36.25,12,1,1,0,11,100.00%,8.33%,Ramai,Sepi,Salah,32.75
S4,2.mp4,36.38,12,2,2,0,10,100.00%,16.67%,Ramai,Sepi,Salah,34.39
S4,2.mp4,36.50,12,2,2,0,10,100.00%,16.67%,Ramai,Sepi,Salah,32.91
S4,2.mp4,36.62,12,2,2,0,10,100.00%,16.67%,Ramai,Sepi,Salah,33.39
S4,2.mp4,36.75,12,1,1,0,11,100.00%,8.33%,Ramai,Sepi,Salah,34.67
S4,2.mp4,36.88,12,2,2,0,10,100.00%,16.67%,Ramai,Sepi,Salah,34.07
S4,2.mp4,37.00,12,1,1,0,11,100.00%,8.33%,Ramai,Sepi,Salah,32.17
S4,2.mp4,37.12,12,1,1,0,11,100.00%,8.33%,Ramai,Sepi,Salah,31.54
S4,2.mp4,37.25,12,1,1,0,11,100.00%,8.33%,Ramai,Sepi,Salah,32.08
S4,2.mp4,37.38,12,2,2,0,10,100.00%,16.67%,Ramai,Sepi,Salah,35.78
S4,2.mp4,37.50,12,2,2,0,10,100.00%,16.67%,Ramai,Sepi,Salah,32.48
S4,2.mp4,37.62,12,3,3,0,9,100.00%,25.00%,Ramai,Sepi,Salah,33.18
S4,2.mp4,37.75,12,2,2,0,10,100.00%,16.67%,Ramai,Sepi,Salah,33.33
S4,2.mp4,37.88,12,2,2,0,10,100.00%,16.67%,Ramai,Sepi,Salah,34.22
S4,2.mp4,38.00,12,3,3,0,9,100.00%,25.00%,Ramai,Sepi,Salah,33.65
S4,2.mp4,38.12,12,2,2,0,10,100.00%,16.67%,Ramai,Sepi,Salah,32.76
S4,2.mp4,38.25,12,1,1,0,11,100.00%,8.33%,Ramai,Sepi,Salah,32.71
S4,2.mp4,38.38,12,2,2,0,10,100.00%,16.67%,Ramai,Sepi,Salah,33.38
S4,2.mp4,38.50,12,1,1,0,11,100.00%,8.33%,Ramai,Sepi,Salah,32.41
S4,2.mp4,38.62,12,1,1,0,11,100.00%,8.33%,Ramai,Sepi,Salah,33.54
S4,2.mp4,38.75,12,1,1,0,11,100.00%,8.33%,Ramai,Sepi,Salah,33.14
S4,2.mp4,38.88,12,1,1,0,11,100.00%,8.33%,Ramai,Sepi,Salah,32.56
S4,2.mp4,39.00,12,2,2,0,10,100.00%,16.67%,Ramai,Sepi,Salah,32.51
S4,2.mp4,39.12,12,2,2,0,10,100.00%,16.67%,Ramai,Sepi,Salah,31.92
S4,2.mp4,39.25,12,1,1,0,11,100.00%,8.33%,Ramai,Sepi,Salah,33.03
S4,2.mp4,39.38,12,1,1,0,11,100.00%,8.33%,Ramai,Sepi,Salah,33.64
S4,2.mp4,39.50,12,2,2,0,10,100.00%,16.67%,Ramai,Sepi,Salah,33.10
S4,2.mp4,39.62,12,1,1,0,11,100.00%,8.33%,Ramai,Sepi,Salah,32.46
S4,2.mp4,39.75,12,1,1,0,11,100.00%,8.33%,Ramai,Sepi,Salah,33.97
S4,2.mp4,39.88,12,2,2,0,10,100.00%,16.67%,Ramai,Sepi,Salah,33.12
S5_HD,1.mp4,0.00,5,3,3,0,2,100.00%,60.00%,Sedang,Sepi,Salah,40.84
S5_HD,1.mp4,0.50,5,3,3,0,2,100.00%,60.00%,Sedang,Sepi,Salah,40.16
S5_HD,1.mp4,1.00,5,3,3,0,2,100.00%,60.00%,Sedang,Sepi,Salah,32.01
S5_HD,1.mp4,1.50,5,3,3,0,2,100.00%,60.00%,Sedang,Sepi,Salah,30.30
S5_HD,1.mp4,2.00,5,5,5,0,0,100.00%,100.00%,Sedang,Sedang,Benar,30.73
S5_HD,1.mp4,2.50,5,5,5,0,0,100.00%,100.00%,Sedang,Sedang,Benar,31.71
S5_HD,1.mp4,3.00,5,5,5,0,0,100.00%,100.00%,Sedang,Sedang,Benar,30.50
S5_HD,1.mp4,3.50,5,4,4,0,1,100.00%,80.00%,Sedang,Sepi,Salah,31.89
S5_HD,1.mp4,4.00,5,4,4,0,1,100.00%,80.00%,Sedang,Sepi,Salah,29.65
S5_HD,1.mp4,4.50,5,5,5,0,0,100.00%,100.00%,Sedang,Sedang,Benar,30.70
S5_HD,1.mp4,5.00,5,4,4,0,1,100.00%,80.00%,Sedang,Sepi,Salah,31.44
S5_HD,1.mp4,5.50,5,4,4,0,1,100.00%,80.00%,Sedang,Sepi,Salah,33.92
S5_HD,1.mp4,6.00,5,5,5,0,0,100.00%,100.00%,Sedang,Sedang,Benar,34.79
S5_HD,1.mp4,6.50,4,4,4,0,0,100.00%,100.00%,Sepi,Sepi,Benar,33.49
S5_HD,1.mp4,7.00,4,4,4,0,0,100.00%,100.00%,Sepi,Sepi,Benar,36.73
S5_HD,1.mp4,7.50,4,3,3,0,1,100.00%,75.00%,Sepi,Sepi,Benar,33.56
S5_HD,1.mp4,8.00,4,3,3,0,1,100.00%,75.00%,Sepi,Sepi,Benar,31.12
S5_HD,1.mp4,8.50,4,3,3,0,1,100.00%,75.00%,Sepi,Sepi,Benar,32.38
S5_HD,1.mp4,9.00,4,3,3,0,1,100.00%,75.00%,Sepi,Sepi,Benar,32.65
S5_HD,1.mp4,9.50,4,3,3,0,1,100.00%,75.00%,Sepi,Sepi,Benar,33.51
S5_HD,1.mp4,10.00,4,3,3,0,1,100.00%,75.00%,Sepi,Sepi,Benar,30.79
S5_HD,1.mp4,10.50,4,3,3,0,1,100.00%,75.00%,Sepi,Sepi,Benar,31.80
S5_HD,1.mp4,11.00,4,3,3,0,1,100.00%,75.00%,Sepi,Sepi,Benar,29.58
S5_HD,1.mp4,11.50,4,3,3,0,1,100.00%,75.00%,Sepi,Sepi,Benar,30.95
S5_HD,1.mp4,12.00,4,4,4,0,0,100.00%,100.00%,Sepi,Sepi,Benar,29.90
S5_HD,1.mp4,12.50,4,3,3,0,1,100.00%,75.00%,Sepi,Sepi,Benar,30.97
S5_HD,1.mp4,13.00,4,4,4,0,0,100.00%,100.00%,Sepi,Sepi,Benar,29.91
S5_HD,1.mp4,13.50,4,3,3,0,1,100.00%,75.00%,Sepi,Sepi,Benar,33.12
S5_HD,1.mp4,14.00,4,3,3,0,1,100.00%,75.00%,Sepi,Sepi,Benar,32.11
S5_HD,1.mp4,14.50,4,4,4,0,0,100.00%,100.00%,Sepi,Sepi,Benar,34.90
S5_HD,1.mp4,15.00,4,3,3,0,1,100.00%,75.00%,Sepi,Sepi,Benar,30.60
S5_HD,1.mp4,15.50,4,3,3,0,1,100.00%,75.00%,Sepi,Sepi,Benar,31.25
S5_HD,1.mp4,16.00,4,3,3,0,1,100.00%,75.00%,Sepi,Sepi,Benar,29.96
S5_HD,1.mp4,16.50,4,3,3,0,1,100.00%,75.00%,Sepi,Sepi,Benar,30.51
S5_HD,1.mp4,17.00,4,4,4,0,0,100.00%,100.00%,Sepi,Sepi,Benar,29.94
S5_HD,1.mp4,17.50,4,4,4,0,0,100.00%,100.00%,Sepi,Sepi,Benar,32.40
S5_HD,1.mp4,18.00,4,4,4,0,0,100.00%,100.00%,Sepi,Sepi,Benar,30.27
S5_HD,1.mp4,18.50,4,3,3,0,1,100.00%,75.00%,Sepi,Sepi,Benar,30.62
S5_HD,1.mp4,19.00,4,4,4,0,0,100.00%,100.00%,Sepi,Sepi,Benar,33.19
S5_HD,1.mp4,19.50,4,3,3,0,1,100.00%,75.00%,Sepi,Sepi,Benar,30.78
S5_HD,1.mp4,20.00,4,4,4,0,0,100.00%,100.00%,Sepi,Sepi,Benar,31.47
S5_HD,1.mp4,20.50,5,4,4,0,1,100.00%,80.00%,Sedang,Sepi,Salah,31.87
S5_HD,1.mp4,21.00,5,4,4,0,1,100.00%,80.00%,Sedang,Sepi,Salah,31.13
S5_HD,1.mp4,21.50,5,3,3,0,2,100.00%,60.00%,Sedang,Sepi,Salah,30.54
S5_HD,1.mp4,22.00,5,3,3,0,2,100.00%,60.00%,Sedang,Sepi,Salah,30.12
S5_HD,1.mp4,22.50,4,3,3,0,1,100.00%,75.00%,Sepi,Sepi,Benar,32.65
S5_HD,1.mp4,23.00,4,3,3,0,1,100.00%,75.00%,Sepi,Sepi,Benar,30.31
S5_HD,1.mp4,23.50,4,4,4,0,0,100.00%,100.00%,Sepi,Sepi,Benar,30.82
S5_HD,1.mp4,24.00,4,2,2,0,2,100.00%,50.00%,Sepi,Sepi,Benar,33.02
S5_HD,1.mp4,24.50,4,2,2,0,2,100.00%,50.00%,Sepi,Sepi,Benar,32.27
S5_HD,1.mp4,25.00,4,1,1,0,3,100.00%,25.00%,Sepi,Sepi,Benar,32.03
S5_HD,1.mp4,25.50,4,2,2,0,2,100.00%,50.00%,Sepi,Sepi,Benar,31.65
S5_HD,1.mp4,26.00,4,2,2,0,2,100.00%,50.00%,Sepi,Sepi,Benar,30.74
S5_HD,1.mp4,26.50,4,2,2,0,2,100.00%,50.00%,Sepi,Sepi,Benar,32.09
S5_HD,1.mp4,27.00,4,2,2,0,2,100.00%,50.00%,Sepi,Sepi,Benar,29.99
S5_HD,1.mp4,27.50,4,2,2,0,2,100.00%,50.00%,Sepi,Sepi,Benar,30.91
S5_HD,1.mp4,28.00,4,3,3,0,1,100.00%,75.00%,Sepi,Sepi,Benar,30.06
S5_HD,1.mp4,28.50,4,1,1,0,3,100.00%,25.00%,Sepi,Sepi,Benar,29.77
S5_HD,1.mp4,29.00,4,2,2,0,2,100.00%,50.00%,Sepi,Sepi,Benar,34.11
S5_HD,1.mp4,29.50,4,3,3,0,1,100.00%,75.00%,Sepi,Sepi,Benar,31.06
S5_HD,1.mp4,30.00,4,3,3,0,1,100.00%,75.00%,Sepi,Sepi,Benar,31.57
S5_HD,1.mp4,30.50,4,4,4,0,0,100.00%,100.00%,Sepi,Sepi,Benar,30.97
S5_HD,1.mp4,31.00,4,2,2,0,2,100.00%,50.00%,Sepi,Sepi,Benar,30.77
S5_HD,1.mp4,31.50,4,4,4,0,0,100.00%,100.00%,Sepi,Sepi,Benar,31.61
S5_HD,1.mp4,32.00,4,2,2,0,2,100.00%,50.00%,Sepi,Sepi,Benar,32.23
S5_HD,1.mp4,32.50,3,2,2,0,1,100.00%,66.67%,Sepi,Sepi,Benar,33.05
S5_HD,1.mp4,33.00,3,1,1,0,2,100.00%,33.33%,Sepi,Sepi,Benar,31.22
S5_HD,1.mp4,33.50,3,2,2,0,1,100.00%,66.67%,Sepi,Sepi,Benar,33.17
S5_HD,1.mp4,34.00,3,3,3,0,0,100.00%,100.00%,Sepi,Sepi,Benar,30.80
S5_HD,1.mp4,34.50,3,2,2,0,1,100.00%,66.67%,Sepi,Sepi,Benar,30.48
S5_HD,1.mp4,35.00,3,3,3,0,0,100.00%,100.00%,Sepi,Sepi,Benar,30.75
S5_HD,1.mp4,35.50,3,3,3,0,0,100.00%,100.00%,Sepi,Sepi,Benar,31.78
S5_HD,1.mp4,36.00,3,3,3,0,0,100.00%,100.00%,Sepi,Sepi,Benar,32.51
S5_HD,1.mp4,36.50,3,2,2,0,1,100.00%,66.67%,Sepi,Sepi,Benar,30.53
S5_HD,1.mp4,37.00,3,2,2,0,1,100.00%,66.67%,Sepi,Sepi,Benar,33.21
S5_HD,1.mp4,37.50,3,3,3,0,0,100.00%,100.00%,Sepi,Sepi,Benar,33.00
S5_HD,1.mp4,38.00,3,2,2,0,1,100.00%,66.67%,Sepi,Sepi,Benar,30.96
S5_HD,1.mp4,38.50,3,2,2,0,1,100.00%,66.67%,Sepi,Sepi,Benar,31.07
S5_HD,1.mp4,39.00,3,3,3,0,0,100.00%,100.00%,Sepi,Sepi,Benar,30.89
S5_HD,1.mp4,39.50,3,2,2,0,1,100.00%,66.67%,Sepi,Sepi,Benar,30.62
S5_HD,1.mp4,40.00,3,3,3,0,0,100.00%,100.00%,Sepi,Sepi,Benar,31.72
S5_HD,1.mp4,40.50,3,3,3,0,0,100.00%,100.00%,Sepi,Sepi,Benar,32.77
S5_HD,1.mp4,41.00,3,3,3,0,0,100.00%,100.00%,Sepi,Sepi,Benar,30.19
S5_HD,1.mp4,41.50,3,2,2,0,1,100.00%,66.67%,Sepi,Sepi,Benar,32.30
S5_HD,1.mp4,42.00,3,2,2,0,1,100.00%,66.67%,Sepi,Sepi,Benar,29.92
S5_HD,1.mp4,42.50,3,1,1,0,2,100.00%,33.33%,Sepi,Sepi,Benar,31.39
S5_HD,1.mp4,43.00,3,2,2,0,1,100.00%,66.67%,Sepi,Sepi,Benar,30.67
S5_HD,1.mp4,43.50,3,2,2,0,1,100.00%,66.67%,Sepi,Sepi,Benar,29.58
S5_HD,1.mp4,44.00,3,3,3,0,0,100.00%,100.00%,Sepi,Sepi,Benar,31.24
S5_HD,1.mp4,44.50,3,1,1,0,2,100.00%,33.33%,Sepi,Sepi,Benar,29.75
S5_HD,1.mp4,45.00,3,2,2,0,1,100.00%,66.67%,Sepi,Sepi,Benar,31.00
S5_HD,1.mp4,45.50,3,2,2,0,1,100.00%,66.67%,Sepi,Sepi,Benar,31.58
S5_HD,1.mp4,46.00,3,2,2,0,1,100.00%,66.67%,Sepi,Sepi,Benar,30.69
S5_HD,1.mp4,46.50,3,2,2,0,1,100.00%,66.67%,Sepi,Sepi,Benar,30.73
S5_HD,1.mp4,47.00,3,2,2,0,1,100.00%,66.67%,Sepi,Sepi,Benar,29.45
S5_HD,1.mp4,47.50,3,2,2,0,1,100.00%,66.67%,Sepi,Sepi,Benar,31.60
S5_HD,1.mp4,48.00,3,2,2,0,1,100.00%,66.67%,Sepi,Sepi,Benar,30.73
S5_HD,1.mp4,48.50,3,1,1,0,2,100.00%,33.33%,Sepi,Sepi,Benar,30.12
S5_HD,1.mp4,49.00,3,2,2,0,1,100.00%,66.67%,Sepi,Sepi,Benar,29.47
S5_HD,1.mp4,49.50,3,1,1,0,2,100.00%,33.33%,Sepi,Sepi,Benar,29.51
S5_HD,1.mp4,50.00,3,2,2,0,1,100.00%,66.67%,Sepi,Sepi,Benar,29.75
S5_HD,1.mp4,50.50,3,2,2,0,1,100.00%,66.67%,Sepi,Sepi,Benar,30.15
S5_HD,1.mp4,51.00,3,1,1,0,2,100.00%,33.33%,Sepi,Sepi,Benar,29.13
S5_HD,1.mp4,51.50,3,1,1,0,2,100.00%,33.33%,Sepi,Sepi,Benar,29.32
S5_HD,1.mp4,52.00,3,1,1,0,2,100.00%,33.33%,Sepi,Sepi,Benar,30.43
S5_HD,1.mp4,52.50,3,3,3,0,0,100.00%,100.00%,Sepi,Sepi,Benar,30.04
S5_HD,1.mp4,53.00,3,4,3,1,0,75.00%,100.00%,Sepi,Sepi,Benar,31.23
S5_HD,1.mp4,53.50,3,2,2,0,1,100.00%,66.67%,Sepi,Sepi,Benar,30.19
S5_HD,1.mp4,54.00,3,2,2,0,1,100.00%,66.67%,Sepi,Sepi,Benar,30.84
S5_HD,1.mp4,54.50,3,1,1,0,2,100.00%,33.33%,Sepi,Sepi,Benar,29.37
S5_HD,1.mp4,55.00,3,1,1,0,2,100.00%,33.33%,Sepi,Sepi,Benar,30.10
S5_HD,1.mp4,55.50,3,2,2,0,1,100.00%,66.67%,Sepi,Sepi,Benar,29.85
S5_HD,1.mp4,56.00,3,2,2,0,1,100.00%,66.67%,Sepi,Sepi,Benar,30.86
S5_HD,1.mp4,56.50,3,2,2,0,1,100.00%,66.67%,Sepi,Sepi,Benar,31.52
S5_HD,1.mp4,57.00,3,2,2,0,1,100.00%,66.67%,Sepi,Sepi,Benar,29.09
S5_HD,1.mp4,57.50,3,1,1,0,2,100.00%,33.33%,Sepi,Sepi,Benar,30.47
S5_HD,1.mp4,58.00,3,2,2,0,1,100.00%,66.67%,Sepi,Sepi,Benar,29.08
S5_HD,1.mp4,58.50,3,2,2,0,1,100.00%,66.67%,Sepi,Sepi,Benar,30.51
S5_HD,1.mp4,59.00,3,0,0,0,3,0.00%,0.00%,Sepi,Sepi,Benar,29.18
S5_HD,1.mp4,59.50,3,0,0,0,3,0.00%,0.00%,Sepi,Sepi,Benar,29.69
S5_HD,2.mp4,0.00,12,4,4,0,8,100.00%,33.33%,Ramai,Sepi,Salah,32.06
S5_HD,2.mp4,0.50,12,4,4,0,8,100.00%,33.33%,Ramai,Sepi,Salah,36.60
S5_HD,2.mp4,1.00,12,4,4,0,8,100.00%,33.33%,Ramai,Sepi,Salah,33.41
S5_HD,2.mp4,1.50,12,6,6,0,6,100.00%,50.00%,Ramai,Sedang,Salah,33.27
S5_HD,2.mp4,2.00,12,8,8,0,4,100.00%,66.67%,Ramai,Sedang,Salah,32.57
S5_HD,2.mp4,2.50,12,4,4,0,8,100.00%,33.33%,Ramai,Sepi,Salah,32.82
S5_HD,2.mp4,3.00,12,4,4,0,8,100.00%,33.33%,Ramai,Sepi,Salah,35.75
S5_HD,2.mp4,3.50,12,4,4,0,8,100.00%,33.33%,Ramai,Sepi,Salah,33.69
S5_HD,2.mp4,4.00,12,5,5,0,7,100.00%,41.67%,Ramai,Sedang,Salah,31.49
S5_HD,2.mp4,4.50,12,4,4,0,8,100.00%,33.33%,Ramai,Sepi,Salah,33.91
S5_HD,2.mp4,5.00,12,7,7,0,5,100.00%,58.33%,Ramai,Sedang,Salah,34.06
S5_HD,2.mp4,5.50,14,3,3,0,11,100.00%,21.43%,Ramai,Sepi,Salah,32.34
S5_HD,2.mp4,6.00,14,6,6,0,8,100.00%,42.86%,Ramai,Sedang,Salah,31.66
S5_HD,2.mp4,6.50,14,5,5,0,9,100.00%,35.71%,Ramai,Sedang,Salah,34.37
S5_HD,2.mp4,7.00,14,5,5,0,9,100.00%,35.71%,Ramai,Sedang,Salah,31.35
S5_HD,2.mp4,7.50,14,8,8,0,6,100.00%,57.14%,Ramai,Sedang,Salah,33.53
S5_HD,2.mp4,8.00,14,7,7,0,7,100.00%,50.00%,Ramai,Sedang,Salah,33.44
S5_HD,2.mp4,8.50,14,5,5,0,9,100.00%,35.71%,Ramai,Sedang,Salah,31.08
S5_HD,2.mp4,9.00,14,5,5,0,9,100.00%,35.71%,Ramai,Sedang,Salah,30.79
S5_HD,2.mp4,9.50,14,4,4,0,10,100.00%,28.57%,Ramai,Sepi,Salah,33.63
S5_HD,2.mp4,10.00,14,4,4,0,10,100.00%,28.57%,Ramai,Sepi,Salah,30.77
S5_HD,2.mp4,10.50,14,5,5,0,9,100.00%,35.71%,Ramai,Sedang,Salah,30.70
S5_HD,2.mp4,11.00,14,4,4,0,10,100.00%,28.57%,Ramai,Sepi,Salah,32.38
S5_HD,2.mp4,11.50,14,4,4,0,10,100.00%,28.57%,Ramai,Sepi,Salah,32.62
S5_HD,2.mp4,12.00,14,6,6,0,8,100.00%,42.86%,Ramai,Sedang,Salah,31.66
S5_HD,2.mp4,12.50,14,4,4,0,10,100.00%,28.57%,Ramai,Sepi,Salah,30.42
S5_HD,2.mp4,13.00,14,6,6,0,8,100.00%,42.86%,Ramai,Sedang,Salah,31.86
S5_HD,2.mp4,13.50,14,6,6,0,8,100.00%,42.86%,Ramai,Sedang,Salah,31.45
S5_HD,2.mp4,14.00,14,5,5,0,9,100.00%,35.71%,Ramai,Sedang,Salah,33.43
S5_HD,2.mp4,14.50,14,5,5,0,9,100.00%,35.71%,Ramai,Sedang,Salah,35.23
S5_HD,2.mp4,15.00,14,7,7,0,7,100.00%,50.00%,Ramai,Sedang,Salah,38.83
S5_HD,2.mp4,15.50,15,5,5,0,10,100.00%,33.33%,Ramai,Sedang,Salah,31.30
S5_HD,2.mp4,16.00,15,6,6,0,9,100.00%,40.00%,Ramai,Sedang,Salah,31.27
S5_HD,2.mp4,16.50,15,4,4,0,11,100.00%,26.67%,Ramai,Sepi,Salah,33.59
S5_HD,2.mp4,17.00,15,4,4,0,11,100.00%,26.67%,Ramai,Sepi,Salah,29.96
S5_HD,2.mp4,17.50,14,6,6,0,8,100.00%,42.86%,Ramai,Sedang,Salah,31.31
S5_HD,2.mp4,18.00,14,6,6,0,8,100.00%,42.86%,Ramai,Sedang,Salah,31.36
S5_HD,2.mp4,18.50,14,3,3,0,11,100.00%,21.43%,Ramai,Sepi,Salah,31.39
S5_HD,2.mp4,19.00,14,5,5,0,9,100.00%,35.71%,Ramai,Sedang,Salah,31.78
S5_HD,2.mp4,19.50,14,7,7,0,7,100.00%,50.00%,Ramai,Sedang,Salah,32.96
S5_HD,2.mp4,20.00,14,5,5,0,9,100.00%,35.71%,Ramai,Sedang,Salah,33.30
S5_HD,2.mp4,20.50,14,5,5,0,9,100.00%,35.71%,Ramai,Sedang,Salah,31.61
S5_HD,2.mp4,21.00,14,4,4,0,10,100.00%,28.57%,Ramai,Sepi,Salah,32.91
S5_HD,2.mp4,21.50,14,4,4,0,10,100.00%,28.57%,Ramai,Sepi,Salah,31.86
S5_HD,2.mp4,22.00,14,3,3,0,11,100.00%,21.43%,Ramai,Sepi,Salah,33.05
S5_HD,2.mp4,22.50,14,3,3,0,11,100.00%,21.43%,Ramai,Sepi,Salah,30.78
S5_HD,2.mp4,23.00,14,2,2,0,12,100.00%,14.29%,Ramai,Sepi,Salah,30.54
S5_HD,2.mp4,23.50,14,2,2,0,12,100.00%,14.29%,Ramai,Sepi,Salah,30.60
S5_HD,2.mp4,24.00,14,2,2,0,12,100.00%,14.29%,Ramai,Sepi,Salah,32.48
S5_HD,2.mp4,24.50,14,3,3,0,11,100.00%,21.43%,Ramai,Sepi,Salah,30.69
S5_HD,2.mp4,25.00,14,3,3,0,11,100.00%,21.43%,Ramai,Sepi,Salah,32.79
S5_HD,2.mp4,25.50,14,4,4,0,10,100.00%,28.57%,Ramai,Sepi,Salah,32.17
S5_HD,2.mp4,26.00,14,2,2,0,12,100.00%,14.29%,Ramai,Sepi,Salah,31.60
S5_HD,2.mp4,26.50,13,3,3,0,10,100.00%,23.08%,Ramai,Sepi,Salah,34.39
S5_HD,2.mp4,27.00,13,2,2,0,11,100.00%,15.38%,Ramai,Sepi,Salah,30.35
S5_HD,2.mp4,27.50,13,4,4,0,9,100.00%,30.77%,Ramai,Sepi,Salah,32.07
S5_HD,2.mp4,28.00,13,3,3,0,10,100.00%,23.08%,Ramai,Sepi,Salah,30.17
S5_HD,2.mp4,28.50,13,2,2,0,11,100.00%,15.38%,Ramai,Sepi,Salah,31.97
S5_HD,2.mp4,29.00,13,3,3,0,10,100.00%,23.08%,Ramai,Sepi,Salah,32.23
S5_HD,2.mp4,29.50,12,2,2,0,10,100.00%,16.67%,Ramai,Sepi,Salah,34.39
S5_HD,2.mp4,30.00,12,3,3,0,9,100.00%,25.00%,Ramai,Sepi,Salah,30.90
S5_HD,2.mp4,30.50,12,1,1,0,11,100.00%,8.33%,Ramai,Sepi,Salah,32.91
S5_HD,2.mp4,31.00,12,1,1,0,11,100.00%,8.33%,Ramai,Sepi,Salah,30.99
S5_HD,2.mp4,31.50,12,0,0,0,12,0.00%,0.00%,Ramai,Sepi,Salah,30.33
S5_HD,2.mp4,32.00,12,1,1,0,11,100.00%,8.33%,Ramai,Sepi,Salah,31.74
S5_HD,2.mp4,32.50,12,2,2,0,10,100.00%,16.67%,Ramai,Sepi,Salah,32.46
S5_HD,2.mp4,33.00,12,3,3,0,9,100.00%,25.00%,Ramai,Sepi,Salah,32.48
S5_HD,2.mp4,33.50,12,3,3,0,9,100.00%,25.00%,Ramai,Sepi,Salah,34.91
S5_HD,2.mp4,34.00,12,1,1,0,11,100.00%,8.33%,Ramai,Sepi,Salah,31.67
S5_HD,2.mp4,34.50,12,1,1,0,11,100.00%,8.33%,Ramai,Sepi,Salah,31.83
S5_HD,2.mp4,35.00,12,2,2,0,10,100.00%,16.67%,Ramai,Sepi,Salah,32.26
S5_HD,2.mp4,35.50,12,1,1,0,11,100.00%,8.33%,Ramai,Sepi,Salah,32.42
S5_HD,2.mp4,36.00,12,2,2,0,10,100.00%,16.67%,Ramai,Sepi,Salah,30.61
S5_HD,2.mp4,36.50,12,2,2,0,10,100.00%,16.67%,Ramai,Sepi,Salah,31.71
S5_HD,2.mp4,37.00,12,3,3,0,9,100.00%,25.00%,Ramai,Sepi,Salah,30.27
S5_HD,2.mp4,37.50,12,2,2,0,10,100.00%,16.67%,Ramai,Sepi,Salah,32.24
S5_HD,2.mp4,38.00,12,2,2,0,10,100.00%,16.67%,Ramai,Sepi,Salah,30.04
S5_HD,2.mp4,38.50,12,3,3,0,9,100.00%,25.00%,Ramai,Sepi,Salah,31.05
S5_HD,2.mp4,39.00,12,1,1,0,11,100.00%,8.33%,Ramai,Sepi,Salah,32.52
S5_HD,2.mp4,39.50,12,3,3,0,9,100.00%,25.00%,Ramai,Sepi,Salah,35.68
S5_XGA,1.mp4,0.00,5,3,3,0,2,100.00%,60.00%,Sedang,Sepi,Salah,38.47
S5_XGA,1.mp4,0.25,5,3,3,0,2,100.00%,60.00%,Sedang,Sepi,Salah,46.33
S5_XGA,1.mp4,0.50,5,2,2,0,3,100.00%,40.00%,Sedang,Sepi,Salah,37.09
S5_XGA,1.mp4,0.75,5,2,2,0,3,100.00%,40.00%,Sedang,Sepi,Salah,36.37
S5_XGA,1.mp4,1.00,5,2,2,0,3,100.00%,40.00%,Sedang,Sepi,Salah,34.86
S5_XGA,1.mp4,1.25,5,2,2,0,3,100.00%,40.00%,Sedang,Sepi,Salah,35.93
S5_XGA,1.mp4,1.50,5,2,2,0,3,100.00%,40.00%,Sedang,Sepi,Salah,37.74
S5_XGA,1.mp4,1.75,5,4,4,0,1,100.00%,80.00%,Sedang,Sepi,Salah,40.09
S5_XGA,1.mp4,2.00,5,4,4,0,1,100.00%,80.00%,Sedang,Sepi,Salah,41.21
S5_XGA,1.mp4,2.25,5,4,4,0,1,100.00%,80.00%,Sedang,Sepi,Salah,35.53
S5_XGA,1.mp4,2.50,5,4,4,0,1,100.00%,80.00%,Sedang,Sepi,Salah,35.27
S5_XGA,1.mp4,2.75,5,5,5,0,0,100.00%,100.00%,Sedang,Sedang,Benar,37.44
S5_XGA,1.mp4,3.00,5,4,4,0,1,100.00%,80.00%,Sedang,Sepi,Salah,34.90
S5_XGA,1.mp4,3.25,5,5,5,0,0,100.00%,100.00%,Sedang,Sedang,Benar,35.49
S5_XGA,1.mp4,3.50,5,4,4,0,1,100.00%,80.00%,Sedang,Sepi,Salah,36.99
S5_XGA,1.mp4,3.75,5,3,3,0,2,100.00%,60.00%,Sedang,Sepi,Salah,37.28
S5_XGA,1.mp4,4.00,5,4,4,0,1,100.00%,80.00%,Sedang,Sepi,Salah,35.22
S5_XGA,1.mp4,4.25,5,3,3,0,2,100.00%,60.00%,Sedang,Sepi,Salah,35.25
S5_XGA,1.mp4,4.50,5,3,3,0,2,100.00%,60.00%,Sedang,Sepi,Salah,35.50
S5_XGA,1.mp4,4.75,5,3,3,0,2,100.00%,60.00%,Sedang,Sepi,Salah,36.38
S5_XGA,1.mp4,5.00,5,3,3,0,2,100.00%,60.00%,Sedang,Sepi,Salah,34.80
S5_XGA,1.mp4,5.25,5,3,3,0,2,100.00%,60.00%,Sedang,Sepi,Salah,37.72
S5_XGA,1.mp4,5.50,5,4,4,0,1,100.00%,80.00%,Sedang,Sepi,Salah,35.99
S5_XGA,1.mp4,5.75,5,2,2,0,3,100.00%,40.00%,Sedang,Sepi,Salah,35.56
S5_XGA,1.mp4,6.00,5,2,2,0,3,100.00%,40.00%,Sedang,Sepi,Salah,35.17
S5_XGA,1.mp4,6.25,4,2,2,0,2,100.00%,50.00%,Sepi,Sepi,Benar,35.91
S5_XGA,1.mp4,6.50,4,3,3,0,1,100.00%,75.00%,Sepi,Sepi,Benar,36.35
S5_XGA,1.mp4,6.75,4,2,2,0,2,100.00%,50.00%,Sepi,Sepi,Benar,37.48
S5_XGA,1.mp4,7.00,4,2,2,0,2,100.00%,50.00%,Sepi,Sepi,Benar,35.15
S5_XGA,1.mp4,7.25,4,2,2,0,2,100.00%,50.00%,Sepi,Sepi,Benar,35.94
S5_XGA,1.mp4,7.50,4,2,2,0,2,100.00%,50.00%,Sepi,Sepi,Benar,35.53
S5_XGA,1.mp4,7.75,4,2,2,0,2,100.00%,50.00%,Sepi,Sepi,Benar,34.06
S5_XGA,1.mp4,8.00,4,2,2,0,2,100.00%,50.00%,Sepi,Sepi,Benar,32.78
S5_XGA,1.mp4,8.25,4,2,2,0,2,100.00%,50.00%,Sepi,Sepi,Benar,34.39
S5_XGA,1.mp4,8.50,4,2,2,0,2,100.00%,50.00%,Sepi,Sepi,Benar,34.00
S5_XGA,1.mp4,8.75,4,2,2,0,2,100.00%,50.00%,Sepi,Sepi,Benar,35.27
S5_XGA,1.mp4,9.00,4,2,2,0,2,100.00%,50.00%,Sepi,Sepi,Benar,35.66
S5_XGA,1.mp4,9.25,4,2,2,0,2,100.00%,50.00%,Sepi,Sepi,Benar,33.29
S5_XGA,1.mp4,9.50,4,2,2,0,2,100.00%,50.00%,Sepi,Sepi,Benar,33.32
S5_XGA,1.mp4,9.75,4,2,2,0,2,100.00%,50.00%,Sepi,Sepi,Benar,34.54
S5_XGA,1.mp4,10.00,4,2,2,0,2,100.00%,50.00%,Sepi,Sepi,Benar,32.81
S5_XGA,1.mp4,10.25,4,2,2,0,2,100.00%,50.00%,Sepi,Sepi,Benar,34.79
S5_XGA,1.mp4,10.50,4,2,2,0,2,100.00%,50.00%,Sepi,Sepi,Benar,35.58
S5_XGA,1.mp4,10.75,4,2,2,0,2,100.00%,50.00%,Sepi,Sepi,Benar,33.25
S5_XGA,1.mp4,11.00,4,3,3,0,1,100.00%,75.00%,Sepi,Sepi,Benar,32.03
S5_XGA,1.mp4,11.25,4,3,3,0,1,100.00%,75.00%,Sepi,Sepi,Benar,35.18
S5_XGA,1.mp4,11.50,4,3,3,0,1,100.00%,75.00%,Sepi,Sepi,Benar,33.44
S5_XGA,1.mp4,11.75,4,3,3,0,1,100.00%,75.00%,Sepi,Sepi,Benar,35.01
S5_XGA,1.mp4,12.00,4,4,4,0,0,100.00%,100.00%,Sepi,Sepi,Benar,35.20
S5_XGA,1.mp4,12.25,4,3,3,0,1,100.00%,75.00%,Sepi,Sepi,Benar,32.98
S5_XGA,1.mp4,12.50,4,3,3,0,1,100.00%,75.00%,Sepi,Sepi,Benar,33.31
S5_XGA,1.mp4,12.75,4,3,3,0,1,100.00%,75.00%,Sepi,Sepi,Benar,33.21
S5_XGA,1.mp4,13.00,4,3,3,0,1,100.00%,75.00%,Sepi,Sepi,Benar,32.46
S5_XGA,1.mp4,13.25,4,3,3,0,1,100.00%,75.00%,Sepi,Sepi,Benar,33.66
S5_XGA,1.mp4,13.50,4,3,3,0,1,100.00%,75.00%,Sepi,Sepi,Benar,33.01
S5_XGA,1.mp4,13.75,4,3,3,0,1,100.00%,75.00%,Sepi,Sepi,Benar,33.93
S5_XGA,1.mp4,14.00,4,3,3,0,1,100.00%,75.00%,Sepi,Sepi,Benar,32.08
S5_XGA,1.mp4,14.25,4,3,3,0,1,100.00%,75.00%,Sepi,Sepi,Benar,32.57
S5_XGA,1.mp4,14.50,4,3,3,0,1,100.00%,75.00%,Sepi,Sepi,Benar,33.20
S5_XGA,1.mp4,14.75,4,3,3,0,1,100.00%,75.00%,Sepi,Sepi,Benar,36.09
S5_XGA,1.mp4,15.00,4,3,3,0,1,100.00%,75.00%,Sepi,Sepi,Benar,33.77
S5_XGA,1.mp4,15.25,4,3,3,0,1,100.00%,75.00%,Sepi,Sepi,Benar,34.59
S5_XGA,1.mp4,15.50,4,3,3,0,1,100.00%,75.00%,Sepi,Sepi,Benar,34.19
S5_XGA,1.mp4,15.75,4,3,3,0,1,100.00%,75.00%,Sepi,Sepi,Benar,35.95
S5_XGA,1.mp4,16.00,4,4,4,0,0,100.00%,100.00%,Sepi,Sepi,Benar,35.79
S5_XGA,1.mp4,16.25,4,3,3,0,1,100.00%,75.00%,Sepi,Sepi,Benar,33.71
S5_XGA,1.mp4,16.50,4,3,3,0,1,100.00%,75.00%,Sepi,Sepi,Benar,34.31
S5_XGA,1.mp4,16.75,4,3,3,0,1,100.00%,75.00%,Sepi,Sepi,Benar,33.63
S5_XGA,1.mp4,17.00,4,3,3,0,1,100.00%,75.00%,Sepi,Sepi,Benar,34.25
S5_XGA,1.mp4,17.25,4,4,4,0,0,100.00%,100.00%,Sepi,Sepi,Benar,32.68
S5_XGA,1.mp4,17.50,4,3,3,0,1,100.00%,75.00%,Sepi,Sepi,Benar,34.03
S5_XGA,1.mp4,17.75,4,3,3,0,1,100.00%,75.00%,Sepi,Sepi,Benar,34.65
S5_XGA,1.mp4,18.00,4,3,3,0,1,100.00%,75.00%,Sepi,Sepi,Benar,32.66
S5_XGA,1.mp4,18.25,4,4,4,0,0,100.00%,100.00%,Sepi,Sepi,Benar,35.43
S5_XGA,1.mp4,18.50,4,3,3,0,1,100.00%,75.00%,Sepi,Sepi,Benar,34.60
S5_XGA,1.mp4,18.75,4,3,3,0,1,100.00%,75.00%,Sepi,Sepi,Benar,34.22
S5_XGA,1.mp4,19.00,4,4,4,0,0,100.00%,100.00%,Sepi,Sepi,Benar,33.29
S5_XGA,1.mp4,19.25,4,3,3,0,1,100.00%,75.00%,Sepi,Sepi,Benar,33.44
S5_XGA,1.mp4,19.50,4,4,4,0,0,100.00%,100.00%,Sepi,Sepi,Benar,34.08
S5_XGA,1.mp4,19.75,4,4,4,0,0,100.00%,100.00%,Sepi,Sepi,Benar,35.60
S5_XGA,1.mp4,20.00,4,3,3,0,1,100.00%,75.00%,Sepi,Sepi,Benar,33.14
S5_XGA,1.mp4,20.25,5,3,3,0,2,100.00%,60.00%,Sedang,Sepi,Salah,33.30
S5_XGA,1.mp4,20.50,5,3,3,0,2,100.00%,60.00%,Sedang,Sepi,Salah,33.59
S5_XGA,1.mp4,20.75,5,4,4,0,1,100.00%,80.00%,Sedang,Sepi,Salah,34.76
S5_XGA,1.mp4,21.00,5,4,4,0,1,100.00%,80.00%,Sedang,Sepi,Salah,35.16
S5_XGA,1.mp4,21.25,5,4,4,0,1,100.00%,80.00%,Sedang,Sepi,Salah,33.57
S5_XGA,1.mp4,21.50,5,3,3,0,2,100.00%,60.00%,Sedang,Sepi,Salah,33.98
S5_XGA,1.mp4,21.75,5,3,3,0,2,100.00%,60.00%,Sedang,Sepi,Salah,36.25
S5_XGA,1.mp4,22.00,5,3,3,0,2,100.00%,60.00%,Sedang,Sepi,Salah,32.70
S5_XGA,1.mp4,22.25,4,3,3,0,1,100.00%,75.00%,Sepi,Sepi,Benar,33.14
S5_XGA,1.mp4,22.50,4,3,3,0,1,100.00%,75.00%,Sepi,Sepi,Benar,32.72
S5_XGA,1.mp4,22.75,4,3,3,0,1,100.00%,75.00%,Sepi,Sepi,Benar,33.87
S5_XGA,1.mp4,23.00,4,3,3,0,1,100.00%,75.00%,Sepi,Sepi,Benar,32.95
S5_XGA,1.mp4,23.25,4,4,4,0,0,100.00%,100.00%,Sepi,Sepi,Benar,34.34
S5_XGA,1.mp4,23.50,4,2,2,0,2,100.00%,50.00%,Sepi,Sepi,Benar,33.07
S5_XGA,1.mp4,23.75,4,2,2,0,2,100.00%,50.00%,Sepi,Sepi,Benar,34.83
S5_XGA,1.mp4,24.00,4,1,1,0,3,100.00%,25.00%,Sepi,Sepi,Benar,34.22
S5_XGA,1.mp4,24.25,4,1,1,0,3,100.00%,25.00%,Sepi,Sepi,Benar,33.75
S5_XGA,1.mp4,24.50,4,1,1,0,3,100.00%,25.00%,Sepi,Sepi,Benar,34.53
S5_XGA,1.mp4,24.75,4,1,1,0,3,100.00%,25.00%,Sepi,Sepi,Benar,35.62
S5_XGA,1.mp4,25.00,4,1,1,0,3,100.00%,25.00%,Sepi,Sepi,Benar,34.57
S5_XGA,1.mp4,25.25,4,1,1,0,3,100.00%,25.00%,Sepi,Sepi,Benar,34.15
S5_XGA,1.mp4,25.50,4,2,2,0,2,100.00%,50.00%,Sepi,Sepi,Benar,37.00
S5_XGA,1.mp4,25.75,4,2,2,0,2,100.00%,50.00%,Sepi,Sepi,Benar,38.14
S5_XGA,1.mp4,26.00,4,2,2,0,2,100.00%,50.00%,Sepi,Sepi,Benar,37.73
S5_XGA,1.mp4,26.25,4,2,2,0,2,100.00%,50.00%,Sepi,Sepi,Benar,37.35
S5_XGA,1.mp4,26.50,4,2,2,0,2,100.00%,50.00%,Sepi,Sepi,Benar,36.09
S5_XGA,1.mp4,26.75,4,2,2,0,2,100.00%,50.00%,Sepi,Sepi,Benar,37.05
S5_XGA,1.mp4,27.00,4,3,3,0,1,100.00%,75.00%,Sepi,Sepi,Benar,35.04
S5_XGA,1.mp4,27.25,4,2,2,0,2,100.00%,50.00%,Sepi,Sepi,Benar,36.35
S5_XGA,1.mp4,27.50,4,2,2,0,2,100.00%,50.00%,Sepi,Sepi,Benar,37.31
S5_XGA,1.mp4,27.75,4,2,2,0,2,100.00%,50.00%,Sepi,Sepi,Benar,40.30
S5_XGA,1.mp4,28.00,4,2,2,0,2,100.00%,50.00%,Sepi,Sepi,Benar,35.98
S5_XGA,1.mp4,28.25,4,1,1,0,3,100.00%,25.00%,Sepi,Sepi,Benar,34.80
S5_XGA,1.mp4,28.50,4,1,1,0,3,100.00%,25.00%,Sepi,Sepi,Benar,38.62
S5_XGA,1.mp4,28.75,4,2,2,0,2,100.00%,50.00%,Sepi,Sepi,Benar,37.19
S5_XGA,1.mp4,29.00,4,2,2,0,2,100.00%,50.00%,Sepi,Sepi,Benar,36.01
S5_XGA,1.mp4,29.25,4,1,1,0,3,100.00%,25.00%,Sepi,Sepi,Benar,35.61
S5_XGA,1.mp4,29.50,4,1,1,0,3,100.00%,25.00%,Sepi,Sepi,Benar,33.58
S5_XGA,1.mp4,29.75,4,1,1,0,3,100.00%,25.00%,Sepi,Sepi,Benar,36.48
S5_XGA,1.mp4,30.00,4,1,1,0,3,100.00%,25.00%,Sepi,Sepi,Benar,34.19
S5_XGA,1.mp4,30.25,4,2,2,0,2,100.00%,50.00%,Sepi,Sepi,Benar,34.96
S5_XGA,1.mp4,30.50,4,3,3,0,1,100.00%,75.00%,Sepi,Sepi,Benar,35.92
S5_XGA,1.mp4,30.75,4,2,2,0,2,100.00%,50.00%,Sepi,Sepi,Benar,36.34
S5_XGA,1.mp4,31.00,4,2,2,0,2,100.00%,50.00%,Sepi,Sepi,Benar,34.40
S5_XGA,1.mp4,31.25,4,3,3,0,1,100.00%,75.00%,Sepi,Sepi,Benar,37.06
S5_XGA,1.mp4,31.50,4,3,3,0,1,100.00%,75.00%,Sepi,Sepi,Benar,35.37
S5_XGA,1.mp4,31.75,4,2,2,0,2,100.00%,50.00%,Sepi,Sepi,Benar,33.98
S5_XGA,1.mp4,32.00,4,2,2,0,2,100.00%,50.00%,Sepi,Sepi,Benar,34.08
S5_XGA,1.mp4,32.25,3,1,1,0,2,100.00%,33.33%,Sepi,Sepi,Benar,35.66
S5_XGA,1.mp4,32.50,3,1,1,0,2,100.00%,33.33%,Sepi,Sepi,Benar,34.61
S5_XGA,1.mp4,32.75,3,1,1,0,2,100.00%,33.33%,Sepi,Sepi,Benar,35.12
S5_XGA,1.mp4,33.00,3,1,1,0,2,100.00%,33.33%,Sepi,Sepi,Benar,35.12
S5_XGA,1.mp4,33.25,3,1,1,0,2,100.00%,33.33%,Sepi,Sepi,Benar,35.99
S5_XGA,1.mp4,33.50,3,2,2,0,1,100.00%,66.67%,Sepi,Sepi,Benar,34.79
S5_XGA,1.mp4,33.75,3,1,1,0,2,100.00%,33.33%,Sepi,Sepi,Benar,35.59
S5_XGA,1.mp4,34.00,3,1,1,0,2,100.00%,33.33%,Sepi,Sepi,Benar,35.49
S5_XGA,1.mp4,34.25,3,2,2,0,1,100.00%,66.67%,Sepi,Sepi,Benar,33.61
S5_XGA,1.mp4,34.50,3,2,2,0,1,100.00%,66.67%,Sepi,Sepi,Benar,36.62
S5_XGA,1.mp4,34.75,3,2,2,0,1,100.00%,66.67%,Sepi,Sepi,Benar,37.41
S5_XGA,1.mp4,35.00,3,3,3,0,0,100.00%,100.00%,Sepi,Sepi,Benar,35.16
S5_XGA,1.mp4,35.25,3,3,3,0,0,100.00%,100.00%,Sepi,Sepi,Benar,35.09
S5_XGA,1.mp4,35.50,3,2,2,0,1,100.00%,66.67%,Sepi,Sepi,Benar,34.85
S5_XGA,1.mp4,35.75,3,3,3,0,0,100.00%,100.00%,Sepi,Sepi,Benar,36.44
S5_XGA,1.mp4,36.00,3,2,2,0,1,100.00%,66.67%,Sepi,Sepi,Benar,34.22
S5_XGA,1.mp4,36.25,3,1,1,0,2,100.00%,33.33%,Sepi,Sepi,Benar,36.82
S5_XGA,1.mp4,36.50,3,2,2,0,1,100.00%,66.67%,Sepi,Sepi,Benar,37.01
S5_XGA,1.mp4,36.75,3,2,2,0,1,100.00%,66.67%,Sepi,Sepi,Benar,38.03
S5_XGA,1.mp4,37.00,3,2,2,0,1,100.00%,66.67%,Sepi,Sepi,Benar,33.79
S5_XGA,1.mp4,37.25,3,1,1,0,2,100.00%,33.33%,Sepi,Sepi,Benar,34.82
S5_XGA,1.mp4,37.50,3,2,2,0,1,100.00%,66.67%,Sepi,Sepi,Benar,36.62
S5_XGA,1.mp4,37.75,3,2,2,0,1,100.00%,66.67%,Sepi,Sepi,Benar,35.13
S5_XGA,1.mp4,38.00,3,2,2,0,1,100.00%,66.67%,Sepi,Sepi,Benar,35.06
S5_XGA,1.mp4,38.25,3,1,1,0,2,100.00%,33.33%,Sepi,Sepi,Benar,36.96
S5_XGA,1.mp4,38.50,3,2,2,0,1,100.00%,66.67%,Sepi,Sepi,Benar,34.77
S5_XGA,1.mp4,38.75,3,2,2,0,1,100.00%,66.67%,Sepi,Sepi,Benar,34.88
S5_XGA,1.mp4,39.00,3,1,1,0,2,100.00%,33.33%,Sepi,Sepi,Benar,33.55
S5_XGA,1.mp4,39.25,3,1,1,0,2,100.00%,33.33%,Sepi,Sepi,Benar,34.81
S5_XGA,1.mp4,39.50,3,2,2,0,1,100.00%,66.67%,Sepi,Sepi,Benar,34.07
S5_XGA,1.mp4,39.75,3,3,3,0,0,100.00%,100.00%,Sepi,Sepi,Benar,38.54
S5_XGA,1.mp4,40.00,3,2,2,0,1,100.00%,66.67%,Sepi,Sepi,Benar,35.25
S5_XGA,1.mp4,40.25,3,2,2,0,1,100.00%,66.67%,Sepi,Sepi,Benar,35.66
S5_XGA,1.mp4,40.50,3,1,1,0,2,100.00%,33.33%,Sepi,Sepi,Benar,34.68
S5_XGA,1.mp4,40.75,3,1,1,0,2,100.00%,33.33%,Sepi,Sepi,Benar,34.03
S5_XGA,1.mp4,41.00,3,1,1,0,2,100.00%,33.33%,Sepi,Sepi,Benar,35.64
S5_XGA,1.mp4,41.25,3,0,0,0,3,0.00%,0.00%,Sepi,Sepi,Benar,31.58
S5_XGA,1.mp4,41.50,3,0,0,0,3,0.00%,0.00%,Sepi,Sepi,Benar,32.61
S5_XGA,1.mp4,41.75,3,0,0,0,3,0.00%,0.00%,Sepi,Sepi,Benar,34.25
S5_XGA,1.mp4,42.00,3,0,0,0,3,0.00%,0.00%,Sepi,Sepi,Benar,32.29
S5_XGA,1.mp4,42.25,3,0,0,0,3,0.00%,0.00%,Sepi,Sepi,Benar,32.13
S5_XGA,1.mp4,42.50,3,0,0,0,3,0.00%,0.00%,Sepi,Sepi,Benar,34.02
S5_XGA,1.mp4,42.75,3,1,1,0,2,100.00%,33.33%,Sepi,Sepi,Benar,36.57
S5_XGA,1.mp4,43.00,3,1,1,0,2,100.00%,33.33%,Sepi,Sepi,Benar,35.40
S5_XGA,1.mp4,43.25,3,1,1,0,2,100.00%,33.33%,Sepi,Sepi,Benar,35.71
S5_XGA,1.mp4,43.50,3,0,0,0,3,0.00%,0.00%,Sepi,Sepi,Benar,33.21
S5_XGA,1.mp4,43.75,3,1,1,0,2,100.00%,33.33%,Sepi,Sepi,Benar,36.10
S5_XGA,1.mp4,44.00,3,2,2,0,1,100.00%,66.67%,Sepi,Sepi,Benar,36.60
S5_XGA,1.mp4,44.25,3,1,1,0,2,100.00%,33.33%,Sepi,Sepi,Benar,35.19
S5_XGA,1.mp4,44.50,3,1,1,0,2,100.00%,33.33%,Sepi,Sepi,Benar,36.01
S5_XGA,1.mp4,44.75,3,1,1,0,2,100.00%,33.33%,Sepi,Sepi,Benar,33.99
S5_XGA,1.mp4,45.00,3,1,1,0,2,100.00%,33.33%,Sepi,Sepi,Benar,34.65
S5_XGA,1.mp4,45.25,3,1,1,0,2,100.00%,33.33%,Sepi,Sepi,Benar,35.34
S5_XGA,1.mp4,45.50,3,0,0,0,3,0.00%,0.00%,Sepi,Sepi,Benar,31.71
S5_XGA,1.mp4,45.75,3,0,0,0,3,0.00%,0.00%,Sepi,Sepi,Benar,36.36
S5_XGA,1.mp4,46.00,3,1,1,0,2,100.00%,33.33%,Sepi,Sepi,Benar,34.46
S5_XGA,1.mp4,46.25,3,0,0,0,3,0.00%,0.00%,Sepi,Sepi,Benar,32.57
S5_XGA,1.mp4,46.50,3,0,0,0,3,0.00%,0.00%,Sepi,Sepi,Benar,34.28
S5_XGA,1.mp4,46.75,3,1,1,0,2,100.00%,33.33%,Sepi,Sepi,Benar,35.19
S5_XGA,1.mp4,47.00,3,1,1,0,2,100.00%,33.33%,Sepi,Sepi,Benar,34.72
S5_XGA,1.mp4,47.25,3,1,1,0,2,100.00%,33.33%,Sepi,Sepi,Benar,34.12
S5_XGA,1.mp4,47.50,3,1,1,0,2,100.00%,33.33%,Sepi,Sepi,Benar,34.20
S5_XGA,1.mp4,47.75,3,1,1,0,2,100.00%,33.33%,Sepi,Sepi,Benar,36.80
S5_XGA,1.mp4,48.00,3,1,1,0,2,100.00%,33.33%,Sepi,Sepi,Benar,34.74
S5_XGA,1.mp4,48.25,3,1,1,0,2,100.00%,33.33%,Sepi,Sepi,Benar,34.92
S5_XGA,1.mp4,48.50,3,1,1,0,2,100.00%,33.33%,Sepi,Sepi,Benar,34.73
S5_XGA,1.mp4,48.75,3,1,1,0,2,100.00%,33.33%,Sepi,Sepi,Benar,34.82
S5_XGA,1.mp4,49.00,3,0,0,0,3,0.00%,0.00%,Sepi,Sepi,Benar,32.45
S5_XGA,1.mp4,49.25,3,1,1,0,2,100.00%,33.33%,Sepi,Sepi,Benar,34.48
S5_XGA,1.mp4,49.50,3,0,0,0,3,0.00%,0.00%,Sepi,Sepi,Benar,32.80
S5_XGA,1.mp4,49.75,3,0,0,0,3,0.00%,0.00%,Sepi,Sepi,Benar,34.19
S5_XGA,1.mp4,50.00,3,0,0,0,3,0.00%,0.00%,Sepi,Sepi,Benar,31.56
S5_XGA,1.mp4,50.25,3,1,1,0,2,100.00%,33.33%,Sepi,Sepi,Benar,38.61
S5_XGA,1.mp4,50.50,3,0,0,0,3,0.00%,0.00%,Sepi,Sepi,Benar,32.36
S5_XGA,1.mp4,50.75,3,0,0,0,3,0.00%,0.00%,Sepi,Sepi,Benar,33.46
S5_XGA,1.mp4,51.00,3,1,1,0,2,100.00%,33.33%,Sepi,Sepi,Benar,34.38
S5_XGA,1.mp4,51.25,3,1,1,0,2,100.00%,33.33%,Sepi,Sepi,Benar,34.69
S5_XGA,1.mp4,51.50,3,1,1,0,2,100.00%,33.33%,Sepi,Sepi,Benar,35.29
S5_XGA,1.mp4,51.75,3,0,0,0,3,0.00%,0.00%,Sepi,Sepi,Benar,36.02
S5_XGA,1.mp4,52.00,3,0,0,0,3,0.00%,0.00%,Sepi,Sepi,Benar,33.62
S5_XGA,1.mp4,52.25,3,1,1,0,2,100.00%,33.33%,Sepi,Sepi,Benar,35.72
S5_XGA,1.mp4,52.50,3,1,1,0,2,100.00%,33.33%,Sepi,Sepi,Benar,34.74
S5_XGA,1.mp4,52.75,3,0,0,0,3,0.00%,0.00%,Sepi,Sepi,Benar,32.59
S5_XGA,1.mp4,53.00,3,1,1,0,2,100.00%,33.33%,Sepi,Sepi,Benar,33.95
S5_XGA,1.mp4,53.25,3,1,1,0,2,100.00%,33.33%,Sepi,Sepi,Benar,35.13
S5_XGA,1.mp4,53.50,3,0,0,0,3,0.00%,0.00%,Sepi,Sepi,Benar,32.47
S5_XGA,1.mp4,53.75,3,0,0,0,3,0.00%,0.00%,Sepi,Sepi,Benar,34.66
S5_XGA,1.mp4,54.00,3,0,0,0,3,0.00%,0.00%,Sepi,Sepi,Benar,32.40
S5_XGA,1.mp4,54.25,3,1,1,0,2,100.00%,33.33%,Sepi,Sepi,Benar,39.95
S5_XGA,1.mp4,54.50,3,1,1,0,2,100.00%,33.33%,Sepi,Sepi,Benar,36.75
S5_XGA,1.mp4,54.75,3,1,1,0,2,100.00%,33.33%,Sepi,Sepi,Benar,40.68
S5_XGA,1.mp4,55.00,3,1,1,0,2,100.00%,33.33%,Sepi,Sepi,Benar,40.54
S5_XGA,1.mp4,55.25,3,1,1,0,2,100.00%,33.33%,Sepi,Sepi,Benar,36.21
S5_XGA,1.mp4,55.50,3,1,1,0,2,100.00%,33.33%,Sepi,Sepi,Benar,35.34
S5_XGA,1.mp4,55.75,3,1,1,0,2,100.00%,33.33%,Sepi,Sepi,Benar,37.34
S5_XGA,1.mp4,56.00,3,1,1,0,2,100.00%,33.33%,Sepi,Sepi,Benar,34.76
S5_XGA,1.mp4,56.25,3,1,1,0,2,100.00%,33.33%,Sepi,Sepi,Benar,35.78
S5_XGA,1.mp4,56.50,3,1,1,0,2,100.00%,33.33%,Sepi,Sepi,Benar,35.80
S5_XGA,1.mp4,56.75,3,1,1,0,2,100.00%,33.33%,Sepi,Sepi,Benar,35.49
S5_XGA,1.mp4,57.00,3,1,1,0,2,100.00%,33.33%,Sepi,Sepi,Benar,34.75
S5_XGA,1.mp4,57.25,3,1,1,0,2,100.00%,33.33%,Sepi,Sepi,Benar,34.34
S5_XGA,1.mp4,57.50,3,1,1,0,2,100.00%,33.33%,Sepi,Sepi,Benar,36.84
S5_XGA,1.mp4,57.75,3,1,1,0,2,100.00%,33.33%,Sepi,Sepi,Benar,36.55
S5_XGA,1.mp4,58.00,3,2,2,0,1,100.00%,66.67%,Sepi,Sepi,Benar,34.75
S5_XGA,1.mp4,58.25,3,1,1,0,2,100.00%,33.33%,Sepi,Sepi,Benar,35.38
S5_XGA,1.mp4,58.50,3,1,1,0,2,100.00%,33.33%,Sepi,Sepi,Benar,37.02
S5_XGA,1.mp4,58.75,3,1,1,0,2,100.00%,33.33%,Sepi,Sepi,Benar,37.18
S5_XGA,1.mp4,59.00,3,1,1,0,2,100.00%,33.33%,Sepi,Sepi,Benar,34.78
S5_XGA,1.mp4,59.25,3,1,1,0,2,100.00%,33.33%,Sepi,Sepi,Benar,35.48
S5_XGA,1.mp4,59.50,3,1,1,0,2,100.00%,33.33%,Sepi,Sepi,Benar,35.64
S5_XGA,2.mp4,0.00,12,3,3,0,9,100.00%,25.00%,Ramai,Sepi,Salah,34.76
S5_XGA,2.mp4,0.25,12,4,4,0,8,100.00%,33.33%,Ramai,Sepi,Salah,35.43
S5_XGA,2.mp4,0.50,12,3,3,0,9,100.00%,25.00%,Ramai,Sepi,Salah,36.25
S5_XGA,2.mp4,0.75,12,3,3,0,9,100.00%,25.00%,Ramai,Sepi,Salah,35.94
S5_XGA,2.mp4,1.00,12,6,6,0,6,100.00%,50.00%,Ramai,Sedang,Salah,35.40
S5_XGA,2.mp4,1.25,12,3,3,0,9,100.00%,25.00%,Ramai,Sepi,Salah,36.04
S5_XGA,2.mp4,1.50,12,1,1,0,11,100.00%,8.33%,Ramai,Sepi,Salah,34.45
S5_XGA,2.mp4,1.75,12,3,3,0,9,100.00%,25.00%,Ramai,Sepi,Salah,34.80
S5_XGA,2.mp4,2.00,12,6,6,0,6,100.00%,50.00%,Ramai,Sedang,Salah,36.62
S5_XGA,2.mp4,2.25,12,5,5,0,7,100.00%,41.67%,Ramai,Sedang,Salah,36.85
S5_XGA,2.mp4,2.50,12,3,3,0,9,100.00%,25.00%,Ramai,Sepi,Salah,35.11
S5_XGA,2.mp4,2.75,12,3,3,0,9,100.00%,25.00%,Ramai,Sepi,Salah,37.87
S5_XGA,2.mp4,3.00,12,4,4,0,8,100.00%,33.33%,Ramai,Sepi,Salah,35.70
S5_XGA,2.mp4,3.25,12,4,4,0,8,100.00%,33.33%,Ramai,Sepi,Salah,35.67
S5_XGA,2.mp4,3.50,12,4,4,0,8,100.00%,33.33%,Ramai,Sepi,Salah,36.92
S5_XGA,2.mp4,3.75,12,5,5,0,7,100.00%,41.67%,Ramai,Sedang,Salah,38.30
S5_XGA,2.mp4,4.00,12,4,4,0,8,100.00%,33.33%,Ramai,Sepi,Salah,35.02
S5_XGA,2.mp4,4.25,12,4,4,0,8,100.00%,33.33%,Ramai,Sepi,Salah,34.61
S5_XGA,2.mp4,4.50,12,4,4,0,8,100.00%,33.33%,Ramai,Sepi,Salah,35.35
S5_XGA,2.mp4,4.75,12,4,4,0,8,100.00%,33.33%,Ramai,Sepi,Salah,40.04
S5_XGA,2.mp4,5.00,12,4,4,0,8,100.00%,33.33%,Ramai,Sepi,Salah,35.57
S5_XGA,2.mp4,5.25,14,5,5,0,9,100.00%,35.71%,Ramai,Sedang,Salah,35.15
S5_XGA,2.mp4,5.50,14,6,6,0,8,100.00%,42.86%,Ramai,Sedang,Salah,38.10
S5_XGA,2.mp4,5.75,14,5,5,0,9,100.00%,35.71%,Ramai,Sedang,Salah,35.76
S5_XGA,2.mp4,6.00,14,6,6,0,8,100.00%,42.86%,Ramai,Sedang,Salah,38.15
S5_XGA,2.mp4,6.25,14,6,6,0,8,100.00%,42.86%,Ramai,Sedang,Salah,36.41
S5_XGA,2.mp4,6.50,14,3,3,0,11,100.00%,21.43%,Ramai,Sepi,Salah,36.15
S5_XGA,2.mp4,6.75,14,4,4,0,10,100.00%,28.57%,Ramai,Sepi,Salah,38.43
S5_XGA,2.mp4,7.00,14,6,6,0,8,100.00%,42.86%,Ramai,Sedang,Salah,36.03
S5_XGA,2.mp4,7.25,14,5,5,0,9,100.00%,35.71%,Ramai,Sedang,Salah,37.27
S5_XGA,2.mp4,7.50,14,7,7,0,7,100.00%,50.00%,Ramai,Sedang,Salah,38.77
S5_XGA,2.mp4,7.75,14,6,6,0,8,100.00%,42.86%,Ramai,Sedang,Salah,36.89
S5_XGA,2.mp4,8.00,14,6,6,0,8,100.00%,42.86%,Ramai,Sedang,Salah,35.12
S5_XGA,2.mp4,8.25,14,5,5,0,9,100.00%,35.71%,Ramai,Sedang,Salah,37.04
S5_XGA,2.mp4,8.50,14,5,5,0,9,100.00%,35.71%,Ramai,Sedang,Salah,35.50
S5_XGA,2.mp4,8.75,14,5,5,0,9,100.00%,35.71%,Ramai,Sedang,Salah,39.35
S5_XGA,2.mp4,9.00,14,5,5,0,9,100.00%,35.71%,Ramai,Sedang,Salah,39.62
S5_XGA,2.mp4,9.25,14,5,5,0,9,100.00%,35.71%,Ramai,Sedang,Salah,40.10
S5_XGA,2.mp4,9.50,14,4,4,0,10,100.00%,28.57%,Ramai,Sepi,Salah,35.59
S5_XGA,2.mp4,9.75,14,4,4,0,10,100.00%,28.57%,Ramai,Sepi,Salah,37.91
S5_XGA,2.mp4,10.00,14,5,5,0,9,100.00%,35.71%,Ramai,Sedang,Salah,40.38
S5_XGA,2.mp4,10.25,14,4,4,0,10,100.00%,28.57%,Ramai,Sepi,Salah,35.61
S5_XGA,2.mp4,10.50,14,4,4,0,10,100.00%,28.57%,Ramai,Sepi,Salah,36.49
S5_XGA,2.mp4,10.75,14,4,4,0,10,100.00%,28.57%,Ramai,Sepi,Salah,35.85
S5_XGA,2.mp4,11.00,14,4,4,0,10,100.00%,28.57%,Ramai,Sepi,Salah,36.07
S5_XGA,2.mp4,11.25,14,3,3,0,11,100.00%,21.43%,Ramai,Sepi,Salah,34.72
S5_XGA,2.mp4,11.50,14,3,3,0,11,100.00%,21.43%,Ramai,Sepi,Salah,34.48
S5_XGA,2.mp4,11.75,14,5,5,0,9,100.00%,35.71%,Ramai,Sedang,Salah,37.71
S5_XGA,2.mp4,12.00,14,3,3,0,11,100.00%,21.43%,Ramai,Sepi,Salah,36.55
S5_XGA,2.mp4,12.25,14,3,3,0,11,100.00%,21.43%,Ramai,Sepi,Salah,36.69
S5_XGA,2.mp4,12.50,14,4,4,0,10,100.00%,28.57%,Ramai,Sepi,Salah,35.59
S5_XGA,2.mp4,12.75,14,4,4,0,10,100.00%,28.57%,Ramai,Sepi,Salah,37.90
S5_XGA,2.mp4,13.00,14,5,5,0,9,100.00%,35.71%,Ramai,Sedang,Salah,35.14
S5_XGA,2.mp4,13.25,14,5,5,0,9,100.00%,35.71%,Ramai,Sedang,Salah,37.94
S5_XGA,2.mp4,13.50,14,5,5,0,9,100.00%,35.71%,Ramai,Sedang,Salah,38.28
S5_XGA,2.mp4,13.75,14,4,4,0,10,100.00%,28.57%,Ramai,Sepi,Salah,36.11
S5_XGA,2.mp4,14.00,14,3,3,0,11,100.00%,21.43%,Ramai,Sepi,Salah,35.59
S5_XGA,2.mp4,14.25,14,2,2,0,12,100.00%,14.29%,Ramai,Sepi,Salah,34.60
S5_XGA,2.mp4,14.50,14,3,3,0,11,100.00%,21.43%,Ramai,Sepi,Salah,38.57
S5_XGA,2.mp4,14.75,14,4,4,0,10,100.00%,28.57%,Ramai,Sepi,Salah,36.18
S5_XGA,2.mp4,15.00,14,5,5,0,9,100.00%,35.71%,Ramai,Sedang,Salah,36.57
S5_XGA,2.mp4,15.25,15,3,3,0,12,100.00%,20.00%,Ramai,Sepi,Salah,35.47
S5_XGA,2.mp4,15.50,15,3,3,0,12,100.00%,20.00%,Ramai,Sepi,Salah,34.68
S5_XGA,2.mp4,15.75,15,3,3,0,12,100.00%,20.00%,Ramai,Sepi,Salah,36.40
S5_XGA,2.mp4,16.00,15,4,4,0,11,100.00%,26.67%,Ramai,Sepi,Salah,35.84
S5_XGA,2.mp4,16.25,15,4,4,0,11,100.00%,26.67%,Ramai,Sepi,Salah,36.00
S5_XGA,2.mp4,16.50,15,4,4,0,11,100.00%,26.67%,Ramai,Sepi,Salah,37.77
S5_XGA,2.mp4,16.75,15,6,6,0,9,100.00%,40.00%,Ramai,Sedang,Salah,37.12
S5_XGA,2.mp4,17.00,15,4,4,0,11,100.00%,26.67%,Ramai,Sepi,Salah,35.11
S5_XGA,2.mp4,17.25,14,3,3,0,11,100.00%,21.43%,Ramai,Sepi,Salah,34.79
S5_XGA,2.mp4,17.50,14,4,4,0,10,100.00%,28.57%,Ramai,Sepi,Salah,35.26
S5_XGA,2.mp4,17.75,14,3,3,0,11,100.00%,21.43%,Ramai,Sepi,Salah,37.14
S5_XGA,2.mp4,18.00,14,2,2,0,12,100.00%,14.29%,Ramai,Sepi,Salah,34.41
S5_XGA,2.mp4,18.25,14,2,2,0,12,100.00%,14.29%,Ramai,Sepi,Salah,36.43
S5_XGA,2.mp4,18.50,14,3,3,0,11,100.00%,21.43%,Ramai,Sepi,Salah,36.16
S5_XGA,2.mp4,18.75,14,3,3,0,11,100.00%,21.43%,Ramai,Sepi,Salah,38.49
S5_XGA,2.mp4,19.00,14,2,2,0,12,100.00%,14.29%,Ramai,Sepi,Salah,35.83
S5_XGA,2.mp4,19.25,14,3,3,0,11,100.00%,21.43%,Ramai,Sepi,Salah,35.65
S5_XGA,2.mp4,19.50,14,3,3,0,11,100.00%,21.43%,Ramai,Sepi,Salah,35.87
S5_XGA,2.mp4,19.75,14,2,2,0,12,100.00%,14.29%,Ramai,Sepi,Salah,35.81
S5_XGA,2.mp4,20.00,14,4,4,0,10,100.00%,28.57%,Ramai,Sepi,Salah,35.70
S5_XGA,2.mp4,20.25,14,4,4,0,10,100.00%,28.57%,Ramai,Sepi,Salah,35.38
S5_XGA,2.mp4,20.50,14,2,2,0,12,100.00%,14.29%,Ramai,Sepi,Salah,35.23
S5_XGA,2.mp4,20.75,14,3,3,0,11,100.00%,21.43%,Ramai,Sepi,Salah,35.75
S5_XGA,2.mp4,21.00,14,4,4,0,10,100.00%,28.57%,Ramai,Sepi,Salah,39.53
S5_XGA,2.mp4,21.25,14,3,3,0,11,100.00%,21.43%,Ramai,Sepi,Salah,36.77
S5_XGA,2.mp4,21.50,14,2,2,0,12,100.00%,14.29%,Ramai,Sepi,Salah,37.23
S5_XGA,2.mp4,21.75,14,3,3,0,11,100.00%,21.43%,Ramai,Sepi,Salah,35.45
S5_XGA,2.mp4,22.00,14,2,2,0,12,100.00%,14.29%,Ramai,Sepi,Salah,37.35
S5_XGA,2.mp4,22.25,14,2,2,0,12,100.00%,14.29%,Ramai,Sepi,Salah,35.39
S5_XGA,2.mp4,22.50,14,1,1,0,13,100.00%,7.14%,Ramai,Sepi,Salah,34.43
S5_XGA,2.mp4,22.75,14,2,2,0,12,100.00%,14.29%,Ramai,Sepi,Salah,35.37
S5_XGA,2.mp4,23.00,14,0,0,0,14,0.00%,0.00%,Ramai,Sepi,Salah,33.07
S5_XGA,2.mp4,23.25,14,2,2,0,12,100.00%,14.29%,Ramai,Sepi,Salah,37.19
S5_XGA,2.mp4,23.50,14,1,1,0,13,100.00%,7.14%,Ramai,Sepi,Salah,36.45
S5_XGA,2.mp4,23.75,14,3,3,0,11,100.00%,21.43%,Ramai,Sepi,Salah,38.13
S5_XGA,2.mp4,24.00,14,3,3,0,11,100.00%,21.43%,Ramai,Sepi,Salah,35.43
S5_XGA,2.mp4,24.25,14,2,2,0,12,100.00%,14.29%,Ramai,Sepi,Salah,37.90
S5_XGA,2.mp4,24.50,14,2,2,0,12,100.00%,14.29%,Ramai,Sepi,Salah,44.39
S5_XGA,2.mp4,24.75,14,2,2,0,12,100.00%,14.29%,Ramai,Sepi,Salah,40.10
S5_XGA,2.mp4,25.00,14,2,2,0,12,100.00%,14.29%,Ramai,Sepi,Salah,36.65
S5_XGA,2.mp4,25.25,14,4,4,0,10,100.00%,28.57%,Ramai,Sepi,Salah,38.68
S5_XGA,2.mp4,25.50,14,4,4,0,10,100.00%,28.57%,Ramai,Sepi,Salah,37.88
S5_XGA,2.mp4,25.75,14,4,4,0,10,100.00%,28.57%,Ramai,Sepi,Salah,38.13
S5_XGA,2.mp4,26.00,14,3,3,0,11,100.00%,21.43%,Ramai,Sepi,Salah,37.50
S5_XGA,2.mp4,26.25,13,4,4,0,9,100.00%,30.77%,Ramai,Sepi,Salah,36.64
S5_XGA,2.mp4,26.50,13,3,3,0,10,100.00%,23.08%,Ramai,Sepi,Salah,42.47
S5_XGA,2.mp4,26.75,13,4,4,0,9,100.00%,30.77%,Ramai,Sepi,Salah,37.64
S5_XGA,2.mp4,27.00,13,3,3,0,10,100.00%,23.08%,Ramai,Sepi,Salah,37.26
S5_XGA,2.mp4,27.25,13,3,3,0,10,100.00%,23.08%,Ramai,Sepi,Salah,36.15
S5_XGA,2.mp4,27.50,13,4,4,0,9,100.00%,30.77%,Ramai,Sepi,Salah,37.13
S5_XGA,2.mp4,27.75,13,4,4,0,9,100.00%,30.77%,Ramai,Sepi,Salah,38.50
S5_XGA,2.mp4,28.00,13,3,3,0,10,100.00%,23.08%,Ramai,Sepi,Salah,41.24
S5_XGA,2.mp4,28.25,13,2,2,0,11,100.00%,15.38%,Ramai,Sepi,Salah,40.05
S5_XGA,2.mp4,28.50,13,1,1,0,12,100.00%,7.69%,Ramai,Sepi,Salah,38.86
S5_XGA,2.mp4,28.75,13,2,2,0,11,100.00%,15.38%,Ramai,Sepi,Salah,38.63
S5_XGA,2.mp4,29.00,13,2,2,0,11,100.00%,15.38%,Ramai,Sepi,Salah,36.15
S5_XGA,2.mp4,29.25,12,3,3,0,9,100.00%,25.00%,Ramai,Sepi,Salah,35.48
S5_XGA,2.mp4,29.50,12,3,3,0,9,100.00%,25.00%,Ramai,Sepi,Salah,34.97
S5_XGA,2.mp4,29.75,12,3,3,0,9,100.00%,25.00%,Ramai,Sepi,Salah,38.53
S5_XGA,2.mp4,30.00,12,2,2,0,10,100.00%,16.67%,Ramai,Sepi,Salah,35.99
S5_XGA,2.mp4,30.25,12,3,3,0,9,100.00%,25.00%,Ramai,Sepi,Salah,36.55
S5_XGA,2.mp4,30.50,12,0,0,0,12,0.00%,0.00%,Ramai,Sepi,Salah,34.72
S5_XGA,2.mp4,30.75,12,3,3,0,9,100.00%,25.00%,Ramai,Sepi,Salah,36.74
S5_XGA,2.mp4,31.00,12,2,2,0,10,100.00%,16.67%,Ramai,Sepi,Salah,35.52
S5_XGA,2.mp4,31.25,12,1,1,0,11,100.00%,8.33%,Ramai,Sepi,Salah,36.43
S5_XGA,2.mp4,31.50,12,2,2,0,10,100.00%,16.67%,Ramai,Sepi,Salah,35.37
S5_XGA,2.mp4,31.75,12,1,1,0,11,100.00%,8.33%,Ramai,Sepi,Salah,35.99
S5_XGA,2.mp4,32.00,12,0,0,0,12,0.00%,0.00%,Ramai,Sepi,Salah,32.27
S5_XGA,2.mp4,32.25,12,0,0,0,12,0.00%,0.00%,Ramai,Sepi,Salah,32.02
S5_XGA,2.mp4,32.50,12,0,0,0,12,0.00%,0.00%,Ramai,Sepi,Salah,32.98
S5_XGA,2.mp4,32.75,12,0,0,0,12,0.00%,0.00%,Ramai,Sepi,Salah,34.34
S5_XGA,2.mp4,33.00,12,0,0,0,12,0.00%,0.00%,Ramai,Sepi,Salah,32.42
S5_XGA,2.mp4,33.25,12,1,1,0,11,100.00%,8.33%,Ramai,Sepi,Salah,34.25
S5_XGA,2.mp4,33.50,12,2,2,0,10,100.00%,16.67%,Ramai,Sepi,Salah,36.40
S5_XGA,2.mp4,33.75,12,1,1,0,11,100.00%,8.33%,Ramai,Sepi,Salah,36.82
S5_XGA,2.mp4,34.00,12,2,2,0,10,100.00%,16.67%,Ramai,Sepi,Salah,35.23
S5_XGA,2.mp4,34.25,12,2,2,0,10,100.00%,16.67%,Ramai,Sepi,Salah,35.75
S5_XGA,2.mp4,34.50,12,2,2,0,10,100.00%,16.67%,Ramai,Sepi,Salah,34.86
S5_XGA,2.mp4,34.75,12,1,1,0,11,100.00%,8.33%,Ramai,Sepi,Salah,35.50
S5_XGA,2.mp4,35.00,12,1,1,0,11,100.00%,8.33%,Ramai,Sepi,Salah,34.35
S5_XGA,2.mp4,35.25,12,0,0,0,12,0.00%,0.00%,Ramai,Sepi,Salah,33.03
S5_XGA,2.mp4,35.50,12,0,0,0,12,0.00%,0.00%,Ramai,Sepi,Salah,33.27
S5_XGA,2.mp4,35.75,12,0,0,0,12,0.00%,0.00%,Ramai,Sepi,Salah,32.16
S5_XGA,2.mp4,36.00,12,2,2,0,10,100.00%,16.67%,Ramai,Sepi,Salah,34.92
S5_XGA,2.mp4,36.25,12,2,2,0,10,100.00%,16.67%,Ramai,Sepi,Salah,36.07
S5_XGA,2.mp4,36.50,12,2,2,0,10,100.00%,16.67%,Ramai,Sepi,Salah,40.06
S5_XGA,2.mp4,36.75,12,2,2,0,10,100.00%,16.67%,Ramai,Sepi,Salah,42.19
S5_XGA,2.mp4,37.00,12,2,2,0,10,100.00%,16.67%,Ramai,Sepi,Salah,41.83
S5_XGA,2.mp4,37.25,12,1,1,0,11,100.00%,8.33%,Ramai,Sepi,Salah,37.54
S5_XGA,2.mp4,37.50,12,2,2,0,10,100.00%,16.67%,Ramai,Sepi,Salah,38.12
S5_XGA,2.mp4,37.75,12,1,1,0,11,100.00%,8.33%,Ramai,Sepi,Salah,37.66
S5_XGA,2.mp4,38.00,12,1,1,0,11,100.00%,8.33%,Ramai,Sepi,Salah,37.61
S5_XGA,2.mp4,38.25,12,0,0,0,12,0.00%,0.00%,Ramai,Sepi,Salah,34.63
S5_XGA,2.mp4,38.50,12,1,1,0,11,100.00%,8.33%,Ramai,Sepi,Salah,37.43
S5_XGA,2.mp4,38.75,12,1,1,0,11,100.00%,8.33%,Ramai,Sepi,Salah,36.19
S5_XGA,2.mp4,39.00,12,1,1,0,11,100.00%,8.33%,Ramai,Sepi,Salah,36.54
S5_XGA,2.mp4,39.25,12,2,2,0,10,100.00%,16.67%,Ramai,Sepi,Salah,36.16
S5_XGA,2.mp4,39.50,12,2,2,0,10,100.00%,16.67%,Ramai,Sepi,Salah,37.19
S5_XGA,2.mp4,39.75,12,2,2,0,10,100.00%,16.67%,Ramai,Sepi,Salah,36.91
S5_SVGA,1.mp4,0.00,5,2,2,0,3,100.00%,40.00%,Sedang,Sepi,Salah,36.21
S5_SVGA,1.mp4,0.17,5,2,2,0,3,100.00%,40.00%,Sedang,Sepi,Salah,48.35
S5_SVGA,1.mp4,0.33,5,3,3,0,2,100.00%,60.00%,Sedang,Sepi,Salah,42.14
S5_SVGA,1.mp4,0.50,5,2,2,0,3,100.00%,40.00%,Sedang,Sepi,Salah,33.35
S5_SVGA,1.mp4,0.67,5,3,3,0,2,100.00%,60.00%,Sedang,Sepi,Salah,36.38
S5_SVGA,1.mp4,0.83,5,3,3,0,2,100.00%,60.00%,Sedang,Sepi,Salah,33.86
S5_SVGA,1.mp4,1.00,5,2,2,0,3,100.00%,40.00%,Sedang,Sepi,Salah,33.77
S5_SVGA,1.mp4,1.17,5,2,2,0,3,100.00%,40.00%,Sedang,Sepi,Salah,36.65
S5_SVGA,1.mp4,1.33,5,2,2,0,3,100.00%,40.00%,Sedang,Sepi,Salah,33.18
S5_SVGA,1.mp4,1.50,5,2,2,0,3,100.00%,40.00%,Sedang,Sepi,Salah,33.55
S5_SVGA,1.mp4,1.67,5,3,3,0,2,100.00%,60.00%,Sedang,Sepi,Salah,34.44
S5_SVGA,1.mp4,1.83,5,4,4,0,1,100.00%,80.00%,Sedang,Sepi,Salah,33.56
S5_SVGA,1.mp4,2.00,5,4,4,0,1,100.00%,80.00%,Sedang,Sepi,Salah,34.08
S5_SVGA,1.mp4,2.17,5,4,4,0,1,100.00%,80.00%,Sedang,Sepi,Salah,34.72
S5_SVGA,1.mp4,2.33,5,4,4,0,1,100.00%,80.00%,Sedang,Sepi,Salah,35.21
S5_SVGA,1.mp4,2.50,5,3,3,0,2,100.00%,60.00%,Sedang,Sepi,Salah,34.20
S5_SVGA,1.mp4,2.67,5,3,3,0,2,100.00%,60.00%,Sedang,Sepi,Salah,33.99
S5_SVGA,1.mp4,2.83,5,4,4,0,1,100.00%,80.00%,Sedang,Sepi,Salah,37.31
S5_SVGA,1.mp4,3.00,5,5,5,0,0,100.00%,100.00%,Sedang,Sedang,Benar,34.57
S5_SVGA,1.mp4,3.17,5,4,4,0,1,100.00%,80.00%,Sedang,Sepi,Salah,33.88
S5_SVGA,1.mp4,3.33,5,4,4,0,1,100.00%,80.00%,Sedang,Sepi,Salah,35.42
S5_SVGA,1.mp4,3.50,5,4,4,0,1,100.00%,80.00%,Sedang,Sepi,Salah,34.05
S5_SVGA,1.mp4,3.67,5,3,3,0,2,100.00%,60.00%,Sedang,Sepi,Salah,34.39
S5_SVGA,1.mp4,3.83,5,4,4,0,1,100.00%,80.00%,Sedang,Sepi,Salah,35.10
S5_SVGA,1.mp4,4.00,5,3,3,0,2,100.00%,60.00%,Sedang,Sepi,Salah,34.14
S5_SVGA,1.mp4,4.17,5,3,3,0,2,100.00%,60.00%,Sedang,Sepi,Salah,33.32
S5_SVGA,1.mp4,4.33,5,3,3,0,2,100.00%,60.00%,Sedang,Sepi,Salah,33.30
S5_SVGA,1.mp4,4.50,5,3,3,0,2,100.00%,60.00%,Sedang,Sepi,Salah,33.84
S5_SVGA,1.mp4,4.67,5,3,3,0,2,100.00%,60.00%,Sedang,Sepi,Salah,35.60
S5_SVGA,1.mp4,4.83,5,3,3,0,2,100.00%,60.00%,Sedang,Sepi,Salah,35.56
S5_SVGA,1.mp4,5.00,5,3,3,0,2,100.00%,60.00%,Sedang,Sepi,Salah,33.95
S5_SVGA,1.mp4,5.17,5,4,4,0,1,100.00%,80.00%,Sedang,Sepi,Salah,35.26
S5_SVGA,1.mp4,5.33,5,3,3,0,2,100.00%,60.00%,Sedang,Sepi,Salah,34.88
S5_SVGA,1.mp4,5.50,5,3,3,0,2,100.00%,60.00%,Sedang,Sepi,Salah,37.08
S5_SVGA,1.mp4,5.67,5,3,3,0,2,100.00%,60.00%,Sedang,Sepi,Salah,33.81
S5_SVGA,1.mp4,5.83,5,3,3,0,2,100.00%,60.00%,Sedang,Sepi,Salah,36.16
S5_SVGA,1.mp4,6.00,4,3,3,0,1,100.00%,75.00%,Sepi,Sepi,Benar,33.84
S5_SVGA,1.mp4,6.17,4,3,3,0,1,100.00%,75.00%,Sepi,Sepi,Benar,33.38
S5_SVGA,1.mp4,6.33,4,3,3,0,1,100.00%,75.00%,Sepi,Sepi,Benar,34.56
S5_SVGA,1.mp4,6.50,4,3,3,0,1,100.00%,75.00%,Sepi,Sepi,Benar,33.85
S5_SVGA,1.mp4,6.67,4,2,2,0,2,100.00%,50.00%,Sepi,Sepi,Benar,34.29
S5_SVGA,1.mp4,6.83,4,2,2,0,2,100.00%,50.00%,Sepi,Sepi,Benar,37.35
S5_SVGA,1.mp4,7.00,4,2,2,0,2,100.00%,50.00%,Sepi,Sepi,Benar,33.26
S5_SVGA,1.mp4,7.17,4,2,2,0,2,100.00%,50.00%,Sepi,Sepi,Benar,33.44
S5_SVGA,1.mp4,7.33,4,3,3,0,1,100.00%,75.00%,Sepi,Sepi,Benar,34.90
S5_SVGA,1.mp4,7.50,4,3,3,0,1,100.00%,75.00%,Sepi,Sepi,Benar,34.50
S5_SVGA,1.mp4,7.67,4,3,3,0,1,100.00%,75.00%,Sepi,Sepi,Benar,34.64
S5_SVGA,1.mp4,7.83,4,3,3,0,1,100.00%,75.00%,Sepi,Sepi,Benar,37.13
S5_SVGA,1.mp4,8.00,4,2,2,0,2,100.00%,50.00%,Sepi,Sepi,Benar,34.23
S5_SVGA,1.mp4,8.17,4,2,2,0,2,100.00%,50.00%,Sepi,Sepi,Benar,33.80
S5_SVGA,1.mp4,8.33,4,2,2,0,2,100.00%,50.00%,Sepi,Sepi,Benar,33.02
S5_SVGA,1.mp4,8.50,4,2,2,0,2,100.00%,50.00%,Sepi,Sepi,Benar,33.16
S5_SVGA,1.mp4,8.67,4,2,2,0,2,100.00%,50.00%,Sepi,Sepi,Benar,35.17
S5_SVGA,1.mp4,8.83,4,2,2,0,2,100.00%,50.00%,Sepi,Sepi,Benar,37.84
S5_SVGA,1.mp4,9.00,4,2,2,0,2,100.00%,50.00%,Sepi,Sepi,Benar,35.21
S5_SVGA,1.mp4,9.17,4,2,2,0,2,100.00%,50.00%,Sepi,Sepi,Benar,35.03
S5_SVGA,1.mp4,9.33,4,2,2,0,2,100.00%,50.00%,Sepi,Sepi,Benar,36.20
S5_SVGA,1.mp4,9.50,4,2,2,0,2,100.00%,50.00%,Sepi,Sepi,Benar,34.44
S5_SVGA,1.mp4,9.67,4,2,2,0,2,100.00%,50.00%,Sepi,Sepi,Benar,35.97
S5_SVGA,1.mp4,9.83,4,3,3,0,1,100.00%,75.00%,Sepi,Sepi,Benar,35.92
S5_SVGA,1.mp4,10.00,4,2,2,0,2,100.00%,50.00%,Sepi,Sepi,Benar,35.76
S5_SVGA,1.mp4,10.17,4,2,2,0,2,100.00%,50.00%,Sepi,Sepi,Benar,34.13
S5_SVGA,1.mp4,10.33,4,2,2,0,2,100.00%,50.00%,Sepi,Sepi,Benar,34.82
S5_SVGA,1.mp4,10.50,4,2,2,0,2,100.00%,50.00%,Sepi,Sepi,Benar,35.47
S5_SVGA,1.mp4,10.67,4,2,2,0,2,100.00%,50.00%,Sepi,Sepi,Benar,35.22
S5_SVGA,1.mp4,10.83,4,3,3,0,1,100.00%,75.00%,Sepi,Sepi,Benar,39.38
S5_SVGA,1.mp4,11.00,4,3,3,0,1,100.00%,75.00%,Sepi,Sepi,Benar,36.46
S5_SVGA,1.mp4,11.17,4,3,3,0,1,100.00%,75.00%,Sepi,Sepi,Benar,33.77
S5_SVGA,1.mp4,11.33,4,3,3,0,1,100.00%,75.00%,Sepi,Sepi,Benar,36.81
S5_SVGA,1.mp4,11.50,4,3,3,0,1,100.00%,75.00%,Sepi,Sepi,Benar,33.92
S5_SVGA,1.mp4,11.67,4,3,3,0,1,100.00%,75.00%,Sepi,Sepi,Benar,34.74
S5_SVGA,1.mp4,11.83,4,4,4,0,0,100.00%,100.00%,Sepi,Sepi,Benar,37.46
S5_SVGA,1.mp4,12.00,4,4,4,0,0,100.00%,100.00%,Sepi,Sepi,Benar,34.36
S5_SVGA,1.mp4,12.17,4,3,3,0,1,100.00%,75.00%,Sepi,Sepi,Benar,34.44
S5_SVGA,1.mp4,12.33,4,2,2,0,2,100.00%,50.00%,Sepi,Sepi,Benar,32.97
S5_SVGA,1.mp4,12.50,4,3,3,0,1,100.00%,75.00%,Sepi,Sepi,Benar,34.93
S5_SVGA,1.mp4,12.67,4,3,3,0,1,100.00%,75.00%,Sepi,Sepi,Benar,34.04
S5_SVGA,1.mp4,12.83,4,3,3,0,1,100.00%,75.00%,Sepi,Sepi,Benar,37.17
S5_SVGA,1.mp4,13.00,4,3,3,0,1,100.00%,75.00%,Sepi,Sepi,Benar,34.71
S5_SVGA,1.mp4,13.17,4,3,3,0,1,100.00%,75.00%,Sepi,Sepi,Benar,36.27
S5_SVGA,1.mp4,13.33,4,3,3,0,1,100.00%,75.00%,Sepi,Sepi,Benar,33.14
S5_SVGA,1.mp4,13.50,4,3,3,0,1,100.00%,75.00%,Sepi,Sepi,Benar,35.65
S5_SVGA,1.mp4,13.67,4,3,3,0,1,100.00%,75.00%,Sepi,Sepi,Benar,35.15
S5_SVGA,1.mp4,13.83,4,3,3,0,1,100.00%,75.00%,Sepi,Sepi,Benar,33.60
S5_SVGA,1.mp4,14.00,4,3,3,0,1,100.00%,75.00%,Sepi,Sepi,Benar,35.49
S5_SVGA,1.mp4,14.17,4,3,3,0,1,100.00%,75.00%,Sepi,Sepi,Benar,33.51
S5_SVGA,1.mp4,14.33,4,3,3,0,1,100.00%,75.00%,Sepi,Sepi,Benar,38.76
S5_SVGA,1.mp4,14.50,4,3,3,0,1,100.00%,75.00%,Sepi,Sepi,Benar,34.33
S5_SVGA,1.mp4,14.67,4,3,3,0,1,100.00%,75.00%,Sepi,Sepi,Benar,33.84
S5_SVGA,1.mp4,14.83,4,3,3,0,1,100.00%,75.00%,Sepi,Sepi,Benar,36.01
S5_SVGA,1.mp4,15.00,4,3,3,0,1,100.00%,75.00%,Sepi,Sepi,Benar,35.43
S5_SVGA,1.mp4,15.17,4,3,3,0,1,100.00%,75.00%,Sepi,Sepi,Benar,33.71
S5_SVGA,1.mp4,15.33,4,3,3,0,1,100.00%,75.00%,Sepi,Sepi,Benar,33.38
S5_SVGA,1.mp4,15.50,4,3,3,0,1,100.00%,75.00%,Sepi,Sepi,Benar,34.80
S5_SVGA,1.mp4,15.67,4,3,3,0,1,100.00%,75.00%,Sepi,Sepi,Benar,34.50
S5_SVGA,1.mp4,15.83,4,3,3,0,1,100.00%,75.00%,Sepi,Sepi,Benar,34.83
S5_SVGA,1.mp4,16.00,4,3,3,0,1,100.00%,75.00%,Sepi,Sepi,Benar,34.16
S5_SVGA,1.mp4,16.17,4,3,3,0,1,100.00%,75.00%,Sepi,Sepi,Benar,33.87
S5_SVGA,1.mp4,16.33,4,3,3,0,1,100.00%,75.00%,Sepi,Sepi,Benar,33.78
S5_SVGA,1.mp4,16.50,4,3,3,0,1,100.00%,75.00%,Sepi,Sepi,Benar,33.51
S5_SVGA,1.mp4,16.67,4,3,3,0,1,100.00%,75.00%,Sepi,Sepi,Benar,36.49
S5_SVGA,1.mp4,16.83,4,3,3,0,1,100.00%,75.00%,Sepi,Sepi,Benar,36.07
S5_SVGA,1.mp4,17.00,4,3,3,0,1,100.00%,75.00%,Sepi,Sepi,Benar,35.54
S5_SVGA,1.mp4,17.17,4,3,3,0,1,100.00%,75.00%,Sepi,Sepi,Benar,36.21
S5_SVGA,1.mp4,17.33,4,4,4,0,0,100.00%,100.00%,Sepi,Sepi,Benar,33.57
S5_SVGA,1.mp4,17.50,4,4,4,0,0,100.00%,100.00%,Sepi,Sepi,Benar,35.23
S5_SVGA,1.mp4,17.67,4,3,3,0,1,100.00%,75.00%,Sepi,Sepi,Benar,34.04
S5_SVGA,1.mp4,17.83,4,3,3,0,1,100.00%,75.00%,Sepi,Sepi,Benar,35.27
S5_SVGA,1.mp4,18.00,4,3,3,0,1,100.00%,75.00%,Sepi,Sepi,Benar,35.95
S5_SVGA,1.mp4,18.17,4,3,3,0,1,100.00%,75.00%,Sepi,Sepi,Benar,34.22
S5_SVGA,1.mp4,18.33,4,3,3,0,1,100.00%,75.00%,Sepi,Sepi,Benar,34.55
S5_SVGA,1.mp4,18.50,4,3,3,0,1,100.00%,75.00%,Sepi,Sepi,Benar,35.49
S5_SVGA,1.mp4,18.67,4,3,3,0,1,100.00%,75.00%,Sepi,Sepi,Benar,34.39
S5_SVGA,1.mp4,18.83,4,3,3,0,1,100.00%,75.00%,Sepi,Sepi,Benar,34.69
S5_SVGA,1.mp4,19.00,4,3,3,0,1,100.00%,75.00%,Sepi,Sepi,Benar,33.81
S5_SVGA,1.mp4,19.17,4,3,3,0,1,100.00%,75.00%,Sepi,Sepi,Benar,34.75
S5_SVGA,1.mp4,19.33,4,3,3,0,1,100.00%,75.00%,Sepi,Sepi,Benar,34.73
S5_SVGA,1.mp4,19.50,4,3,3,0,1,100.00%,75.00%,Sepi,Sepi,Benar,34.02
S5_SVGA,1.mp4,19.67,4,4,4,0,0,100.00%,100.00%,Sepi,Sepi,Benar,34.81
S5_SVGA,1.mp4,19.83,4,3,3,0,1,100.00%,75.00%,Sepi,Sepi,Benar,35.45
S5_SVGA,1.mp4,20.00,5,4,4,0,1,100.00%,80.00%,Sedang,Sepi,Salah,33.23
S5_SVGA,1.mp4,20.17,5,4,4,0,1,100.00%,80.00%,Sedang,Sepi,Salah,34.88
S5_SVGA,1.mp4,20.33,5,4,4,0,1,100.00%,80.00%,Sedang,Sepi,Salah,33.39
S5_SVGA,1.mp4,20.50,5,4,4,0,1,100.00%,80.00%,Sedang,Sepi,Salah,34.44
S5_SVGA,1.mp4,20.67,5,3,3,0,2,100.00%,60.00%,Sedang,Sepi,Salah,33.49
S5_SVGA,1.mp4,20.83,5,4,4,0,1,100.00%,80.00%,Sedang,Sepi,Salah,35.68
S5_SVGA,1.mp4,21.00,5,4,4,0,1,100.00%,80.00%,Sedang,Sepi,Salah,33.86
S5_SVGA,1.mp4,21.17,5,4,4,0,1,100.00%,80.00%,Sedang,Sepi,Salah,34.39
S5_SVGA,1.mp4,21.33,5,4,4,0,1,100.00%,80.00%,Sedang,Sepi,Salah,33.80
S5_SVGA,1.mp4,21.50,5,3,3,0,2,100.00%,60.00%,Sedang,Sepi,Salah,33.96
S5_SVGA,1.mp4,21.67,5,3,3,0,2,100.00%,60.00%,Sedang,Sepi,Salah,33.79
S5_SVGA,1.mp4,21.83,5,3,3,0,2,100.00%,60.00%,Sedang,Sepi,Salah,37.46
S5_SVGA,1.mp4,22.00,4,3,3,0,1,100.00%,75.00%,Sepi,Sepi,Benar,34.51
S5_SVGA,1.mp4,22.17,4,3,3,0,1,100.00%,75.00%,Sepi,Sepi,Benar,36.89
S5_SVGA,1.mp4,22.33,4,3,3,0,1,100.00%,75.00%,Sepi,Sepi,Benar,35.86
S5_SVGA,1.mp4,22.50,4,3,3,0,1,100.00%,75.00%,Sepi,Sepi,Benar,34.60
S5_SVGA,1.mp4,22.67,4,2,2,0,2,100.00%,50.00%,Sepi,Sepi,Benar,33.19
S5_SVGA,1.mp4,22.83,4,3,3,0,1,100.00%,75.00%,Sepi,Sepi,Benar,34.50
S5_SVGA,1.mp4,23.00,4,3,3,0,1,100.00%,75.00%,Sepi,Sepi,Benar,34.39
S5_SVGA,1.mp4,23.17,4,2,2,0,2,100.00%,50.00%,Sepi,Sepi,Benar,34.00
S5_SVGA,1.mp4,23.33,4,3,3,0,1,100.00%,75.00%,Sepi,Sepi,Benar,33.44
S5_SVGA,1.mp4,23.50,4,2,2,0,2,100.00%,50.00%,Sepi,Sepi,Benar,33.33
S5_SVGA,1.mp4,23.67,4,2,2,0,2,100.00%,50.00%,Sepi,Sepi,Benar,34.42
S5_SVGA,1.mp4,23.83,4,2,2,0,2,100.00%,50.00%,Sepi,Sepi,Benar,34.64
S5_SVGA,1.mp4,24.00,4,1,1,0,3,100.00%,25.00%,Sepi,Sepi,Benar,35.54
S5_SVGA,1.mp4,24.17,4,1,1,0,3,100.00%,25.00%,Sepi,Sepi,Benar,32.84
S5_SVGA,1.mp4,24.33,4,1,1,0,3,100.00%,25.00%,Sepi,Sepi,Benar,33.48
S5_SVGA,1.mp4,24.50,4,1,1,0,3,100.00%,25.00%,Sepi,Sepi,Benar,32.83
S5_SVGA,1.mp4,24.67,4,1,1,0,3,100.00%,25.00%,Sepi,Sepi,Benar,33.16
S5_SVGA,1.mp4,24.83,4,1,1,0,3,100.00%,25.00%,Sepi,Sepi,Benar,34.87
S5_SVGA,1.mp4,25.00,4,0,0,0,4,0.00%,0.00%,Sepi,Sepi,Benar,32.74
S5_SVGA,1.mp4,25.17,4,1,1,0,3,100.00%,25.00%,Sepi,Sepi,Benar,34.63
S5_SVGA,1.mp4,25.33,4,0,0,0,4,0.00%,0.00%,Sepi,Sepi,Benar,32.87
S5_SVGA,1.mp4,25.50,4,1,1,0,3,100.00%,25.00%,Sepi,Sepi,Benar,33.82
S5_SVGA,1.mp4,25.67,4,2,2,0,2,100.00%,50.00%,Sepi,Sepi,Benar,33.93
S5_SVGA,1.mp4,25.83,4,2,2,0,2,100.00%,50.00%,Sepi,Sepi,Benar,36.54
S5_SVGA,1.mp4,26.00,4,2,2,0,2,100.00%,50.00%,Sepi,Sepi,Benar,35.12
S5_SVGA,1.mp4,26.17,4,2,2,0,2,100.00%,50.00%,Sepi,Sepi,Benar,33.14
S5_SVGA,1.mp4,26.33,4,2,2,0,2,100.00%,50.00%,Sepi,Sepi,Benar,33.47
S5_SVGA,1.mp4,26.50,4,2,2,0,2,100.00%,50.00%,Sepi,Sepi,Benar,34.62
S5_SVGA,1.mp4,26.67,4,2,2,0,2,100.00%,50.00%,Sepi,Sepi,Benar,33.81
S5_SVGA,1.mp4,26.83,4,2,2,0,2,100.00%,50.00%,Sepi,Sepi,Benar,33.77
S5_SVGA,1.mp4,27.00,4,2,2,0,2,100.00%,50.00%,Sepi,Sepi,Benar,36.83
S5_SVGA,1.mp4,27.17,4,2,2,0,2,100.00%,50.00%,Sepi,Sepi,Benar,34.68
S5_SVGA,1.mp4,27.33,4,2,2,0,2,100.00%,50.00%,Sepi,Sepi,Benar,34.20
S5_SVGA,1.mp4,27.50,4,2,2,0,2,100.00%,50.00%,Sepi,Sepi,Benar,33.95
S5_SVGA,1.mp4,27.67,4,2,2,0,2,100.00%,50.00%,Sepi,Sepi,Benar,33.61
S5_SVGA,1.mp4,27.83,4,1,1,0,3,100.00%,25.00%,Sepi,Sepi,Benar,36.58
S5_SVGA,1.mp4,28.00,4,1,1,0,3,100.00%,25.00%,Sepi,Sepi,Benar,35.86
S5_SVGA,1.mp4,28.17,4,0,0,0,4,0.00%,0.00%,Sepi,Sepi,Benar,32.70
S5_SVGA,1.mp4,28.33,4,1,1,0,3,100.00%,25.00%,Sepi,Sepi,Benar,35.01
S5_SVGA,1.mp4,28.50,4,1,1,0,3,100.00%,25.00%,Sepi,Sepi,Benar,33.35
S5_SVGA,1.mp4,28.67,4,1,1,0,3,100.00%,25.00%,Sepi,Sepi,Benar,33.98
S5_SVGA,1.mp4,28.83,4,1,1,0,3,100.00%,25.00%,Sepi,Sepi,Benar,35.58
S5_SVGA,1.mp4,29.00,4,2,2,0,2,100.00%,50.00%,Sepi,Sepi,Benar,36.94
S5_SVGA,1.mp4,29.17,4,2,2,0,2,100.00%,50.00%,Sepi,Sepi,Benar,38.50
S5_SVGA,1.mp4,29.33,4,1,1,0,3,100.00%,25.00%,Sepi,Sepi,Benar,34.94
S5_SVGA,1.mp4,29.50,4,1,1,0,3,100.00%,25.00%,Sepi,Sepi,Benar,35.98
S5_SVGA,1.mp4,29.67,4,1,1,0,3,100.00%,25.00%,Sepi,Sepi,Benar,34.42
S5_SVGA,1.mp4,29.83,4,1,1,0,3,100.00%,25.00%,Sepi,Sepi,Benar,35.54
S5_SVGA,1.mp4,30.00,4,1,1,0,3,100.00%,25.00%,Sepi,Sepi,Benar,34.13
S5_SVGA,1.mp4,30.17,4,2,2,0,2,100.00%,50.00%,Sepi,Sepi,Benar,34.67
S5_SVGA,1.mp4,30.33,4,2,2,0,2,100.00%,50.00%,Sepi,Sepi,Benar,33.33
S5_SVGA,1.mp4,30.50,4,2,2,0,2,100.00%,50.00%,Sepi,Sepi,Benar,34.13
S5_SVGA,1.mp4,30.67,4,2,2,0,2,100.00%,50.00%,Sepi,Sepi,Benar,35.81
S5_SVGA,1.mp4,30.83,4,2,2,0,2,100.00%,50.00%,Sepi,Sepi,Benar,36.92
S5_SVGA,1.mp4,31.00,4,2,2,0,2,100.00%,50.00%,Sepi,Sepi,Benar,34.57
S5_SVGA,1.mp4,31.17,4,2,2,0,2,100.00%,50.00%,Sepi,Sepi,Benar,35.36
S5_SVGA,1.mp4,31.33,4,2,2,0,2,100.00%,50.00%,Sepi,Sepi,Benar,33.68
S5_SVGA,1.mp4,31.50,4,3,3,0,1,100.00%,75.00%,Sepi,Sepi,Benar,34.28
S5_SVGA,1.mp4,31.67,4,2,2,0,2,100.00%,50.00%,Sepi,Sepi,Benar,33.38
S5_SVGA,1.mp4,31.83,4,2,2,0,2,100.00%,50.00%,Sepi,Sepi,Benar,36.43
S5_SVGA,1.mp4,32.00,3,1,1,0,2,100.00%,33.33%,Sepi,Sepi,Benar,34.20
S5_SVGA,1.mp4,32.17,3,1,1,0,2,100.00%,33.33%,Sepi,Sepi,Benar,34.26
S5_SVGA,1.mp4,32.33,3,2,2,0,1,100.00%,66.67%,Sepi,Sepi,Benar,36.22
S5_SVGA,1.mp4,32.50,3,2,2,0,1,100.00%,66.67%,Sepi,Sepi,Benar,36.38
S5_SVGA,1.mp4,32.67,3,2,2,0,1,100.00%,66.67%,Sepi,Sepi,Benar,33.86
S5_SVGA,1.mp4,32.83,3,1,1,0,2,100.00%,33.33%,Sepi,Sepi,Benar,34.90
S5_SVGA,1.mp4,33.00,3,1,1,0,2,100.00%,33.33%,Sepi,Sepi,Benar,33.90
S5_SVGA,1.mp4,33.17,3,1,1,0,2,100.00%,33.33%,Sepi,Sepi,Benar,33.93
S5_SVGA,1.mp4,33.33,3,1,1,0,2,100.00%,33.33%,Sepi,Sepi,Benar,33.52
S5_SVGA,1.mp4,33.50,3,2,2,0,1,100.00%,66.67%,Sepi,Sepi,Benar,34.60
S5_SVGA,1.mp4,33.67,3,1,1,0,2,100.00%,33.33%,Sepi,Sepi,Benar,33.02
S5_SVGA,1.mp4,33.83,3,1,1,0,2,100.00%,33.33%,Sepi,Sepi,Benar,34.95
S5_SVGA,1.mp4,34.00,3,1,1,0,2,100.00%,33.33%,Sepi,Sepi,Benar,32.70
S5_SVGA,1.mp4,34.17,3,1,1,0,2,100.00%,33.33%,Sepi,Sepi,Benar,35.61
S5_SVGA,1.mp4,34.33,3,2,2,0,1,100.00%,66.67%,Sepi,Sepi,Benar,34.00
S5_SVGA,1.mp4,34.50,3,2,2,0,1,100.00%,66.67%,Sepi,Sepi,Benar,34.95
S5_SVGA,1.mp4,34.67,3,2,2,0,1,100.00%,66.67%,Sepi,Sepi,Benar,33.72
S5_SVGA,1.mp4,34.83,3,3,3,0,0,100.00%,100.00%,Sepi,Sepi,Benar,34.12
S5_SVGA,1.mp4,35.00,3,2,2,0,1,100.00%,66.67%,Sepi,Sepi,Benar,33.32
S5_SVGA,1.mp4,35.17,3,2,2,0,1,100.00%,66.67%,Sepi,Sepi,Benar,33.00
S5_SVGA,1.mp4,35.33,3,2,2,0,1,100.00%,66.67%,Sepi,Sepi,Benar,33.41
S5_SVGA,1.mp4,35.50,3,2,2,0,1,100.00%,66.67%,Sepi,Sepi,Benar,33.51
S5_SVGA,1.mp4,35.67,3,3,3,0,0,100.00%,100.00%,Sepi,Sepi,Benar,33.81
S5_SVGA,1.mp4,35.83,3,2,2,0,1,100.00%,66.67%,Sepi,Sepi,Benar,35.30
S5_SVGA,1.mp4,36.00,3,2,2,0,1,100.00%,66.67%,Sepi,Sepi,Benar,34.25
S5_SVGA,1.mp4,36.17,3,2,2,0,1,100.00%,66.67%,Sepi,Sepi,Benar,33.19
S5_SVGA,1.mp4,36.33,3,1,1,0,2,100.00%,33.33%,Sepi,Sepi,Benar,33.54
S5_SVGA,1.mp4,36.50,3,1,1,0,2,100.00%,33.33%,Sepi,Sepi,Benar,33.59
S5_SVGA,1.mp4,36.67,3,2,2,0,1,100.00%,66.67%,Sepi,Sepi,Benar,34.40
S5_SVGA,1.mp4,36.83,3,1,1,0,2,100.00%,33.33%,Sepi,Sepi,Benar,35.31
S5_SVGA,1.mp4,37.00,3,2,2,0,1,100.00%,66.67%,Sepi,Sepi,Benar,35.84
S5_SVGA,1.mp4,37.17,3,2,2,0,1,100.00%,66.67%,Sepi,Sepi,Benar,34.20
S5_SVGA,1.mp4,37.33,3,3,3,0,0,100.00%,100.00%,Sepi,Sepi,Benar,39.77
S5_SVGA,1.mp4,37.50,3,2,2,0,1,100.00%,66.67%,Sepi,Sepi,Benar,35.89
S5_SVGA,1.mp4,37.67,3,2,2,0,1,100.00%,66.67%,Sepi,Sepi,Benar,35.24
S5_SVGA,1.mp4,37.83,3,2,2,0,1,100.00%,66.67%,Sepi,Sepi,Benar,36.70
S5_SVGA,1.mp4,38.00,3,2,2,0,1,100.00%,66.67%,Sepi,Sepi,Benar,33.77
S5_SVGA,1.mp4,38.17,3,2,2,0,1,100.00%,66.67%,Sepi,Sepi,Benar,33.72
S5_SVGA,1.mp4,38.33,3,2,2,0,1,100.00%,66.67%,Sepi,Sepi,Benar,33.40
S5_SVGA,1.mp4,38.50,3,2,2,0,1,100.00%,66.67%,Sepi,Sepi,Benar,34.03
S5_SVGA,1.mp4,38.67,3,2,2,0,1,100.00%,66.67%,Sepi,Sepi,Benar,34.96
S5_SVGA,1.mp4,38.83,3,2,2,0,1,100.00%,66.67%,Sepi,Sepi,Benar,35.61
S5_SVGA,1.mp4,39.00,3,2,2,0,1,100.00%,66.67%,Sepi,Sepi,Benar,33.59
S5_SVGA,1.mp4,39.17,3,2,2,0,1,100.00%,66.67%,Sepi,Sepi,Benar,33.44
S5_SVGA,1.mp4,39.33,3,1,1,0,2,100.00%,33.33%,Sepi,Sepi,Benar,33.97
S5_SVGA,1.mp4,39.50,3,1,1,0,2,100.00%,33.33%,Sepi,Sepi,Benar,34.45
S5_SVGA,1.mp4,39.67,3,1,1,0,2,100.00%,33.33%,Sepi,Sepi,Benar,34.42
S5_SVGA,1.mp4,39.83,3,1,1,0,2,100.00%,33.33%,Sepi,Sepi,Benar,37.67
S5_SVGA,1.mp4,40.00,3,3,3,0,0,100.00%,100.00%,Sepi,Sepi,Benar,34.14
S5_SVGA,1.mp4,40.17,3,3,3,0,0,100.00%,100.00%,Sepi,Sepi,Benar,33.05
S5_SVGA,1.mp4,40.33,3,3,3,0,0,100.00%,100.00%,Sepi,Sepi,Benar,33.72
S5_SVGA,1.mp4,40.50,3,3,3,0,0,100.00%,100.00%,Sepi,Sepi,Benar,34.47
S5_SVGA,1.mp4,40.67,3,2,2,0,1,100.00%,66.67%,Sepi,Sepi,Benar,34.06
S5_SVGA,1.mp4,40.83,3,2,2,0,1,100.00%,66.67%,Sepi,Sepi,Benar,33.63
S5_SVGA,1.mp4,41.00,3,2,2,0,1,100.00%,66.67%,Sepi,Sepi,Benar,36.37
S5_SVGA,1.mp4,41.17,3,0,0,0,3,0.00%,0.00%,Sepi,Sepi,Benar,31.15
S5_SVGA,1.mp4,41.33,3,0,0,0,3,0.00%,0.00%,Sepi,Sepi,Benar,31.73
S5_SVGA,1.mp4,41.50,3,0,0,0,3,0.00%,0.00%,Sepi,Sepi,Benar,32.22
S5_SVGA,1.mp4,41.67,3,1,1,0,2,100.00%,33.33%,Sepi,Sepi,Benar,33.55
S5_SVGA,1.mp4,41.83,3,0,0,0,3,0.00%,0.00%,Sepi,Sepi,Benar,33.09
S5_SVGA,1.mp4,42.00,3,0,0,0,3,0.00%,0.00%,Sepi,Sepi,Benar,31.36
S5_SVGA,1.mp4,42.17,3,0,0,0,3,0.00%,0.00%,Sepi,Sepi,Benar,32.06
S5_SVGA,1.mp4,42.33,3,1,1,0,2,100.00%,33.33%,Sepi,Sepi,Benar,34.57
S5_SVGA,1.mp4,42.50,3,0,0,0,3,0.00%,0.00%,Sepi,Sepi,Benar,32.18
S5_SVGA,1.mp4,42.67,3,0,0,0,3,0.00%,0.00%,Sepi,Sepi,Benar,32.05
S5_SVGA,1.mp4,42.83,3,1,1,0,2,100.00%,33.33%,Sepi,Sepi,Benar,36.36
S5_SVGA,1.mp4,43.00,3,2,2,0,1,100.00%,66.67%,Sepi,Sepi,Benar,36.21
S5_SVGA,1.mp4,43.17,3,2,2,0,1,100.00%,66.67%,Sepi,Sepi,Benar,33.99
S5_SVGA,1.mp4,43.33,3,2,2,0,1,100.00%,66.67%,Sepi,Sepi,Benar,35.13
S5_SVGA,1.mp4,43.50,3,2,2,0,1,100.00%,66.67%,Sepi,Sepi,Benar,33.74
S5_SVGA,1.mp4,43.67,3,1,1,0,2,100.00%,33.33%,Sepi,Sepi,Benar,34.38
S5_SVGA,1.mp4,43.83,3,1,1,0,2,100.00%,33.33%,Sepi,Sepi,Benar,34.61
S5_SVGA,1.mp4,44.00,3,0,0,0,3,0.00%,0.00%,Sepi,Sepi,Benar,30.91
S5_SVGA,1.mp4,44.17,3,0,0,0,3,0.00%,0.00%,Sepi,Sepi,Benar,31.02
S5_SVGA,1.mp4,44.33,3,1,1,0,2,100.00%,33.33%,Sepi,Sepi,Benar,33.54
S5_SVGA,1.mp4,44.50,3,0,0,0,3,0.00%,0.00%,Sepi,Sepi,Benar,32.10
S5_SVGA,1.mp4,44.67,3,1,1,0,2,100.00%,33.33%,Sepi,Sepi,Benar,34.43
S5_SVGA,1.mp4,44.83,3,1,1,0,2,100.00%,33.33%,Sepi,Sepi,Benar,38.14
S5_SVGA,1.mp4,45.00,3,1,1,0,2,100.00%,33.33%,Sepi,Sepi,Benar,33.60
S5_SVGA,1.mp4,45.17,3,1,1,0,2,100.00%,33.33%,Sepi,Sepi,Benar,34.45
S5_SVGA,1.mp4,45.33,3,1,1,0,2,100.00%,33.33%,Sepi,Sepi,Benar,33.69
S5_SVGA,1.mp4,45.50,3,0,0,0,3,0.00%,0.00%,Sepi,Sepi,Benar,31.04
S5_SVGA,1.mp4,45.67,3,0,0,0,3,0.00%,0.00%,Sepi,Sepi,Benar,32.05
S5_SVGA,1.mp4,45.83,3,0,0,0,3,0.00%,0.00%,Sepi,Sepi,Benar,33.10
S5_SVGA,1.mp4,46.00,3,0,0,0,3,0.00%,0.00%,Sepi,Sepi,Benar,32.64
S5_SVGA,1.mp4,46.17,3,1,1,0,2,100.00%,33.33%,Sepi,Sepi,Benar,34.91
S5_SVGA,1.mp4,46.33,3,1,1,0,2,100.00%,33.33%,Sepi,Sepi,Benar,34.24
S5_SVGA,1.mp4,46.50,3,1,1,0,2,100.00%,33.33%,Sepi,Sepi,Benar,33.96
S5_SVGA,1.mp4,46.67,3,1,1,0,2,100.00%,33.33%,Sepi,Sepi,Benar,33.46
S5_SVGA,1.mp4,46.83,3,1,1,0,2,100.00%,33.33%,Sepi,Sepi,Benar,34.48
S5_SVGA,1.mp4,47.00,3,1,1,0,2,100.00%,33.33%,Sepi,Sepi,Benar,34.09
S5_SVGA,1.mp4,47.17,3,1,1,0,2,100.00%,33.33%,Sepi,Sepi,Benar,32.72
S5_SVGA,1.mp4,47.33,3,0,0,0,3,0.00%,0.00%,Sepi,Sepi,Benar,31.47
S5_SVGA,1.mp4,47.50,3,1,1,0,2,100.00%,33.33%,Sepi,Sepi,Benar,35.84
S5_SVGA,1.mp4,47.67,3,1,1,0,2,100.00%,33.33%,Sepi,Sepi,Benar,34.70
S5_SVGA,1.mp4,47.83,3,1,1,0,2,100.00%,33.33%,Sepi,Sepi,Benar,35.06
S5_SVGA,1.mp4,48.00,3,1,1,0,2,100.00%,33.33%,Sepi,Sepi,Benar,33.81
S5_SVGA,1.mp4,48.17,3,1,1,0,2,100.00%,33.33%,Sepi,Sepi,Benar,32.84
S5_SVGA,1.mp4,48.33,3,2,2,0,1,100.00%,66.67%,Sepi,Sepi,Benar,33.63
S5_SVGA,1.mp4,48.50,3,1,1,0,2,100.00%,33.33%,Sepi,Sepi,Benar,32.81
S5_SVGA,1.mp4,48.67,3,1,1,0,2,100.00%,33.33%,Sepi,Sepi,Benar,33.99
S5_SVGA,1.mp4,48.83,3,1,1,0,2,100.00%,33.33%,Sepi,Sepi,Benar,35.45
S5_SVGA,1.mp4,49.00,3,1,1,0,2,100.00%,33.33%,Sepi,Sepi,Benar,37.79
S5_SVGA,1.mp4,49.17,3,1,1,0,2,100.00%,33.33%,Sepi,Sepi,Benar,34.16
S5_SVGA,1.mp4,49.33,3,0,0,0,3,0.00%,0.00%,Sepi,Sepi,Benar,32.50
S5_SVGA,1.mp4,49.50,3,0,0,0,3,0.00%,0.00%,Sepi,Sepi,Benar,31.29
S5_SVGA,1.mp4,49.67,3,0,0,0,3,0.00%,0.00%,Sepi,Sepi,Benar,32.88
S5_SVGA,1.mp4,49.83,3,0,0,0,3,0.00%,0.00%,Sepi,Sepi,Benar,36.35
S5_SVGA,1.mp4,50.00,3,1,1,0,2,100.00%,33.33%,Sepi,Sepi,Benar,36.93
S5_SVGA,1.mp4,50.17,3,1,1,0,2,100.00%,33.33%,Sepi,Sepi,Benar,34.47
S5_SVGA,1.mp4,50.33,3,0,0,0,3,0.00%,0.00%,Sepi,Sepi,Benar,32.83
S5_SVGA,1.mp4,50.50,3,0,0,0,3,0.00%,0.00%,Sepi,Sepi,Benar,32.67
S5_SVGA,1.mp4,50.67,3,0,0,0,3,0.00%,0.00%,Sepi,Sepi,Benar,33.68
S5_SVGA,1.mp4,50.83,3,0,0,0,3,0.00%,0.00%,Sepi,Sepi,Benar,35.62
S5_SVGA,1.mp4,51.00,3,1,1,0,2,100.00%,33.33%,Sepi,Sepi,Benar,34.06
S5_SVGA,1.mp4,51.17,3,1,1,0,2,100.00%,33.33%,Sepi,Sepi,Benar,34.66
S5_SVGA,1.mp4,51.33,3,0,0,0,3,0.00%,0.00%,Sepi,Sepi,Benar,31.38
S5_SVGA,1.mp4,51.50,3,0,0,0,3,0.00%,0.00%,Sepi,Sepi,Benar,31.76
S5_SVGA,1.mp4,51.67,3,0,0,0,3,0.00%,0.00%,Sepi,Sepi,Benar,35.29
S5_SVGA,1.mp4,51.83,3,0,0,0,3,0.00%,0.00%,Sepi,Sepi,Benar,34.83
S5_SVGA,1.mp4,52.00,3,0,0,0,3,0.00%,0.00%,Sepi,Sepi,Benar,32.69
S5_SVGA,1.mp4,52.17,3,0,0,0,3,0.00%,0.00%,Sepi,Sepi,Benar,32.40
S5_SVGA,1.mp4,52.33,3,0,0,0,3,0.00%,0.00%,Sepi,Sepi,Benar,33.96
S5_SVGA,1.mp4,52.50,3,1,1,0,2,100.00%,33.33%,Sepi,Sepi,Benar,35.35
S5_SVGA,1.mp4,52.67,3,0,0,0,3,0.00%,0.00%,Sepi,Sepi,Benar,31.58
S5_SVGA,1.mp4,52.83,3,1,1,0,2,100.00%,33.33%,Sepi,Sepi,Benar,35.28
S5_SVGA,1.mp4,53.00,3,1,1,0,2,100.00%,33.33%,Sepi,Sepi,Benar,33.84
S5_SVGA,1.mp4,53.17,3,1,1,0,2,100.00%,33.33%,Sepi,Sepi,Benar,36.37
S5_SVGA,1.mp4,53.33,3,0,0,0,3,0.00%,0.00%,Sepi,Sepi,Benar,33.01
S5_SVGA,1.mp4,53.50,3,0,0,0,3,0.00%,0.00%,Sepi,Sepi,Benar,31.42
S5_SVGA,1.mp4,53.67,3,0,0,0,3,0.00%,0.00%,Sepi,Sepi,Benar,31.95
S5_SVGA,1.mp4,53.83,3,0,0,0,3,0.00%,0.00%,Sepi,Sepi,Benar,31.68
S5_SVGA,1.mp4,54.00,3,0,0,0,3,0.00%,0.00%,Sepi,Sepi,Benar,31.08
S5_SVGA,1.mp4,54.17,3,1,1,0,2,100.00%,33.33%,Sepi,Sepi,Benar,34.10
S5_SVGA,1.mp4,54.33,3,0,0,0,3,0.00%,0.00%,Sepi,Sepi,Benar,31.83
S5_SVGA,1.mp4,54.50,3,0,0,0,3,0.00%,0.00%,Sepi,Sepi,Benar,31.85
S5_SVGA,1.mp4,54.67,3,1,1,0,2,100.00%,33.33%,Sepi,Sepi,Benar,34.17
S5_SVGA,1.mp4,54.83,3,1,1,0,2,100.00%,33.33%,Sepi,Sepi,Benar,35.39
S5_SVGA,1.mp4,55.00,3,1,1,0,2,100.00%,33.33%,Sepi,Sepi,Benar,32.44
S5_SVGA,1.mp4,55.17,3,1,1,0,2,100.00%,33.33%,Sepi,Sepi,Benar,33.27
S5_SVGA,1.mp4,55.33,3,1,1,0,2,100.00%,33.33%,Sepi,Sepi,Benar,35.12
S5_SVGA,1.mp4,55.50,3,1,1,0,2,100.00%,33.33%,Sepi,Sepi,Benar,34.64
S5_SVGA,1.mp4,55.67,3,1,1,0,2,100.00%,33.33%,Sepi,Sepi,Benar,33.39
S5_SVGA,1.mp4,55.83,3,1,1,0,2,100.00%,33.33%,Sepi,Sepi,Benar,34.52
S5_SVGA,1.mp4,56.00,3,1,1,0,2,100.00%,33.33%,Sepi,Sepi,Benar,34.41
S5_SVGA,1.mp4,56.17,3,1,1,0,2,100.00%,33.33%,Sepi,Sepi,Benar,34.26
S5_SVGA,1.mp4,56.33,3,1,1,0,2,100.00%,33.33%,Sepi,Sepi,Benar,33.18
S5_SVGA,1.mp4,56.50,3,2,2,0,1,100.00%,66.67%,Sepi,Sepi,Benar,33.70
S5_SVGA,1.mp4,56.67,3,2,2,0,1,100.00%,66.67%,Sepi,Sepi,Benar,35.46
S5_SVGA,1.mp4,56.83,3,2,2,0,1,100.00%,66.67%,Sepi,Sepi,Benar,35.57
S5_SVGA,1.mp4,57.00,3,1,1,0,2,100.00%,33.33%,Sepi,Sepi,Benar,34.14
S5_SVGA,1.mp4,57.17,3,2,2,0,1,100.00%,66.67%,Sepi,Sepi,Benar,33.05
S5_SVGA,1.mp4,57.33,3,2,2,0,1,100.00%,66.67%,Sepi,Sepi,Benar,34.13
S5_SVGA,1.mp4,57.50,3,1,1,0,2,100.00%,33.33%,Sepi,Sepi,Benar,34.41
S5_SVGA,1.mp4,57.67,3,1,1,0,2,100.00%,33.33%,Sepi,Sepi,Benar,34.85
S5_SVGA,1.mp4,57.83,3,1,1,0,2,100.00%,33.33%,Sepi,Sepi,Benar,36.10
S5_SVGA,1.mp4,58.00,3,1,1,0,2,100.00%,33.33%,Sepi,Sepi,Benar,33.56
S5_SVGA,1.mp4,58.17,3,1,1,0,2,100.00%,33.33%,Sepi,Sepi,Benar,35.71
S5_SVGA,1.mp4,58.33,3,1,1,0,2,100.00%,33.33%,Sepi,Sepi,Benar,33.48
S5_SVGA,1.mp4,58.50,3,1,1,0,2,100.00%,33.33%,Sepi,Sepi,Benar,35.97
S5_SVGA,1.mp4,58.67,3,1,1,0,2,100.00%,33.33%,Sepi,Sepi,Benar,35.25
S5_SVGA,1.mp4,58.83,3,1,1,0,2,100.00%,33.33%,Sepi,Sepi,Benar,34.16
S5_SVGA,1.mp4,59.00,3,1,1,0,2,100.00%,33.33%,Sepi,Sepi,Benar,33.33
S5_SVGA,1.mp4,59.17,3,1,1,0,2,100.00%,33.33%,Sepi,Sepi,Benar,33.90
S5_SVGA,1.mp4,59.33,3,1,1,0,2,100.00%,33.33%,Sepi,Sepi,Benar,33.10
S5_SVGA,1.mp4,59.50,3,1,1,0,2,100.00%,33.33%,Sepi,Sepi,Benar,33.75
S5_SVGA,1.mp4,59.67,3,1,1,0,2,100.00%,33.33%,Sepi,Sepi,Benar,33.70
S5_SVGA,2.mp4,0.00,12,3,3,0,9,100.00%,25.00%,Ramai,Sepi,Salah,34.33
S5_SVGA,2.mp4,0.17,12,3,3,0,9,100.00%,25.00%,Ramai,Sepi,Salah,36.59
S5_SVGA,2.mp4,0.33,12,2,2,0,10,100.00%,16.67%,Ramai,Sepi,Salah,35.37
S5_SVGA,2.mp4,0.50,12,2,2,0,10,100.00%,16.67%,Ramai,Sepi,Salah,34.08
S5_SVGA,2.mp4,0.67,12,3,3,0,9,100.00%,25.00%,Ramai,Sepi,Salah,34.46
S5_SVGA,2.mp4,0.83,12,2,2,0,10,100.00%,16.67%,Ramai,Sepi,Salah,35.07
S5_SVGA,2.mp4,1.00,12,4,4,0,8,100.00%,33.33%,Ramai,Sepi,Salah,36.26
S5_SVGA,2.mp4,1.17,12,3,3,0,9,100.00%,25.00%,Ramai,Sepi,Salah,34.83
S5_SVGA,2.mp4,1.33,12,4,4,0,8,100.00%,33.33%,Ramai,Sepi,Salah,34.24
S5_SVGA,2.mp4,1.50,12,1,1,0,11,100.00%,8.33%,Ramai,Sepi,Salah,36.19
S5_SVGA,2.mp4,1.67,12,4,4,0,8,100.00%,33.33%,Ramai,Sepi,Salah,35.03
S5_SVGA,2.mp4,1.83,12,3,3,0,9,100.00%,25.00%,Ramai,Sepi,Salah,36.01
S5_SVGA,2.mp4,2.00,12,5,5,0,7,100.00%,41.67%,Ramai,Sedang,Salah,37.68
S5_SVGA,2.mp4,2.17,12,6,6,0,6,100.00%,50.00%,Ramai,Sedang,Salah,34.51
S5_SVGA,2.mp4,2.33,12,4,4,0,8,100.00%,33.33%,Ramai,Sepi,Salah,34.02
S5_SVGA,2.mp4,2.50,12,4,4,0,8,100.00%,33.33%,Ramai,Sepi,Salah,34.94
S5_SVGA,2.mp4,2.67,12,5,5,0,7,100.00%,41.67%,Ramai,Sedang,Salah,34.95
S5_SVGA,2.mp4,2.83,12,4,4,0,8,100.00%,33.33%,Ramai,Sepi,Salah,36.28
S5_SVGA,2.mp4,3.00,12,4,4,0,8,100.00%,33.33%,Ramai,Sepi,Salah,37.72
S5_SVGA,2.mp4,3.17,12,5,5,0,7,100.00%,41.67%,Ramai,Sedang,Salah,36.96
S5_SVGA,2.mp4,3.33,12,5,5,0,7,100.00%,41.67%,Ramai,Sedang,Salah,36.49
S5_SVGA,2.mp4,3.50,12,4,4,0,8,100.00%,33.33%,Ramai,Sepi,Salah,33.80
S5_SVGA,2.mp4,3.67,12,4,4,0,8,100.00%,33.33%,Ramai,Sepi,Salah,37.08
S5_SVGA,2.mp4,3.83,12,3,3,0,9,100.00%,25.00%,Ramai,Sepi,Salah,35.20
S5_SVGA,2.mp4,4.00,12,3,3,0,9,100.00%,25.00%,Ramai,Sepi,Salah,34.23
S5_SVGA,2.mp4,4.17,12,4,4,0,8,100.00%,33.33%,Ramai,Sepi,Salah,35.72
S5_SVGA,2.mp4,4.33,12,4,4,0,8,100.00%,33.33%,Ramai,Sepi,Salah,36.57
S5_SVGA,2.mp4,4.50,12,3,3,0,9,100.00%,25.00%,Ramai,Sepi,Salah,34.46
S5_SVGA,2.mp4,4.67,12,3,3,0,9,100.00%,25.00%,Ramai,Sepi,Salah,37.35
S5_SVGA,2.mp4,4.83,12,4,4,0,8,100.00%,33.33%,Ramai,Sepi,Salah,38.17
S5_SVGA,2.mp4,5.00,12,4,4,0,8,100.00%,33.33%,Ramai,Sepi,Salah,34.61
S5_SVGA,2.mp4,5.17,14,3,3,0,11,100.00%,21.43%,Ramai,Sepi,Salah,35.31
S5_SVGA,2.mp4,5.33,14,4,4,0,10,100.00%,28.57%,Ramai,Sepi,Salah,35.79
S5_SVGA,2.mp4,5.50,14,5,5,0,9,100.00%,35.71%,Ramai,Sedang,Salah,38.67
S5_SVGA,2.mp4,5.67,14,5,5,0,9,100.00%,35.71%,Ramai,Sedang,Salah,40.13
S5_SVGA,2.mp4,5.83,14,5,5,0,9,100.00%,35.71%,Ramai,Sedang,Salah,36.72
S5_SVGA,2.mp4,6.00,14,5,5,0,9,100.00%,35.71%,Ramai,Sedang,Salah,37.00
S5_SVGA,2.mp4,6.17,14,5,5,0,9,100.00%,35.71%,Ramai,Sedang,Salah,35.87
S5_SVGA,2.mp4,6.33,14,6,6,0,8,100.00%,42.86%,Ramai,Sedang,Salah,35.99
S5_SVGA,2.mp4,6.50,14,4,4,0,10,100.00%,28.57%,Ramai,Sepi,Salah,36.76
S5_SVGA,2.mp4,6.67,14,5,5,0,9,100.00%,35.71%,Ramai,Sedang,Salah,38.19
S5_SVGA,2.mp4,6.83,14,4,4,0,10,100.00%,28.57%,Ramai,Sepi,Salah,37.07
S5_SVGA,2.mp4,7.00,14,5,5,0,9,100.00%,35.71%,Ramai,Sedang,Salah,34.56
S5_SVGA,2.mp4,7.17,14,4,4,0,10,100.00%,28.57%,Ramai,Sepi,Salah,35.52
S5_SVGA,2.mp4,7.33,14,6,6,0,8,100.00%,42.86%,Ramai,Sedang,Salah,34.18
S5_SVGA,2.mp4,7.50,14,7,7,0,7,100.00%,50.00%,Ramai,Sedang,Salah,36.22
S5_SVGA,2.mp4,7.67,14,6,6,0,8,100.00%,42.86%,Ramai,Sedang,Salah,34.55
S5_SVGA,2.mp4,7.83,14,5,5,0,9,100.00%,35.71%,Ramai,Sedang,Salah,34.35
S5_SVGA,2.mp4,8.00,14,5,5,0,9,100.00%,35.71%,Ramai,Sedang,Salah,34.89
S5_SVGA,2.mp4,8.17,14,4,4,0,10,100.00%,28.57%,Ramai,Sepi,Salah,35.92
S5_SVGA,2.mp4,8.33,14,4,4,0,10,100.00%,28.57%,Ramai,Sepi,Salah,36.90
S5_SVGA,2.mp4,8.50,14,4,4,0,10,100.00%,28.57%,Ramai,Sepi,Salah,34.73
S5_SVGA,2.mp4,8.67,14,4,4,0,10,100.00%,28.57%,Ramai,Sepi,Salah,34.75
S5_SVGA,2.mp4,8.83,14,4,4,0,10,100.00%,28.57%,Ramai,Sepi,Salah,34.68
S5_SVGA,2.mp4,9.00,14,5,5,0,9,100.00%,35.71%,Ramai,Sedang,Salah,36.34
S5_SVGA,2.mp4,9.17,14,5,5,0,9,100.00%,35.71%,Ramai,Sedang,Salah,35.07
S5_SVGA,2.mp4,9.33,14,6,6,0,8,100.00%,42.86%,Ramai,Sedang,Salah,34.88
S5_SVGA,2.mp4,9.50,14,5,5,0,9,100.00%,35.71%,Ramai,Sedang,Salah,34.01
S5_SVGA,2.mp4,9.67,14,4,4,0,10,100.00%,28.57%,Ramai,Sepi,Salah,35.11
S5_SVGA,2.mp4,9.83,14,5,5,0,9,100.00%,35.71%,Ramai,Sedang,Salah,36.35
S5_SVGA,2.mp4,10.00,14,6,6,0,8,100.00%,42.86%,Ramai,Sedang,Salah,34.77
S5_SVGA,2.mp4,10.17,14,5,5,0,9,100.00%,35.71%,Ramai,Sedang,Salah,37.80
S5_SVGA,2.mp4,10.33,14,4,4,0,10,100.00%,28.57%,Ramai,Sepi,Salah,33.18
S5_SVGA,2.mp4,10.50,14,4,4,0,10,100.00%,28.57%,Ramai,Sepi,Salah,33.72
S5_SVGA,2.mp4,10.67,14,3,3,0,11,100.00%,21.43%,Ramai,Sepi,Salah,33.17
S5_SVGA,2.mp4,10.83,14,4,4,0,10,100.00%,28.57%,Ramai,Sepi,Salah,35.12
S5_SVGA,2.mp4,11.00,14,3,3,0,11,100.00%,21.43%,Ramai,Sepi,Salah,36.70
S5_SVGA,2.mp4,11.17,14,3,3,0,11,100.00%,21.43%,Ramai,Sepi,Salah,34.10
S5_SVGA,2.mp4,11.33,14,3,3,0,11,100.00%,21.43%,Ramai,Sepi,Salah,35.17
S5_SVGA,2.mp4,11.50,14,4,4,0,10,100.00%,28.57%,Ramai,Sepi,Salah,35.92
S5_SVGA,2.mp4,11.67,14,4,4,0,10,100.00%,28.57%,Ramai,Sepi,Salah,36.52
S5_SVGA,2.mp4,11.83,14,5,5,0,9,100.00%,35.71%,Ramai,Sedang,Salah,36.56
S5_SVGA,2.mp4,12.00,14,3,3,0,11,100.00%,21.43%,Ramai,Sepi,Salah,34.90
S5_SVGA,2.mp4,12.17,14,4,4,0,10,100.00%,28.57%,Ramai,Sepi,Salah,35.61
S5_SVGA,2.mp4,12.33,14,4,4,0,10,100.00%,28.57%,Ramai,Sepi,Salah,34.92
S5_SVGA,2.mp4,12.50,14,4,4,0,10,100.00%,28.57%,Ramai,Sepi,Salah,36.33
S5_SVGA,2.mp4,12.67,14,4,4,0,10,100.00%,28.57%,Ramai,Sepi,Salah,35.15
S5_SVGA,2.mp4,12.83,14,5,5,0,9,100.00%,35.71%,Ramai,Sedang,Salah,37.37
S5_SVGA,2.mp4,13.00,14,6,6,0,8,100.00%,42.86%,Ramai,Sedang,Salah,38.68
S5_SVGA,2.mp4,13.17,14,4,4,0,10,100.00%,28.57%,Ramai,Sepi,Salah,36.31
S5_SVGA,2.mp4,13.33,14,4,4,0,10,100.00%,28.57%,Ramai,Sepi,Salah,36.34
S5_SVGA,2.mp4,13.50,14,4,4,0,10,100.00%,28.57%,Ramai,Sepi,Salah,36.01
S5_SVGA,2.mp4,13.67,14,5,5,0,9,100.00%,35.71%,Ramai,Sedang,Salah,34.09
S5_SVGA,2.mp4,13.83,14,4,4,0,10,100.00%,28.57%,Ramai,Sepi,Salah,36.24
S5_SVGA,2.mp4,14.00,14,4,4,0,10,100.00%,28.57%,Ramai,Sepi,Salah,36.02
S5_SVGA,2.mp4,14.17,14,2,2,0,12,100.00%,14.29%,Ramai,Sepi,Salah,33.51
S5_SVGA,2.mp4,14.33,14,2,2,0,12,100.00%,14.29%,Ramai,Sepi,Salah,33.92
S5_SVGA,2.mp4,14.50,14,4,4,0,10,100.00%,28.57%,Ramai,Sepi,Salah,34.82
S5_SVGA,2.mp4,14.67,14,3,3,0,11,100.00%,21.43%,Ramai,Sepi,Salah,34.42
S5_SVGA,2.mp4,14.83,14,4,4,0,10,100.00%,28.57%,Ramai,Sepi,Salah,35.29
S5_SVGA,2.mp4,15.00,14,4,4,0,10,100.00%,28.57%,Ramai,Sepi,Salah,33.72
S5_SVGA,2.mp4,15.17,15,4,4,0,11,100.00%,26.67%,Ramai,Sepi,Salah,34.21
S5_SVGA,2.mp4,15.33,15,4,4,0,11,100.00%,26.67%,Ramai,Sepi,Salah,36.38
S5_SVGA,2.mp4,15.50,15,3,3,0,12,100.00%,20.00%,Ramai,Sepi,Salah,35.27
S5_SVGA,2.mp4,15.67,15,4,4,0,11,100.00%,26.67%,Ramai,Sepi,Salah,37.91
S5_SVGA,2.mp4,15.83,15,3,3,0,12,100.00%,20.00%,Ramai,Sepi,Salah,33.56
S5_SVGA,2.mp4,16.00,15,4,4,0,11,100.00%,26.67%,Ramai,Sepi,Salah,34.04
S5_SVGA,2.mp4,16.17,15,2,2,0,13,100.00%,13.33%,Ramai,Sepi,Salah,34.74
S5_SVGA,2.mp4,16.33,15,2,2,0,13,100.00%,13.33%,Ramai,Sepi,Salah,33.24
S5_SVGA,2.mp4,16.50,15,3,3,0,12,100.00%,20.00%,Ramai,Sepi,Salah,33.92
S5_SVGA,2.mp4,16.67,15,6,6,0,9,100.00%,40.00%,Ramai,Sedang,Salah,34.92
S5_SVGA,2.mp4,16.83,15,4,4,0,11,100.00%,26.67%,Ramai,Sepi,Salah,35.76
S5_SVGA,2.mp4,17.00,15,3,3,0,12,100.00%,20.00%,Ramai,Sepi,Salah,34.76
S5_SVGA,2.mp4,17.17,14,3,3,0,11,100.00%,21.43%,Ramai,Sepi,Salah,35.19
S5_SVGA,2.mp4,17.33,14,3,3,0,11,100.00%,21.43%,Ramai,Sepi,Salah,34.76
S5_SVGA,2.mp4,17.50,14,4,4,0,10,100.00%,28.57%,Ramai,Sepi,Salah,36.14
S5_SVGA,2.mp4,17.67,14,4,4,0,10,100.00%,28.57%,Ramai,Sepi,Salah,36.48
S5_SVGA,2.mp4,17.83,14,1,1,0,13,100.00%,7.14%,Ramai,Sepi,Salah,33.82
S5_SVGA,2.mp4,18.00,14,1,1,0,13,100.00%,7.14%,Ramai,Sepi,Salah,33.25
S5_SVGA,2.mp4,18.17,14,2,2,0,12,100.00%,14.29%,Ramai,Sepi,Salah,33.29
S5_SVGA,2.mp4,18.33,14,2,2,0,12,100.00%,14.29%,Ramai,Sepi,Salah,33.35
S5_SVGA,2.mp4,18.50,14,3,3,0,11,100.00%,21.43%,Ramai,Sepi,Salah,35.14
S5_SVGA,2.mp4,18.67,14,5,5,0,9,100.00%,35.71%,Ramai,Sedang,Salah,37.20
S5_SVGA,2.mp4,18.83,14,3,3,0,11,100.00%,21.43%,Ramai,Sepi,Salah,39.15
S5_SVGA,2.mp4,19.00,14,2,2,0,12,100.00%,14.29%,Ramai,Sepi,Salah,33.16
S5_SVGA,2.mp4,19.17,14,3,3,0,11,100.00%,21.43%,Ramai,Sepi,Salah,34.65
S5_SVGA,2.mp4,19.33,14,2,2,0,12,100.00%,14.29%,Ramai,Sepi,Salah,34.67
S5_SVGA,2.mp4,19.50,14,3,3,0,11,100.00%,21.43%,Ramai,Sepi,Salah,34.41
S5_SVGA,2.mp4,19.67,14,4,4,0,10,100.00%,28.57%,Ramai,Sepi,Salah,34.46
S5_SVGA,2.mp4,19.83,14,3,3,0,11,100.00%,21.43%,Ramai,Sepi,Salah,35.21
S5_SVGA,2.mp4,20.00,14,5,5,0,9,100.00%,35.71%,Ramai,Sedang,Salah,34.25
S5_SVGA,2.mp4,20.17,14,5,5,0,9,100.00%,35.71%,Ramai,Sedang,Salah,34.19
S5_SVGA,2.mp4,20.33,14,3,3,0,11,100.00%,21.43%,Ramai,Sepi,Salah,33.73
S5_SVGA,2.mp4,20.50,14,3,3,0,11,100.00%,21.43%,Ramai,Sepi,Salah,34.44
S5_SVGA,2.mp4,20.67,14,5,5,0,9,100.00%,35.71%,Ramai,Sedang,Salah,33.72
S5_SVGA,2.mp4,20.83,14,2,2,0,12,100.00%,14.29%,Ramai,Sepi,Salah,33.78
S5_SVGA,2.mp4,21.00,14,4,4,0,10,100.00%,28.57%,Ramai,Sepi,Salah,33.81
S5_SVGA,2.mp4,21.17,14,2,2,0,12,100.00%,14.29%,Ramai,Sepi,Salah,34.01
S5_SVGA,2.mp4,21.33,14,2,2,0,12,100.00%,14.29%,Ramai,Sepi,Salah,35.91
S5_SVGA,2.mp4,21.50,14,1,1,0,13,100.00%,7.14%,Ramai,Sepi,Salah,33.73
S5_SVGA,2.mp4,21.67,14,1,1,0,13,100.00%,7.14%,Ramai,Sepi,Salah,33.27
S5_SVGA,2.mp4,21.83,14,1,1,0,13,100.00%,7.14%,Ramai,Sepi,Salah,35.63
S5_SVGA,2.mp4,22.00,14,2,2,0,12,100.00%,14.29%,Ramai,Sepi,Salah,33.47
S5_SVGA,2.mp4,22.17,14,1,1,0,13,100.00%,7.14%,Ramai,Sepi,Salah,33.97
S5_SVGA,2.mp4,22.33,14,1,1,0,13,100.00%,7.14%,Ramai,Sepi,Salah,33.63
S5_SVGA,2.mp4,22.50,14,1,1,0,13,100.00%,7.14%,Ramai,Sepi,Salah,37.03
S5_SVGA,2.mp4,22.67,14,0,0,0,14,0.00%,0.00%,Ramai,Sepi,Salah,32.50
S5_SVGA,2.mp4,22.83,14,2,2,0,12,100.00%,14.29%,Ramai,Sepi,Salah,36.43
S5_SVGA,2.mp4,23.00,14,1,1,0,13,100.00%,7.14%,Ramai,Sepi,Salah,35.26
S5_SVGA,2.mp4,23.17,14,0,0,0,14,0.00%,0.00%,Ramai,Sepi,Salah,32.43
S5_SVGA,2.mp4,23.33,14,1,1,0,13,100.00%,7.14%,Ramai,Sepi,Salah,33.23
S5_SVGA,2.mp4,23.50,14,2,2,0,12,100.00%,14.29%,Ramai,Sepi,Salah,33.58
S5_SVGA,2.mp4,23.67,14,3,3,0,11,100.00%,21.43%,Ramai,Sepi,Salah,34.27
S5_SVGA,2.mp4,23.83,14,3,3,0,11,100.00%,21.43%,Ramai,Sepi,Salah,37.74
S5_SVGA,2.mp4,24.00,14,2,2,0,12,100.00%,14.29%,Ramai,Sepi,Salah,34.02
S5_SVGA,2.mp4,24.17,14,2,2,0,12,100.00%,14.29%,Ramai,Sepi,Salah,34.42
S5_SVGA,2.mp4,24.33,14,2,2,0,12,100.00%,14.29%,Ramai,Sepi,Salah,35.19
S5_SVGA,2.mp4,24.50,14,2,2,0,12,100.00%,14.29%,Ramai,Sepi,Salah,34.57
S5_SVGA,2.mp4,24.67,14,2,2,0,12,100.00%,14.29%,Ramai,Sepi,Salah,33.35
S5_SVGA,2.mp4,24.83,14,2,2,0,12,100.00%,14.29%,Ramai,Sepi,Salah,36.15
S5_SVGA,2.mp4,25.00,14,3,3,0,11,100.00%,21.43%,Ramai,Sepi,Salah,33.37
S5_SVGA,2.mp4,25.17,14,4,4,0,10,100.00%,28.57%,Ramai,Sepi,Salah,34.52
S5_SVGA,2.mp4,25.33,14,4,4,0,10,100.00%,28.57%,Ramai,Sepi,Salah,34.32
S5_SVGA,2.mp4,25.50,14,4,4,0,10,100.00%,28.57%,Ramai,Sepi,Salah,34.97
S5_SVGA,2.mp4,25.67,14,3,3,0,11,100.00%,21.43%,Ramai,Sepi,Salah,33.76
S5_SVGA,2.mp4,25.83,14,3,3,0,11,100.00%,21.43%,Ramai,Sepi,Salah,35.47
S5_SVGA,2.mp4,26.00,13,3,3,0,10,100.00%,23.08%,Ramai,Sepi,Salah,34.84
S5_SVGA,2.mp4,26.17,13,4,4,0,9,100.00%,30.77%,Ramai,Sepi,Salah,33.47
S5_SVGA,2.mp4,26.33,13,4,4,0,9,100.00%,30.77%,Ramai,Sepi,Salah,34.29
S5_SVGA,2.mp4,26.50,13,4,4,0,9,100.00%,30.77%,Ramai,Sepi,Salah,35.57
S5_SVGA,2.mp4,26.67,13,3,3,0,10,100.00%,23.08%,Ramai,Sepi,Salah,33.78
S5_SVGA,2.mp4,26.83,13,3,3,0,10,100.00%,23.08%,Ramai,Sepi,Salah,36.37
S5_SVGA,2.mp4,27.00,13,4,4,0,9,100.00%,30.77%,Ramai,Sepi,Salah,34.93
S5_SVGA,2.mp4,27.17,13,4,4,0,9,100.00%,30.77%,Ramai,Sepi,Salah,35.25
S5_SVGA,2.mp4,27.33,13,4,4,0,9,100.00%,30.77%,Ramai,Sepi,Salah,33.96
S5_SVGA,2.mp4,27.50,13,4,4,0,9,100.00%,30.77%,Ramai,Sepi,Salah,35.28
S5_SVGA,2.mp4,27.67,13,4,4,0,9,100.00%,30.77%,Ramai,Sepi,Salah,34.51
S5_SVGA,2.mp4,27.83,13,4,4,0,9,100.00%,30.77%,Ramai,Sepi,Salah,36.33
S5_SVGA,2.mp4,28.00,13,4,4,0,9,100.00%,30.77%,Ramai,Sepi,Salah,36.23
S5_SVGA,2.mp4,28.17,13,3,3,0,10,100.00%,23.08%,Ramai,Sepi,Salah,37.20
S5_SVGA,2.mp4,28.33,13,1,1,0,12,100.00%,7.69%,Ramai,Sepi,Salah,35.23
S5_SVGA,2.mp4,28.50,13,1,1,0,12,100.00%,7.69%,Ramai,Sepi,Salah,35.56
S5_SVGA,2.mp4,28.67,13,2,2,0,11,100.00%,15.38%,Ramai,Sepi,Salah,34.38
S5_SVGA,2.mp4,28.83,13,3,3,0,10,100.00%,23.08%,Ramai,Sepi,Salah,35.34
S5_SVGA,2.mp4,29.00,12,3,3,0,9,100.00%,25.00%,Ramai,Sepi,Salah,32.68
S5_SVGA,2.mp4,29.17,12,3,3,0,9,100.00%,25.00%,Ramai,Sepi,Salah,35.58
S5_SVGA,2.mp4,29.33,12,3,3,0,9,100.00%,25.00%,Ramai,Sepi,Salah,37.86
S5_SVGA,2.mp4,29.50,12,3,3,0,9,100.00%,25.00%,Ramai,Sepi,Salah,34.55
S5_SVGA,2.mp4,29.67,12,2,2,0,10,100.00%,16.67%,Ramai,Sepi,Salah,33.78
S5_SVGA,2.mp4,29.83,12,1,1,0,11,100.00%,8.33%,Ramai,Sepi,Salah,34.36
S5_SVGA,2.mp4,30.00,12,3,3,0,9,100.00%,25.00%,Ramai,Sepi,Salah,35.57
S5_SVGA,2.mp4,30.17,12,3,3,0,9,100.00%,25.00%,Ramai,Sepi,Salah,34.25
S5_SVGA,2.mp4,30.33,12,3,3,0,9,100.00%,25.00%,Ramai,Sepi,Salah,35.64
S5_SVGA,2.mp4,30.50,12,0,0,0,12,0.00%,0.00%,Ramai,Sepi,Salah,32.00
S5_SVGA,2.mp4,30.67,12,2,2,0,10,100.00%,16.67%,Ramai,Sepi,Salah,34.87
S5_SVGA,2.mp4,30.83,12,2,2,0,10,100.00%,16.67%,Ramai,Sepi,Salah,35.51
S5_SVGA,2.mp4,31.00,12,2,2,0,10,100.00%,16.67%,Ramai,Sepi,Salah,33.56
S5_SVGA,2.mp4,31.17,12,3,3,0,9,100.00%,25.00%,Ramai,Sepi,Salah,35.62
S5_SVGA,2.mp4,31.33,12,2,2,0,10,100.00%,16.67%,Ramai,Sepi,Salah,34.21
S5_SVGA,2.mp4,31.50,12,2,2,0,10,100.00%,16.67%,Ramai,Sepi,Salah,33.81
S5_SVGA,2.mp4,31.67,12,2,2,0,10,100.00%,16.67%,Ramai,Sepi,Salah,33.56
S5_SVGA,2.mp4,31.83,12,1,1,0,11,100.00%,8.33%,Ramai,Sepi,Salah,34.24
S5_SVGA,2.mp4,32.00,12,0,0,0,12,0.00%,0.00%,Ramai,Sepi,Salah,31.38
S5_SVGA,2.mp4,32.17,12,0,0,0,12,0.00%,0.00%,Ramai,Sepi,Salah,31.15
S5_SVGA,2.mp4,32.33,12,0,0,0,12,0.00%,0.00%,Ramai,Sepi,Salah,32.35
S5_SVGA,2.mp4,32.50,12,1,1,0,11,100.00%,8.33%,Ramai,Sepi,Salah,35.36
S5_SVGA,2.mp4,32.67,12,0,0,0,12,0.00%,0.00%,Ramai,Sepi,Salah,32.46
S5_SVGA,2.mp4,32.83,12,0,0,0,12,0.00%,0.00%,Ramai,Sepi,Salah,33.80
S5_SVGA,2.mp4,33.00,12,1,1,0,11,100.00%,8.33%,Ramai,Sepi,Salah,34.60
S5_SVGA,2.mp4,33.17,12,3,3,0,9,100.00%,25.00%,Ramai,Sepi,Salah,35.20
S5_SVGA,2.mp4,33.33,12,2,2,0,10,100.00%,16.67%,Ramai,Sepi,Salah,36.57
S5_SVGA,2.mp4,33.50,12,3,3,0,9,100.00%,25.00%,Ramai,Sepi,Salah,35.15
S5_SVGA,2.mp4,33.67,12,3,3,0,9,100.00%,25.00%,Ramai,Sepi,Salah,40.56
S5_SVGA,2.mp4,33.83,12,3,3,0,9,100.00%,25.00%,Ramai,Sepi,Salah,41.15
S5_SVGA,2.mp4,34.00,12,2,2,0,10,100.00%,16.67%,Ramai,Sepi,Salah,34.63
S5_SVGA,2.mp4,34.17,12,2,2,0,10,100.00%,16.67%,Ramai,Sepi,Salah,34.75
S5_SVGA,2.mp4,34.33,12,2,2,0,10,100.00%,16.67%,Ramai,Sepi,Salah,34.78
S5_SVGA,2.mp4,34.50,12,2,2,0,10,100.00%,16.67%,Ramai,Sepi,Salah,34.27
S5_SVGA,2.mp4,34.67,12,1,1,0,11,100.00%,8.33%,Ramai,Sepi,Salah,34.32
S5_SVGA,2.mp4,34.83,12,1,1,0,11,100.00%,8.33%,Ramai,Sepi,Salah,37.44
S5_SVGA,2.mp4,35.00,12,1,1,0,11,100.00%,8.33%,Ramai,Sepi,Salah,33.11
S5_SVGA,2.mp4,35.17,12,1,1,0,11,100.00%,8.33%,Ramai,Sepi,Salah,33.91
S5_SVGA,2.mp4,35.33,12,0,0,0,12,0.00%,0.00%,Ramai,Sepi,Salah,30.44
S5_SVGA,2.mp4,35.50,12,0,0,0,12,0.00%,0.00%,Ramai,Sepi,Salah,32.66
S5_SVGA,2.mp4,35.67,12,0,0,0,12,0.00%,0.00%,Ramai,Sepi,Salah,30.84
S5_SVGA,2.mp4,35.83,12,1,1,0,11,100.00%,8.33%,Ramai,Sepi,Salah,37.35
S5_SVGA,2.mp4,36.00,12,1,1,0,11,100.00%,8.33%,Ramai,Sepi,Salah,34.33
S5_SVGA,2.mp4,36.17,12,2,2,0,10,100.00%,16.67%,Ramai,Sepi,Salah,33.64
S5_SVGA,2.mp4,36.33,12,2,2,0,10,100.00%,16.67%,Ramai,Sepi,Salah,33.48
S5_SVGA,2.mp4,36.50,12,2,2,0,10,100.00%,16.67%,Ramai,Sepi,Salah,33.80
S5_SVGA,2.mp4,36.67,12,3,3,0,9,100.00%,25.00%,Ramai,Sepi,Salah,37.29
S5_SVGA,2.mp4,36.83,12,2,2,0,10,100.00%,16.67%,Ramai,Sepi,Salah,35.94
S5_SVGA,2.mp4,37.00,12,2,2,0,10,100.00%,16.67%,Ramai,Sepi,Salah,36.84
S5_SVGA,2.mp4,37.17,12,2,2,0,10,100.00%,16.67%,Ramai,Sepi,Salah,34.98
S5_SVGA,2.mp4,37.33,12,2,2,0,10,100.00%,16.67%,Ramai,Sepi,Salah,33.55
S5_SVGA,2.mp4,37.50,12,2,2,0,10,100.00%,16.67%,Ramai,Sepi,Salah,35.07
S5_SVGA,2.mp4,37.67,12,2,2,0,10,100.00%,16.67%,Ramai,Sepi,Salah,34.72
S5_SVGA,2.mp4,37.83,12,1,1,0,11,100.00%,8.33%,Ramai,Sepi,Salah,33.42
S5_SVGA,2.mp4,38.00,12,1,1,0,11,100.00%,8.33%,Ramai,Sepi,Salah,33.27
S5_SVGA,2.mp4,38.17,12,1,1,0,11,100.00%,8.33%,Ramai,Sepi,Salah,33.92
S5_SVGA,2.mp4,38.33,12,0,0,0,12,0.00%,0.00%,Ramai,Sepi,Salah,30.75
S5_SVGA,2.mp4,38.50,12,1,1,0,11,100.00%,8.33%,Ramai,Sepi,Salah,33.50
S5_SVGA,2.mp4,38.67,12,1,1,0,11,100.00%,8.33%,Ramai,Sepi,Salah,33.32
S5_SVGA,2.mp4,38.83,12,0,0,0,12,0.00%,0.00%,Ramai,Sepi,Salah,33.51
S5_SVGA,2.mp4,39.00,12,1,1,0,11,100.00%,8.33%,Ramai,Sepi,Salah,33.45
S5_SVGA,2.mp4,39.17,12,2,2,0,10,100.00%,16.67%,Ramai,Sepi,Salah,34.16
S5_SVGA,2.mp4,39.33,12,1,1,0,11,100.00%,8.33%,Ramai,Sepi,Salah,34.88
S5_SVGA,2.mp4,39.50,12,2,2,0,10,100.00%,16.67%,Ramai,Sepi,Salah,36.24
S5_SVGA,2.mp4,39.67,12,1,1,0,11,100.00%,8.33%,Ramai,Sepi,Salah,37.21
S5_SVGA,2.mp4,39.83,12,1,1,0,11,100.00%,8.33%,Ramai,Sepi,Salah,33.45
S5_SVGA,2.mp4,40.00,12,3,3,0,9,100.00%,25.00%,Ramai,Sepi,Salah,33.42
S5_VGA,1.mp4,0.00,5,2,2,0,3,100.00%,40.00%,Sedang,Sepi,Salah,39.03
S5_VGA,1.mp4,0.12,5,2,2,0,3,100.00%,40.00%,Sedang,Sepi,Salah,43.40
S5_VGA,1.mp4,0.25,5,2,2,0,3,100.00%,40.00%,Sedang,Sepi,Salah,49.30
S5_VGA,1.mp4,0.38,5,2,2,0,3,100.00%,40.00%,Sedang,Sepi,Salah,33.72
S5_VGA,1.mp4,0.50,5,2,2,0,3,100.00%,40.00%,Sedang,Sepi,Salah,30.69
S5_VGA,1.mp4,0.62,5,2,2,0,3,100.00%,40.00%,Sedang,Sepi,Salah,34.03
S5_VGA,1.mp4,0.75,5,2,2,0,3,100.00%,40.00%,Sedang,Sepi,Salah,32.70
S5_VGA,1.mp4,0.88,5,2,2,0,3,100.00%,40.00%,Sedang,Sepi,Salah,32.06
S5_VGA,1.mp4,1.00,5,2,2,0,3,100.00%,40.00%,Sedang,Sepi,Salah,31.02
S5_VGA,1.mp4,1.12,5,2,2,0,3,100.00%,40.00%,Sedang,Sepi,Salah,30.88
S5_VGA,1.mp4,1.25,5,2,2,0,3,100.00%,40.00%,Sedang,Sepi,Salah,32.61
S5_VGA,1.mp4,1.38,5,3,3,0,2,100.00%,60.00%,Sedang,Sepi,Salah,31.41
S5_VGA,1.mp4,1.50,5,2,2,0,3,100.00%,40.00%,Sedang,Sepi,Salah,31.80
S5_VGA,1.mp4,1.62,5,1,1,0,4,100.00%,20.00%,Sedang,Sepi,Salah,32.34
S5_VGA,1.mp4,1.75,5,3,3,0,2,100.00%,60.00%,Sedang,Sepi,Salah,34.33
S5_VGA,1.mp4,1.88,5,4,4,0,1,100.00%,80.00%,Sedang,Sepi,Salah,35.91
S5_VGA,1.mp4,2.00,5,4,4,0,1,100.00%,80.00%,Sedang,Sepi,Salah,32.26
S5_VGA,1.mp4,2.12,5,4,4,0,1,100.00%,80.00%,Sedang,Sepi,Salah,33.27
S5_VGA,1.mp4,2.25,5,4,4,0,1,100.00%,80.00%,Sedang,Sepi,Salah,32.43
S5_VGA,1.mp4,2.38,5,4,4,0,1,100.00%,80.00%,Sedang,Sepi,Salah,31.88
S5_VGA,1.mp4,2.50,5,3,3,0,2,100.00%,60.00%,Sedang,Sepi,Salah,33.02
S5_VGA,1.mp4,2.62,5,3,3,0,2,100.00%,60.00%,Sedang,Sepi,Salah,33.03
S5_VGA,1.mp4,2.75,5,4,4,0,1,100.00%,80.00%,Sedang,Sepi,Salah,33.61
S5_VGA,1.mp4,2.88,5,4,4,0,1,100.00%,80.00%,Sedang,Sepi,Salah,35.54
S5_VGA,1.mp4,3.00,5,4,4,0,1,100.00%,80.00%,Sedang,Sepi,Salah,32.47
S5_VGA,1.mp4,3.12,5,4,4,0,1,100.00%,80.00%,Sedang,Sepi,Salah,32.63
S5_VGA,1.mp4,3.25,5,4,4,0,1,100.00%,80.00%,Sedang,Sepi,Salah,32.66
S5_VGA,1.mp4,3.38,5,3,3,0,2,100.00%,60.00%,Sedang,Sepi,Salah,34.28
S5_VGA,1.mp4,3.50,5,4,4,0,1,100.00%,80.00%,Sedang,Sepi,Salah,32.80
S5_VGA,1.mp4,3.62,5,3,3,0,2,100.00%,60.00%,Sedang,Sepi,Salah,34.40
S5_VGA,1.mp4,3.75,5,4,4,0,1,100.00%,80.00%,Sedang,Sepi,Salah,36.35
S5_VGA,1.mp4,3.88,5,3,3,0,2,100.00%,60.00%,Sedang,Sepi,Salah,34.36
S5_VGA,1.mp4,4.00,5,3,3,0,2,100.00%,60.00%,Sedang,Sepi,Salah,31.69
S5_VGA,1.mp4,4.12,5,3,3,0,2,100.00%,60.00%,Sedang,Sepi,Salah,35.31
S5_VGA,1.mp4,4.25,5,3,3,0,2,100.00%,60.00%,Sedang,Sepi,Salah,32.68
S5_VGA,1.mp4,4.38,5,3,3,0,2,100.00%,60.00%,Sedang,Sepi,Salah,34.70
S5_VGA,1.mp4,4.50,5,3,3,0,2,100.00%,60.00%,Sedang,Sepi,Salah,32.47
S5_VGA,1.mp4,4.62,5,3,3,0,2,100.00%,60.00%,Sedang,Sepi,Salah,32.46
S5_VGA,1.mp4,4.75,5,3,3,0,2,100.00%,60.00%,Sedang,Sepi,Salah,36.26
S5_VGA,1.mp4,4.88,5,3,3,0,2,100.00%,60.00%,Sedang,Sepi,Salah,35.19
S5_VGA,1.mp4,5.00,5,4,4,0,1,100.00%,80.00%,Sedang,Sepi,Salah,32.59
S5_VGA,1.mp4,5.12,5,3,3,0,2,100.00%,60.00%,Sedang,Sepi,Salah,33.48
S5_VGA,1.mp4,5.25,5,3,3,0,2,100.00%,60.00%,Sedang,Sepi,Salah,35.60
S5_VGA,1.mp4,5.38,5,3,3,0,2,100.00%,60.00%,Sedang,Sepi,Salah,32.46
S5_VGA,1.mp4,5.50,5,3,3,0,2,100.00%,60.00%,Sedang,Sepi,Salah,32.93
S5_VGA,1.mp4,5.62,5,2,2,0,3,100.00%,40.00%,Sedang,Sepi,Salah,32.19
S5_VGA,1.mp4,5.75,5,3,3,0,2,100.00%,60.00%,Sedang,Sepi,Salah,34.34
S5_VGA,1.mp4,5.88,5,3,3,0,2,100.00%,60.00%,Sedang,Sepi,Salah,33.84
S5_VGA,1.mp4,6.00,5,3,3,0,2,100.00%,60.00%,Sedang,Sepi,Salah,32.72
S5_VGA,1.mp4,6.12,4,4,4,0,0,100.00%,100.00%,Sepi,Sepi,Benar,34.73
S5_VGA,1.mp4,6.25,4,3,3,0,1,100.00%,75.00%,Sepi,Sepi,Benar,31.97
S5_VGA,1.mp4,6.38,4,3,3,0,1,100.00%,75.00%,Sepi,Sepi,Benar,33.26
S5_VGA,1.mp4,6.50,4,3,3,0,1,100.00%,75.00%,Sepi,Sepi,Benar,33.54
S5_VGA,1.mp4,6.62,4,2,2,0,2,100.00%,50.00%,Sepi,Sepi,Benar,33.40
S5_VGA,1.mp4,6.75,4,2,2,0,2,100.00%,50.00%,Sepi,Sepi,Benar,35.55
S5_VGA,1.mp4,6.88,4,2,2,0,2,100.00%,50.00%,Sepi,Sepi,Benar,33.66
S5_VGA,1.mp4,7.00,4,2,2,0,2,100.00%,50.00%,Sepi,Sepi,Benar,34.16
S5_VGA,1.mp4,7.12,4,2,2,0,2,100.00%,50.00%,Sepi,Sepi,Benar,34.01
S5_VGA,1.mp4,7.25,4,2,2,0,2,100.00%,50.00%,Sepi,Sepi,Benar,33.45
S5_VGA,1.mp4,7.38,4,2,2,0,2,100.00%,50.00%,Sepi,Sepi,Benar,33.93
S5_VGA,1.mp4,7.50,4,2,2,0,2,100.00%,50.00%,Sepi,Sepi,Benar,33.53
S5_VGA,1.mp4,7.62,4,2,2,0,2,100.00%,50.00%,Sepi,Sepi,Benar,34.55
S5_VGA,1.mp4,7.75,4,2,2,0,2,100.00%,50.00%,Sepi,Sepi,Benar,34.48
S5_VGA,1.mp4,7.88,4,2,2,0,2,100.00%,50.00%,Sepi,Sepi,Benar,33.28
S5_VGA,1.mp4,8.00,4,2,2,0,2,100.00%,50.00%,Sepi,Sepi,Benar,33.39
S5_VGA,1.mp4,8.12,4,2,2,0,2,100.00%,50.00%,Sepi,Sepi,Benar,32.38
S5_VGA,1.mp4,8.25,4,2,2,0,2,100.00%,50.00%,Sepi,Sepi,Benar,32.51
S5_VGA,1.mp4,8.38,4,2,2,0,2,100.00%,50.00%,Sepi,Sepi,Benar,32.19
S5_VGA,1.mp4,8.50,4,2,2,0,2,100.00%,50.00%,Sepi,Sepi,Benar,33.04
S5_VGA,1.mp4,8.62,4,2,2,0,2,100.00%,50.00%,Sepi,Sepi,Benar,33.58
S5_VGA,1.mp4,8.75,4,2,2,0,2,100.00%,50.00%,Sepi,Sepi,Benar,33.74
S5_VGA,1.mp4,8.88,4,2,2,0,2,100.00%,50.00%,Sepi,Sepi,Benar,33.28
S5_VGA,1.mp4,9.00,4,2,2,0,2,100.00%,50.00%,Sepi,Sepi,Benar,30.96
S5_VGA,1.mp4,9.12,4,2,2,0,2,100.00%,50.00%,Sepi,Sepi,Benar,32.31
S5_VGA,1.mp4,9.25,4,2,2,0,2,100.00%,50.00%,Sepi,Sepi,Benar,36.65
S5_VGA,1.mp4,9.38,4,2,2,0,2,100.00%,50.00%,Sepi,Sepi,Benar,37.85
S5_VGA,1.mp4,9.50,4,2,2,0,2,100.00%,50.00%,Sepi,Sepi,Benar,38.84
S5_VGA,1.mp4,9.62,4,2,2,0,2,100.00%,50.00%,Sepi,Sepi,Benar,34.94
S5_VGA,1.mp4,9.75,4,2,2,0,2,100.00%,50.00%,Sepi,Sepi,Benar,34.80
S5_VGA,1.mp4,9.88,4,2,2,0,2,100.00%,50.00%,Sepi,Sepi,Benar,35.38
S5_VGA,1.mp4,10.00,4,2,2,0,2,100.00%,50.00%,Sepi,Sepi,Benar,34.45
S5_VGA,1.mp4,10.12,4,3,3,0,1,100.00%,75.00%,Sepi,Sepi,Benar,34.85
S5_VGA,1.mp4,10.25,4,2,2,0,2,100.00%,50.00%,Sepi,Sepi,Benar,33.96
S5_VGA,1.mp4,10.38,4,3,3,0,1,100.00%,75.00%,Sepi,Sepi,Benar,36.46
S5_VGA,1.mp4,10.50,4,3,3,0,1,100.00%,75.00%,Sepi,Sepi,Benar,35.42
S5_VGA,1.mp4,10.62,4,2,2,0,2,100.00%,50.00%,Sepi,Sepi,Benar,35.31
S5_VGA,1.mp4,10.75,4,2,2,0,2,100.00%,50.00%,Sepi,Sepi,Benar,33.99
S5_VGA,1.mp4,10.88,4,3,3,0,1,100.00%,75.00%,Sepi,Sepi,Benar,38.29
S5_VGA,1.mp4,11.00,4,3,3,0,1,100.00%,75.00%,Sepi,Sepi,Benar,34.05
S5_VGA,1.mp4,11.12,4,3,3,0,1,100.00%,75.00%,Sepi,Sepi,Benar,36.49
S5_VGA,1.mp4,11.25,4,3,3,0,1,100.00%,75.00%,Sepi,Sepi,Benar,36.86
S5_VGA,1.mp4,11.38,4,3,3,0,1,100.00%,75.00%,Sepi,Sepi,Benar,54.01
S5_VGA,1.mp4,11.50,4,3,3,0,1,100.00%,75.00%,Sepi,Sepi,Benar,35.72
S5_VGA,1.mp4,11.62,4,3,3,0,1,100.00%,75.00%,Sepi,Sepi,Benar,35.47
S5_VGA,1.mp4,11.75,4,3,3,0,1,100.00%,75.00%,Sepi,Sepi,Benar,34.04
S5_VGA,1.mp4,11.88,4,4,4,0,0,100.00%,100.00%,Sepi,Sepi,Benar,35.89
S5_VGA,1.mp4,12.00,4,4,4,0,0,100.00%,100.00%,Sepi,Sepi,Benar,34.11
S5_VGA,1.mp4,12.12,4,3,3,0,1,100.00%,75.00%,Sepi,Sepi,Benar,32.46
S5_VGA,1.mp4,12.25,4,3,3,0,1,100.00%,75.00%,Sepi,Sepi,Benar,37.39
S5_VGA,1.mp4,12.38,4,3,3,0,1,100.00%,75.00%,Sepi,Sepi,Benar,32.78
S5_VGA,1.mp4,12.50,4,3,3,0,1,100.00%,75.00%,Sepi,Sepi,Benar,34.66
S5_VGA,1.mp4,12.62,4,3,3,0,1,100.00%,75.00%,Sepi,Sepi,Benar,33.75
S5_VGA,1.mp4,12.75,4,3,3,0,1,100.00%,75.00%,Sepi,Sepi,Benar,34.30
S5_VGA,1.mp4,12.88,4,4,4,0,0,100.00%,100.00%,Sepi,Sepi,Benar,34.39
S5_VGA,1.mp4,13.00,4,3,3,0,1,100.00%,75.00%,Sepi,Sepi,Benar,33.33
S5_VGA,1.mp4,13.12,4,3,3,0,1,100.00%,75.00%,Sepi,Sepi,Benar,33.66
S5_VGA,1.mp4,13.25,4,3,3,0,1,100.00%,75.00%,Sepi,Sepi,Benar,36.52
S5_VGA,1.mp4,13.38,4,3,3,0,1,100.00%,75.00%,Sepi,Sepi,Benar,35.23
S5_VGA,1.mp4,13.50,4,3,3,0,1,100.00%,75.00%,Sepi,Sepi,Benar,32.73
S5_VGA,1.mp4,13.62,4,3,3,0,1,100.00%,75.00%,Sepi,Sepi,Benar,34.88
S5_VGA,1.mp4,13.75,4,3,3,0,1,100.00%,75.00%,Sepi,Sepi,Benar,34.25
S5_VGA,1.mp4,13.88,4,3,3,0,1,100.00%,75.00%,Sepi,Sepi,Benar,38.43
S5_VGA,1.mp4,14.00,4,4,4,0,0,100.00%,100.00%,Sepi,Sepi,Benar,33.86
S5_VGA,1.mp4,14.12,4,4,4,0,0,100.00%,100.00%,Sepi,Sepi,Benar,36.16
S5_VGA,1.mp4,14.25,4,4,4,0,0,100.00%,100.00%,Sepi,Sepi,Benar,32.75
S5_VGA,1.mp4,14.38,4,3,3,0,1,100.00%,75.00%,Sepi,Sepi,Benar,33.62
S5_VGA,1.mp4,14.50,4,3,3,0,1,100.00%,75.00%,Sepi,Sepi,Benar,33.20
S5_VGA,1.mp4,14.62,4,3,3,0,1,100.00%,75.00%,Sepi,Sepi,Benar,32.33
S5_VGA,1.mp4,14.75,4,3,3,0,1,100.00%,75.00%,Sepi,Sepi,Benar,33.23
S5_VGA,1.mp4,14.88,4,3,3,0,1,100.00%,75.00%,Sepi,Sepi,Benar,34.74
S5_VGA,1.mp4,15.00,4,3,3,0,1,100.00%,75.00%,Sepi,Sepi,Benar,32.58
S5_VGA,1.mp4,15.12,4,3,3,0,1,100.00%,75.00%,Sepi,Sepi,Benar,34.93
S5_VGA,1.mp4,15.25,4,3,3,0,1,100.00%,75.00%,Sepi,Sepi,Benar,33.02
S5_VGA,1.mp4,15.38,4,3,3,0,1,100.00%,75.00%,Sepi,Sepi,Benar,32.98
S5_VGA,1.mp4,15.50,4,3,3,0,1,100.00%,75.00%,Sepi,Sepi,Benar,33.33
S5_VGA,1.mp4,15.62,4,3,3,0,1,100.00%,75.00%,Sepi,Sepi,Benar,32.88
S5_VGA,1.mp4,15.75,4,3,3,0,1,100.00%,75.00%,Sepi,Sepi,Benar,32.92
S5_VGA,1.mp4,15.88,4,3,3,0,1,100.00%,75.00%,Sepi,Sepi,Benar,34.20
S5_VGA,1.mp4,16.00,4,3,3,0,1,100.00%,75.00%,Sepi,Sepi,Benar,34.94
S5_VGA,1.mp4,16.12,4,3,3,0,1,100.00%,75.00%,Sepi,Sepi,Benar,34.11
S5_VGA,1.mp4,16.25,4,4,4,0,0,100.00%,100.00%,Sepi,Sepi,Benar,35.65
S5_VGA,1.mp4,16.38,4,4,4,0,0,100.00%,100.00%,Sepi,Sepi,Benar,33.68
S5_VGA,1.mp4,16.50,4,3,3,0,1,100.00%,75.00%,Sepi,Sepi,Benar,34.70
S5_VGA,1.mp4,16.62,4,3,3,0,1,100.00%,75.00%,Sepi,Sepi,Benar,33.97
S5_VGA,1.mp4,16.75,4,3,3,0,1,100.00%,75.00%,Sepi,Sepi,Benar,37.52
S5_VGA,1.mp4,16.88,4,3,3,0,1,100.00%,75.00%,Sepi,Sepi,Benar,34.78
S5_VGA,1.mp4,17.00,4,3,3,0,1,100.00%,75.00%,Sepi,Sepi,Benar,32.24
S5_VGA,1.mp4,17.12,4,3,3,0,1,100.00%,75.00%,Sepi,Sepi,Benar,34.69
S5_VGA,1.mp4,17.25,4,4,4,0,0,100.00%,100.00%,Sepi,Sepi,Benar,33.43
S5_VGA,1.mp4,17.38,4,4,4,0,0,100.00%,100.00%,Sepi,Sepi,Benar,33.64
S5_VGA,1.mp4,17.50,4,4,4,0,0,100.00%,100.00%,Sepi,Sepi,Benar,32.06
S5_VGA,1.mp4,17.62,4,4,4,0,0,100.00%,100.00%,Sepi,Sepi,Benar,32.07
S5_VGA,1.mp4,17.75,4,3,3,0,1,100.00%,75.00%,Sepi,Sepi,Benar,33.99
S5_VGA,1.mp4,17.88,4,3,3,0,1,100.00%,75.00%,Sepi,Sepi,Benar,33.62
S5_VGA,1.mp4,18.00,4,3,3,0,1,100.00%,75.00%,Sepi,Sepi,Benar,35.88
S5_VGA,1.mp4,18.12,4,3,3,0,1,100.00%,75.00%,Sepi,Sepi,Benar,35.11
S5_VGA,1.mp4,18.25,4,4,4,0,0,100.00%,100.00%,Sepi,Sepi,Benar,35.04
S5_VGA,1.mp4,18.38,4,4,4,0,0,100.00%,100.00%,Sepi,Sepi,Benar,34.05
S5_VGA,1.mp4,18.50,4,3,3,0,1,100.00%,75.00%,Sepi,Sepi,Benar,45.25
S5_VGA,1.mp4,18.62,4,3,3,0,1,100.00%,75.00%,Sepi,Sepi,Benar,34.07
S5_VGA,1.mp4,18.75,4,3,3,0,1,100.00%,75.00%,Sepi,Sepi,Benar,34.47
S5_VGA,1.mp4,18.88,4,4,4,0,0,100.00%,100.00%,Sepi,Sepi,Benar,34.88
S5_VGA,1.mp4,19.00,4,3,3,0,1,100.00%,75.00%,Sepi,Sepi,Benar,33.12
S5_VGA,1.mp4,19.12,4,4,4,0,0,100.00%,100.00%,Sepi,Sepi,Benar,33.82
S5_VGA,1.mp4,19.25,4,4,4,0,0,100.00%,100.00%,Sepi,Sepi,Benar,36.12
S5_VGA,1.mp4,19.38,4,3,3,0,1,100.00%,75.00%,Sepi,Sepi,Benar,31.85
S5_VGA,1.mp4,19.50,4,3,3,0,1,100.00%,75.00%,Sepi,Sepi,Benar,33.12
S5_VGA,1.mp4,19.62,4,4,4,0,0,100.00%,100.00%,Sepi,Sepi,Benar,33.64
S5_VGA,1.mp4,19.75,4,4,4,0,0,100.00%,100.00%,Sepi,Sepi,Benar,33.77
S5_VGA,1.mp4,19.88,4,3,3,0,1,100.00%,75.00%,Sepi,Sepi,Benar,34.84
S5_VGA,1.mp4,20.00,4,2,2,0,2,100.00%,50.00%,Sepi,Sepi,Benar,33.52
S5_VGA,1.mp4,20.12,5,4,4,0,1,100.00%,80.00%,Sedang,Sepi,Salah,33.57
S5_VGA,1.mp4,20.25,5,4,4,0,1,100.00%,80.00%,Sedang,Sepi,Salah,33.96
S5_VGA,1.mp4,20.38,5,3,3,0,2,100.00%,60.00%,Sedang,Sepi,Salah,33.57
S5_VGA,1.mp4,20.50,5,4,4,0,1,100.00%,80.00%,Sedang,Sepi,Salah,33.16
S5_VGA,1.mp4,20.62,5,4,4,0,1,100.00%,80.00%,Sedang,Sepi,Salah,32.87
S5_VGA,1.mp4,20.75,5,4,4,0,1,100.00%,80.00%,Sedang,Sepi,Salah,33.71
S5_VGA,1.mp4,20.88,5,4,4,0,1,100.00%,80.00%,Sedang,Sepi,Salah,36.37
S5_VGA,1.mp4,21.00,5,4,4,0,1,100.00%,80.00%,Sedang,Sepi,Salah,32.43
S5_VGA,1.mp4,21.12,5,4,4,0,1,100.00%,80.00%,Sedang,Sepi,Salah,32.95
S5_VGA,1.mp4,21.25,5,4,4,0,1,100.00%,80.00%,Sedang,Sepi,Salah,33.72
S5_VGA,1.mp4,21.38,5,3,3,0,2,100.00%,60.00%,Sedang,Sepi,Salah,32.34
S5_VGA,1.mp4,21.50,5,3,3,0,2,100.00%,60.00%,Sedang,Sepi,Salah,32.80
S5_VGA,1.mp4,21.62,5,3,3,0,2,100.00%,60.00%,Sedang,Sepi,Salah,31.94
S5_VGA,1.mp4,21.75,5,3,3,0,2,100.00%,60.00%,Sedang,Sepi,Salah,33.00
S5_VGA,1.mp4,21.88,5,3,3,0,2,100.00%,60.00%,Sedang,Sepi,Salah,35.72
S5_VGA,1.mp4,22.00,5,3,3,0,2,100.00%,60.00%,Sedang,Sepi,Salah,34.77
S5_VGA,1.mp4,22.12,4,3,3,0,1,100.00%,75.00%,Sepi,Sepi,Benar,31.88
S5_VGA,1.mp4,22.25,4,3,3,0,1,100.00%,75.00%,Sepi,Sepi,Benar,33.24
S5_VGA,1.mp4,22.38,4,3,3,0,1,100.00%,75.00%,Sepi,Sepi,Benar,35.13
S5_VGA,1.mp4,22.50,4,2,2,0,2,100.00%,50.00%,Sepi,Sepi,Benar,34.63
S5_VGA,1.mp4,22.62,4,3,3,0,1,100.00%,75.00%,Sepi,Sepi,Benar,33.92
S5_VGA,1.mp4,22.75,4,3,3,0,1,100.00%,75.00%,Sepi,Sepi,Benar,35.41
S5_VGA,1.mp4,22.88,4,3,3,0,1,100.00%,75.00%,Sepi,Sepi,Benar,34.84
S5_VGA,1.mp4,23.00,4,3,3,0,1,100.00%,75.00%,Sepi,Sepi,Benar,32.46
S5_VGA,1.mp4,23.12,4,3,3,0,1,100.00%,75.00%,Sepi,Sepi,Benar,32.51
S5_VGA,1.mp4,23.25,4,3,3,0,1,100.00%,75.00%,Sepi,Sepi,Benar,34.74
S5_VGA,1.mp4,23.38,4,3,3,0,1,100.00%,75.00%,Sepi,Sepi,Benar,33.69
S5_VGA,1.mp4,23.50,4,2,2,0,2,100.00%,50.00%,Sepi,Sepi,Benar,33.05
S5_VGA,1.mp4,23.62,4,2,2,0,2,100.00%,50.00%,Sepi,Sepi,Benar,34.19
S5_VGA,1.mp4,23.75,4,2,2,0,2,100.00%,50.00%,Sepi,Sepi,Benar,36.59
S5_VGA,1.mp4,23.88,4,2,2,0,2,100.00%,50.00%,Sepi,Sepi,Benar,38.57
S5_VGA,1.mp4,24.00,4,2,2,0,2,100.00%,50.00%,Sepi,Sepi,Benar,34.28
S5_VGA,1.mp4,24.12,4,2,2,0,2,100.00%,50.00%,Sepi,Sepi,Benar,33.28
S5_VGA,1.mp4,24.25,4,2,2,0,2,100.00%,50.00%,Sepi,Sepi,Benar,32.91
S5_VGA,1.mp4,24.38,4,2,2,0,2,100.00%,50.00%,Sepi,Sepi,Benar,33.81
S5_VGA,1.mp4,24.50,4,2,2,0,2,100.00%,50.00%,Sepi,Sepi,Benar,32.87
S5_VGA,1.mp4,24.62,4,2,2,0,2,100.00%,50.00%,Sepi,Sepi,Benar,34.47
S5_VGA,1.mp4,24.75,4,2,2,0,2,100.00%,50.00%,Sepi,Sepi,Benar,33.68
S5_VGA,1.mp4,24.88,4,2,2,0,2,100.00%,50.00%,Sepi,Sepi,Benar,35.25
S5_VGA,1.mp4,25.00,4,1,1,0,3,100.00%,25.00%,Sepi,Sepi,Benar,32.93
S5_VGA,1.mp4,25.12,4,1,1,0,3,100.00%,25.00%,Sepi,Sepi,Benar,32.56
S5_VGA,1.mp4,25.25,4,2,2,0,2,100.00%,50.00%,Sepi,Sepi,Benar,32.23
S5_VGA,1.mp4,25.38,4,2,2,0,2,100.00%,50.00%,Sepi,Sepi,Benar,33.03
S5_VGA,1.mp4,25.50,4,2,2,0,2,100.00%,50.00%,Sepi,Sepi,Benar,31.72
S5_VGA,1.mp4,25.62,4,2,2,0,2,100.00%,50.00%,Sepi,Sepi,Benar,32.16
S5_VGA,1.mp4,25.75,4,2,2,0,2,100.00%,50.00%,Sepi,Sepi,Benar,35.32
S5_VGA,1.mp4,25.88,4,2,2,0,2,100.00%,50.00%,Sepi,Sepi,Benar,33.21
S5_VGA,1.mp4,26.00,4,2,2,0,2,100.00%,50.00%,Sepi,Sepi,Benar,32.39
S5_VGA,1.mp4,26.12,4,2,2,0,2,100.00%,50.00%,Sepi,Sepi,Benar,33.68
S5_VGA,1.mp4,26.25,4,2,2,0,2,100.00%,50.00%,Sepi,Sepi,Benar,32.29
S5_VGA,1.mp4,26.38,4,2,2,0,2,100.00%,50.00%,Sepi,Sepi,Benar,36.95
S5_VGA,1.mp4,26.50,4,2,2,0,2,100.00%,50.00%,Sepi,Sepi,Benar,32.48
S5_VGA,1.mp4,26.62,4,2,2,0,2,100.00%,50.00%,Sepi,Sepi,Benar,33.88
S5_VGA,1.mp4,26.75,4,2,2,0,2,100.00%,50.00%,Sepi,Sepi,Benar,35.46
S5_VGA,1.mp4,26.88,4,2,2,0,2,100.00%,50.00%,Sepi,Sepi,Benar,34.42
S5_VGA,1.mp4,27.00,4,2,2,0,2,100.00%,50.00%,Sepi,Sepi,Benar,33.49
S5_VGA,1.mp4,27.12,4,1,1,0,3,100.00%,25.00%,Sepi,Sepi,Benar,34.41
S5_VGA,1.mp4,27.25,4,2,2,0,2,100.00%,50.00%,Sepi,Sepi,Benar,33.26
S5_VGA,1.mp4,27.38,4,2,2,0,2,100.00%,50.00%,Sepi,Sepi,Benar,33.93
S5_VGA,1.mp4,27.50,4,2,2,0,2,100.00%,50.00%,Sepi,Sepi,Benar,34.19
S5_VGA,1.mp4,27.62,4,2,2,0,2,100.00%,50.00%,Sepi,Sepi,Benar,37.35
S5_VGA,1.mp4,27.75,4,2,2,0,2,100.00%,50.00%,Sepi,Sepi,Benar,35.13
S5_VGA,1.mp4,27.88,4,2,2,0,2,100.00%,50.00%,Sepi,Sepi,Benar,34.00
S5_VGA,1.mp4,28.00,4,2,2,0,2,100.00%,50.00%,Sepi,Sepi,Benar,34.15
S5_VGA,1.mp4,28.12,4,2,2,0,2,100.00%,50.00%,Sepi,Sepi,Benar,34.39
S5_VGA,1.mp4,28.25,4,1,1,0,3,100.00%,25.00%,Sepi,Sepi,Benar,33.29
S5_VGA,1.mp4,28.38,4,2,2,0,2,100.00%,50.00%,Sepi,Sepi,Benar,34.50
S5_VGA,1.mp4,28.50,4,1,1,0,3,100.00%,25.00%,Sepi,Sepi,Benar,32.95
S5_VGA,1.mp4,28.62,4,1,1,0,3,100.00%,25.00%,Sepi,Sepi,Benar,32.95
S5_VGA,1.mp4,28.75,4,2,2,0,2,100.00%,50.00%,Sepi,Sepi,Benar,34.60
S5_VGA,1.mp4,28.88,4,0,0,0,4,0.00%,0.00%,Sepi,Sepi,Benar,31.27
S5_VGA,1.mp4,29.00,4,1,1,0,3,100.00%,25.00%,Sepi,Sepi,Benar,34.16
S5_VGA,1.mp4,29.12,4,2,2,0,2,100.00%,50.00%,Sepi,Sepi,Benar,34.55
S5_VGA,1.mp4,29.25,4,1,1,0,3,100.00%,25.00%,Sepi,Sepi,Benar,34.98
S5_VGA,1.mp4,29.38,4,1,1,0,3,100.00%,25.00%,Sepi,Sepi,Benar,36.88
S5_VGA,1.mp4,29.50,4,1,1,0,3,100.00%,25.00%,Sepi,Sepi,Benar,32.19
S5_VGA,1.mp4,29.62,4,2,2,0,2,100.00%,50.00%,Sepi,Sepi,Benar,32.36
S5_VGA,1.mp4,29.75,4,2,2,0,2,100.00%,50.00%,Sepi,Sepi,Benar,32.89
S5_VGA,1.mp4,29.88,4,1,1,0,3,100.00%,25.00%,Sepi,Sepi,Benar,33.39
S5_VGA,1.mp4,30.00,4,1,1,0,3,100.00%,25.00%,Sepi,Sepi,Benar,32.33
S5_VGA,1.mp4,30.12,4,1,1,0,3,100.00%,25.00%,Sepi,Sepi,Benar,32.31
S5_VGA,1.mp4,30.25,4,2,2,0,2,100.00%,50.00%,Sepi,Sepi,Benar,32.17
S5_VGA,1.mp4,30.38,4,2,2,0,2,100.00%,50.00%,Sepi,Sepi,Benar,32.29
S5_VGA,1.mp4,30.50,4,2,2,0,2,100.00%,50.00%,Sepi,Sepi,Benar,32.50
S5_VGA,1.mp4,30.62,4,3,3,0,1,100.00%,75.00%,Sepi,Sepi,Benar,34.89
S5_VGA,1.mp4,30.75,4,3,3,0,1,100.00%,75.00%,Sepi,Sepi,Benar,34.54
S5_VGA,1.mp4,30.88,4,2,2,0,2,100.00%,50.00%,Sepi,Sepi,Benar,32.33
S5_VGA,1.mp4,31.00,4,2,2,0,2,100.00%,50.00%,Sepi,Sepi,Benar,34.16
S5_VGA,1.mp4,31.12,4,3,3,0,1,100.00%,75.00%,Sepi,Sepi,Benar,34.97
S5_VGA,1.mp4,31.25,4,2,2,0,2,100.00%,50.00%,Sepi,Sepi,Benar,34.78
S5_VGA,1.mp4,31.38,4,2,2,0,2,100.00%,50.00%,Sepi,Sepi,Benar,33.01
S5_VGA,1.mp4,31.50,4,3,3,0,1,100.00%,75.00%,Sepi,Sepi,Benar,33.42
S5_VGA,1.mp4,31.62,4,2,2,0,2,100.00%,50.00%,Sepi,Sepi,Benar,33.46
S5_VGA,1.mp4,31.75,4,2,2,0,2,100.00%,50.00%,Sepi,Sepi,Benar,35.83
S5_VGA,1.mp4,31.88,4,2,2,0,2,100.00%,50.00%,Sepi,Sepi,Benar,33.60
S5_VGA,1.mp4,32.00,4,2,2,0,2,100.00%,50.00%,Sepi,Sepi,Benar,33.58
S5_VGA,1.mp4,32.12,3,1,1,0,2,100.00%,33.33%,Sepi,Sepi,Benar,32.68
S5_VGA,1.mp4,32.25,3,3,3,0,0,100.00%,100.00%,Sepi,Sepi,Benar,33.59
S5_VGA,1.mp4,32.38,3,2,2,0,1,100.00%,66.67%,Sepi,Sepi,Benar,32.87
S5_VGA,1.mp4,32.50,3,2,2,0,1,100.00%,66.67%,Sepi,Sepi,Benar,32.59
S5_VGA,1.mp4,32.62,3,1,1,0,2,100.00%,33.33%,Sepi,Sepi,Benar,33.09
S5_VGA,1.mp4,32.75,3,1,1,0,2,100.00%,33.33%,Sepi,Sepi,Benar,32.47
S5_VGA,1.mp4,32.88,3,2,2,0,1,100.00%,66.67%,Sepi,Sepi,Benar,33.41
S5_VGA,1.mp4,33.00,3,1,1,0,2,100.00%,33.33%,Sepi,Sepi,Benar,32.21
S5_VGA,1.mp4,33.12,3,1,1,0,2,100.00%,33.33%,Sepi,Sepi,Benar,34.92
S5_VGA,1.mp4,33.25,3,1,1,0,2,100.00%,33.33%,Sepi,Sepi,Benar,31.93
S5_VGA,1.mp4,33.38,3,1,1,0,2,100.00%,33.33%,Sepi,Sepi,Benar,32.25
S5_VGA,1.mp4,33.50,3,1,1,0,2,100.00%,33.33%,Sepi,Sepi,Benar,32.76
S5_VGA,1.mp4,33.62,3,1,1,0,2,100.00%,33.33%,Sepi,Sepi,Benar,33.04
S5_VGA,1.mp4,33.75,3,1,1,0,2,100.00%,33.33%,Sepi,Sepi,Benar,32.19
S5_VGA,1.mp4,33.88,3,1,1,0,2,100.00%,33.33%,Sepi,Sepi,Benar,35.32
S5_VGA,1.mp4,34.00,3,2,2,0,1,100.00%,66.67%,Sepi,Sepi,Benar,32.94
S5_VGA,1.mp4,34.12,3,1,1,0,2,100.00%,33.33%,Sepi,Sepi,Benar,32.51
S5_VGA,1.mp4,34.25,3,1,1,0,2,100.00%,33.33%,Sepi,Sepi,Benar,32.28
S5_VGA,1.mp4,34.38,3,1,1,0,2,100.00%,33.33%,Sepi,Sepi,Benar,33.24
S5_VGA,1.mp4,34.50,3,2,2,0,1,100.00%,66.67%,Sepi,Sepi,Benar,35.01
S5_VGA,1.mp4,34.62,3,1,1,0,2,100.00%,33.33%,Sepi,Sepi,Benar,34.09
S5_VGA,1.mp4,34.75,3,1,1,0,2,100.00%,33.33%,Sepi,Sepi,Benar,35.78
S5_VGA,1.mp4,34.88,3,1,1,0,2,100.00%,33.33%,Sepi,Sepi,Benar,34.02
S5_VGA,1.mp4,35.00,3,2,2,0,1,100.00%,66.67%,Sepi,Sepi,Benar,32.13
S5_VGA,1.mp4,35.12,3,2,2,0,1,100.00%,66.67%,Sepi,Sepi,Benar,32.93
S5_VGA,1.mp4,35.25,3,2,2,0,1,100.00%,66.67%,Sepi,Sepi,Benar,35.68
S5_VGA,1.mp4,35.38,3,2,2,0,1,100.00%,66.67%,Sepi,Sepi,Benar,34.86
S5_VGA,1.mp4,35.50,3,2,2,0,1,100.00%,66.67%,Sepi,Sepi,Benar,35.47
S5_VGA,1.mp4,35.62,3,2,2,0,1,100.00%,66.67%,Sepi,Sepi,Benar,33.67
S5_VGA,1.mp4,35.75,3,2,2,0,1,100.00%,66.67%,Sepi,Sepi,Benar,34.40
S5_VGA,1.mp4,35.88,3,2,2,0,1,100.00%,66.67%,Sepi,Sepi,Benar,34.15
S5_VGA,1.mp4,36.00,3,2,2,0,1,100.00%,66.67%,Sepi,Sepi,Benar,33.64
S5_VGA,1.mp4,36.12,3,2,2,0,1,100.00%,66.67%,Sepi,Sepi,Benar,33.34
S5_VGA,1.mp4,36.25,3,2,2,0,1,100.00%,66.67%,Sepi,Sepi,Benar,33.91
S5_VGA,1.mp4,36.38,3,2,2,0,1,100.00%,66.67%,Sepi,Sepi,Benar,32.91
S5_VGA,1.mp4,36.50,3,2,2,0,1,100.00%,66.67%,Sepi,Sepi,Benar,33.25
S5_VGA,1.mp4,36.62,3,2,2,0,1,100.00%,66.67%,Sepi,Sepi,Benar,32.10
S5_VGA,1.mp4,36.75,3,1,1,0,2,100.00%,33.33%,Sepi,Sepi,Benar,32.23
S5_VGA,1.mp4,36.88,3,2,2,0,1,100.00%,66.67%,Sepi,Sepi,Benar,34.50
S5_VGA,1.mp4,37.00,3,2,2,0,1,100.00%,66.67%,Sepi,Sepi,Benar,33.65
S5_VGA,1.mp4,37.12,3,2,2,0,1,100.00%,66.67%,Sepi,Sepi,Benar,34.30
S5_VGA,1.mp4,37.25,3,1,1,0,2,100.00%,33.33%,Sepi,Sepi,Benar,32.30
S5_VGA,1.mp4,37.38,3,1,1,0,2,100.00%,33.33%,Sepi,Sepi,Benar,31.86
S5_VGA,1.mp4,37.50,3,1,1,0,2,100.00%,33.33%,Sepi,Sepi,Benar,33.23
S5_VGA,1.mp4,37.62,3,1,1,0,2,100.00%,33.33%,Sepi,Sepi,Benar,33.11
S5_VGA,1.mp4,37.75,3,1,1,0,2,100.00%,33.33%,Sepi,Sepi,Benar,33.46
S5_VGA,1.mp4,37.88,3,2,2,0,1,100.00%,66.67%,Sepi,Sepi,Benar,34.83
S5_VGA,1.mp4,38.00,3,1,1,0,2,100.00%,33.33%,Sepi,Sepi,Benar,32.39
S5_VGA,1.mp4,38.12,3,2,2,0,1,100.00%,66.67%,Sepi,Sepi,Benar,33.14
S5_VGA,1.mp4,38.25,3,2,2,0,1,100.00%,66.67%,Sepi,Sepi,Benar,31.73
S5_VGA,1.mp4,38.38,3,3,3,0,0,100.00%,100.00%,Sepi,Sepi,Benar,33.50
S5_VGA,1.mp4,38.50,3,2,2,0,1,100.00%,66.67%,Sepi,Sepi,Benar,32.73
S5_VGA,1.mp4,38.62,3,3,3,0,0,100.00%,100.00%,Sepi,Sepi,Benar,33.76
S5_VGA,1.mp4,38.75,3,2,2,0,1,100.00%,66.67%,Sepi,Sepi,Benar,34.03
S5_VGA,1.mp4,38.88,3,2,2,0,1,100.00%,66.67%,Sepi,Sepi,Benar,33.85
S5_VGA,1.mp4,39.00,3,2,2,0,1,100.00%,66.67%,Sepi,Sepi,Benar,35.61
S5_VGA,1.mp4,39.12,3,2,2,0,1,100.00%,66.67%,Sepi,Sepi,Benar,33.57
S5_VGA,1.mp4,39.25,3,2,2,0,1,100.00%,66.67%,Sepi,Sepi,Benar,32.18
S5_VGA,1.mp4,39.38,3,1,1,0,2,100.00%,33.33%,Sepi,Sepi,Benar,32.99
S5_VGA,1.mp4,39.50,3,2,2,0,1,100.00%,66.67%,Sepi,Sepi,Benar,32.57
S5_VGA,1.mp4,39.62,3,2,2,0,1,100.00%,66.67%,Sepi,Sepi,Benar,34.85
S5_VGA,1.mp4,39.75,3,2,2,0,1,100.00%,66.67%,Sepi,Sepi,Benar,35.56
S5_VGA,1.mp4,39.88,3,2,2,0,1,100.00%,66.67%,Sepi,Sepi,Benar,34.83
S5_VGA,1.mp4,40.00,3,2,2,0,1,100.00%,66.67%,Sepi,Sepi,Benar,31.87
S5_VGA,1.mp4,40.12,3,3,3,0,0,100.00%,100.00%,Sepi,Sepi,Benar,32.23
S5_VGA,1.mp4,40.25,3,3,3,0,0,100.00%,100.00%,Sepi,Sepi,Benar,32.64
S5_VGA,1.mp4,40.38,3,1,1,0,2,100.00%,33.33%,Sepi,Sepi,Benar,31.80
S5_VGA,1.mp4,40.50,3,2,2,0,1,100.00%,66.67%,Sepi,Sepi,Benar,32.70
S5_VGA,1.mp4,40.62,3,1,1,0,2,100.00%,33.33%,Sepi,Sepi,Benar,33.25
S5_VGA,1.mp4,40.75,3,2,2,0,1,100.00%,66.67%,Sepi,Sepi,Benar,31.62
S5_VGA,1.mp4,40.88,3,1,1,0,2,100.00%,33.33%,Sepi,Sepi,Benar,35.44
S5_VGA,1.mp4,41.00,3,2,2,0,1,100.00%,66.67%,Sepi,Sepi,Benar,32.21
S5_VGA,1.mp4,41.12,3,2,2,0,1,100.00%,66.67%,Sepi,Sepi,Benar,32.86
S5_VGA,1.mp4,41.25,3,2,2,0,1,100.00%,66.67%,Sepi,Sepi,Benar,32.74
S5_VGA,1.mp4,41.38,3,2,2,0,1,100.00%,66.67%,Sepi,Sepi,Benar,34.17
S5_VGA,1.mp4,41.50,3,2,2,0,1,100.00%,66.67%,Sepi,Sepi,Benar,31.78
S5_VGA,1.mp4,41.62,3,2,2,0,1,100.00%,66.67%,Sepi,Sepi,Benar,33.81
S5_VGA,1.mp4,41.75,3,1,1,0,2,100.00%,33.33%,Sepi,Sepi,Benar,34.23
S5_VGA,1.mp4,41.88,3,3,3,0,0,100.00%,100.00%,Sepi,Sepi,Benar,32.54
S5_VGA,1.mp4,42.00,3,2,2,0,1,100.00%,66.67%,Sepi,Sepi,Benar,31.35
S5_VGA,1.mp4,42.12,3,2,2,0,1,100.00%,66.67%,Sepi,Sepi,Benar,32.65
S5_VGA,1.mp4,42.25,3,2,2,0,1,100.00%,66.67%,Sepi,Sepi,Benar,31.56
S5_VGA,1.mp4,42.38,3,2,2,0,1,100.00%,66.67%,Sepi,Sepi,Benar,31.78
S5_VGA,1.mp4,42.50,3,1,1,0,2,100.00%,33.33%,Sepi,Sepi,Benar,33.58
S5_VGA,1.mp4,42.62,3,1,1,0,2,100.00%,33.33%,Sepi,Sepi,Benar,33.17
S5_VGA,1.mp4,42.75,3,2,2,0,1,100.00%,66.67%,Sepi,Sepi,Benar,33.72
S5_VGA,1.mp4,42.88,3,3,3,0,0,100.00%,100.00%,Sepi,Sepi,Benar,34.77
S5_VGA,1.mp4,43.00,3,3,3,0,0,100.00%,100.00%,Sepi,Sepi,Benar,34.20
S5_VGA,1.mp4,43.12,3,3,3,0,0,100.00%,100.00%,Sepi,Sepi,Benar,32.39
S5_VGA,1.mp4,43.25,3,2,2,0,1,100.00%,66.67%,Sepi,Sepi,Benar,34.01
S5_VGA,1.mp4,43.38,3,1,1,0,2,100.00%,33.33%,Sepi,Sepi,Benar,32.64
S5_VGA,1.mp4,43.50,3,2,2,0,1,100.00%,66.67%,Sepi,Sepi,Benar,32.45
S5_VGA,1.mp4,43.62,3,0,0,0,3,0.00%,0.00%,Sepi,Sepi,Benar,30.74
S5_VGA,1.mp4,43.75,3,1,1,0,2,100.00%,33.33%,Sepi,Sepi,Benar,34.16
S5_VGA,1.mp4,43.88,3,3,3,0,0,100.00%,100.00%,Sepi,Sepi,Benar,33.56
S5_VGA,1.mp4,44.00,3,0,0,0,3,0.00%,0.00%,Sepi,Sepi,Benar,30.54
S5_VGA,1.mp4,44.12,3,0,0,0,3,0.00%,0.00%,Sepi,Sepi,Benar,30.61
S5_VGA,1.mp4,44.25,3,0,0,0,3,0.00%,0.00%,Sepi,Sepi,Benar,30.53
S5_VGA,1.mp4,44.38,3,0,0,0,3,0.00%,0.00%,Sepi,Sepi,Benar,29.68
S5_VGA,1.mp4,44.50,3,1,1,0,2,100.00%,33.33%,Sepi,Sepi,Benar,32.29
S5_VGA,1.mp4,44.62,3,1,1,0,2,100.00%,33.33%,Sepi,Sepi,Benar,32.89
S5_VGA,1.mp4,44.75,3,1,1,0,2,100.00%,33.33%,Sepi,Sepi,Benar,34.15
S5_VGA,1.mp4,44.88,3,1,1,0,2,100.00%,33.33%,Sepi,Sepi,Benar,34.48
S5_VGA,1.mp4,45.00,3,1,1,0,2,100.00%,33.33%,Sepi,Sepi,Benar,32.43
S5_VGA,1.mp4,45.12,3,2,2,0,1,100.00%,66.67%,Sepi,Sepi,Benar,33.56
S5_VGA,1.mp4,45.25,3,2,2,0,1,100.00%,66.67%,Sepi,Sepi,Benar,32.56
S5_VGA,1.mp4,45.38,3,1,1,0,2,100.00%,33.33%,Sepi,Sepi,Benar,33.16
S5_VGA,1.mp4,45.50,3,0,0,0,3,0.00%,0.00%,Sepi,Sepi,Benar,31.32
S5_VGA,1.mp4,45.62,3,0,0,0,3,0.00%,0.00%,Sepi,Sepi,Benar,33.43
S5_VGA,1.mp4,45.75,3,0,0,0,3,0.00%,0.00%,Sepi,Sepi,Benar,32.07
S5_VGA,1.mp4,45.88,3,1,1,0,2,100.00%,33.33%,Sepi,Sepi,Benar,33.40
S5_VGA,1.mp4,46.00,3,0,0,0,3,0.00%,0.00%,Sepi,Sepi,Benar,30.00
S5_VGA,1.mp4,46.12,3,0,0,0,3,0.00%,0.00%,Sepi,Sepi,Benar,29.74
S5_VGA,1.mp4,46.25,3,1,1,0,2,100.00%,33.33%,Sepi,Sepi,Benar,33.19
S5_VGA,1.mp4,46.38,3,1,1,0,2,100.00%,33.33%,Sepi,Sepi,Benar,31.98
S5_VGA,1.mp4,46.50,3,1,1,0,2,100.00%,33.33%,Sepi,Sepi,Benar,32.33
S5_VGA,1.mp4,46.62,3,1,1,0,2,100.00%,33.33%,Sepi,Sepi,Benar,31.46
S5_VGA,1.mp4,46.75,3,1,1,0,2,100.00%,33.33%,Sepi,Sepi,Benar,33.32
S5_VGA,1.mp4,46.88,3,1,1,0,2,100.00%,33.33%,Sepi,Sepi,Benar,32.97
S5_VGA,1.mp4,47.00,3,1,1,0,2,100.00%,33.33%,Sepi,Sepi,Benar,31.84
S5_VGA,1.mp4,47.12,3,1,1,0,2,100.00%,33.33%,Sepi,Sepi,Benar,32.17
S5_VGA,1.mp4,47.25,3,1,1,0,2,100.00%,33.33%,Sepi,Sepi,Benar,34.67
S5_VGA,1.mp4,47.38,3,0,0,0,3,0.00%,0.00%,Sepi,Sepi,Benar,30.35
S5_VGA,1.mp4,47.50,3,1,1,0,2,100.00%,33.33%,Sepi,Sepi,Benar,32.50
S5_VGA,1.mp4,47.62,3,1,1,0,2,100.00%,33.33%,Sepi,Sepi,Benar,34.02
S5_VGA,1.mp4,47.75,3,1,1,0,2,100.00%,33.33%,Sepi,Sepi,Benar,32.03
S5_VGA,1.mp4,47.88,3,1,1,0,2,100.00%,33.33%,Sepi,Sepi,Benar,34.31
S5_VGA,1.mp4,48.00,3,1,1,0,2,100.00%,33.33%,Sepi,Sepi,Benar,32.95
S5_VGA,1.mp4,48.12,3,1,1,0,2,100.00%,33.33%,Sepi,Sepi,Benar,32.27
S5_VGA,1.mp4,48.25,3,1,1,0,2,100.00%,33.33%,Sepi,Sepi,Benar,32.18
S5_VGA,1.mp4,48.38,3,1,1,0,2,100.00%,33.33%,Sepi,Sepi,Benar,32.16
S5_VGA,1.mp4,48.50,3,1,1,0,2,100.00%,33.33%,Sepi,Sepi,Benar,31.78
S5_VGA,1.mp4,48.62,3,1,1,0,2,100.00%,33.33%,Sepi,Sepi,Benar,31.87
S5_VGA,1.mp4,48.75,3,1,1,0,2,100.00%,33.33%,Sepi,Sepi,Benar,32.72
S5_VGA,1.mp4,48.88,3,1,1,0,2,100.00%,33.33%,Sepi,Sepi,Benar,33.89
S5_VGA,1.mp4,49.00,3,0,0,0,3,0.00%,0.00%,Sepi,Sepi,Benar,29.42
S5_VGA,1.mp4,49.12,3,0,0,0,3,0.00%,0.00%,Sepi,Sepi,Benar,30.21
S5_VGA,1.mp4,49.25,3,0,0,0,3,0.00%,0.00%,Sepi,Sepi,Benar,29.46
S5_VGA,1.mp4,49.38,3,1,1,0,2,100.00%,33.33%,Sepi,Sepi,Benar,31.36
S5_VGA,1.mp4,49.50,3,0,0,0,3,0.00%,0.00%,Sepi,Sepi,Benar,29.86
S5_VGA,1.mp4,49.62,3,0,0,0,3,0.00%,0.00%,Sepi,Sepi,Benar,30.31
S5_VGA,1.mp4,49.75,3,0,0,0,3,0.00%,0.00%,Sepi,Sepi,Benar,31.90
S5_VGA,1.mp4,49.88,3,0,0,0,3,0.00%,0.00%,Sepi,Sepi,Benar,30.57
S5_VGA,1.mp4,50.00,3,0,0,0,3,0.00%,0.00%,Sepi,Sepi,Benar,30.13
S5_VGA,1.mp4,50.12,3,0,0,0,3,0.00%,0.00%,Sepi,Sepi,Benar,30.12
S5_VGA,1.mp4,50.25,3,0,0,0,3,0.00%,0.00%,Sepi,Sepi,Benar,29.66
S5_VGA,1.mp4,50.38,3,0,0,0,3,0.00%,0.00%,Sepi,Sepi,Benar,31.39
S5_VGA,1.mp4,50.50,3,0,0,0,3,0.00%,0.00%,Sepi,Sepi,Benar,30.43
S5_VGA,1.mp4,50.62,3,0,0,0,3,0.00%,0.00%,Sepi,Sepi,Benar,30.30
S5_VGA,1.mp4,50.75,3,0,0,0,3,0.00%,0.00%,Sepi,Sepi,Benar,29.86
S5_VGA,1.mp4,50.88,3,0,0,0,3,0.00%,0.00%,Sepi,Sepi,Benar,31.28
S5_VGA,1.mp4,51.00,3,0,0,0,3,0.00%,0.00%,Sepi,Sepi,Benar,29.88
S5_VGA,1.mp4,51.12,3,0,0,0,3,0.00%,0.00%,Sepi,Sepi,Benar,29.48
S5_VGA,1.mp4,51.25,3,2,2,0,1,100.00%,66.67%,Sepi,Sepi,Benar,33.42
S5_VGA,1.mp4,51.38,3,1,1,0,2,100.00%,33.33%,Sepi,Sepi,Benar,32.86
S5_VGA,1.mp4,51.50,3,0,0,0,3,0.00%,0.00%,Sepi,Sepi,Benar,30.00
S5_VGA,1.mp4,51.62,3,0,0,0,3,0.00%,0.00%,Sepi,Sepi,Benar,29.17
S5_VGA,1.mp4,51.75,3,0,0,0,3,0.00%,0.00%,Sepi,Sepi,Benar,32.84
S5_VGA,1.mp4,51.88,3,0,0,0,3,0.00%,0.00%,Sepi,Sepi,Benar,31.09
S5_VGA,1.mp4,52.00,3,0,0,0,3,0.00%,0.00%,Sepi,Sepi,Benar,31.22
S5_VGA,1.mp4,52.12,3,0,0,0,3,0.00%,0.00%,Sepi,Sepi,Benar,30.79
S5_VGA,1.mp4,52.25,3,0,0,0,3,0.00%,0.00%,Sepi,Sepi,Benar,29.74
S5_VGA,1.mp4,52.38,3,1,1,0,2,100.00%,33.33%,Sepi,Sepi,Benar,33.75
S5_VGA,1.mp4,52.50,3,1,1,0,2,100.00%,33.33%,Sepi,Sepi,Benar,32.27
S5_VGA,1.mp4,52.62,3,0,0,0,3,0.00%,0.00%,Sepi,Sepi,Benar,30.98
S5_VGA,1.mp4,52.75,3,0,0,0,3,0.00%,0.00%,Sepi,Sepi,Benar,29.94
S5_VGA,1.mp4,52.88,3,2,2,0,1,100.00%,66.67%,Sepi,Sepi,Benar,35.33
S5_VGA,1.mp4,53.00,3,1,1,0,2,100.00%,33.33%,Sepi,Sepi,Benar,33.18
S5_VGA,1.mp4,53.12,3,1,1,0,2,100.00%,33.33%,Sepi,Sepi,Benar,34.58
S5_VGA,1.mp4,53.25,3,0,0,0,3,0.00%,0.00%,Sepi,Sepi,Benar,32.29
S5_VGA,1.mp4,53.38,3,1,1,0,2,100.00%,33.33%,Sepi,Sepi,Benar,34.18
S5_VGA,1.mp4,53.50,3,0,0,0,3,0.00%,0.00%,Sepi,Sepi,Benar,30.69
S5_VGA,1.mp4,53.62,3,0,0,0,3,0.00%,0.00%,Sepi,Sepi,Benar,30.67
S5_VGA,1.mp4,53.75,3,0,0,0,3,0.00%,0.00%,Sepi,Sepi,Benar,30.86
S5_VGA,1.mp4,53.88,3,0,0,0,3,0.00%,0.00%,Sepi,Sepi,Benar,31.27
S5_VGA,1.mp4,54.00,3,0,0,0,3,0.00%,0.00%,Sepi,Sepi,Benar,30.26
S5_VGA,1.mp4,54.12,3,0,0,0,3,0.00%,0.00%,Sepi,Sepi,Benar,31.17
S5_VGA,1.mp4,54.25,3,0,0,0,3,0.00%,0.00%,Sepi,Sepi,Benar,29.05
S5_VGA,1.mp4,54.38,3,0,0,0,3,0.00%,0.00%,Sepi,Sepi,Benar,30.57
S5_VGA,1.mp4,54.50,3,1,1,0,2,100.00%,33.33%,Sepi,Sepi,Benar,33.53
S5_VGA,1.mp4,54.62,3,1,1,0,2,100.00%,33.33%,Sepi,Sepi,Benar,34.03
S5_VGA,1.mp4,54.75,3,1,1,0,2,100.00%,33.33%,Sepi,Sepi,Benar,33.27
S5_VGA,1.mp4,54.88,3,1,1,0,2,100.00%,33.33%,Sepi,Sepi,Benar,33.56
S5_VGA,1.mp4,55.00,3,1,1,0,2,100.00%,33.33%,Sepi,Sepi,Benar,31.99
S5_VGA,1.mp4,55.12,3,1,1,0,2,100.00%,33.33%,Sepi,Sepi,Benar,31.40
S5_VGA,1.mp4,55.25,3,1,1,0,2,100.00%,33.33%,Sepi,Sepi,Benar,32.38
S5_VGA,1.mp4,55.38,3,1,1,0,2,100.00%,33.33%,Sepi,Sepi,Benar,34.03
S5_VGA,1.mp4,55.50,3,1,1,0,2,100.00%,33.33%,Sepi,Sepi,Benar,33.84
S5_VGA,1.mp4,55.62,3,1,1,0,2,100.00%,33.33%,Sepi,Sepi,Benar,31.46
S5_VGA,1.mp4,55.75,3,2,2,0,1,100.00%,66.67%,Sepi,Sepi,Benar,32.89
S5_VGA,1.mp4,55.88,3,1,1,0,2,100.00%,33.33%,Sepi,Sepi,Benar,33.33
S5_VGA,1.mp4,56.00,3,1,1,0,2,100.00%,33.33%,Sepi,Sepi,Benar,31.78
S5_VGA,1.mp4,56.12,3,1,1,0,2,100.00%,33.33%,Sepi,Sepi,Benar,31.78
S5_VGA,1.mp4,56.25,3,0,0,0,3,0.00%,0.00%,Sepi,Sepi,Benar,29.43
S5_VGA,1.mp4,56.38,3,0,0,0,3,0.00%,0.00%,Sepi,Sepi,Benar,30.39
S5_VGA,1.mp4,56.50,3,2,2,0,1,100.00%,66.67%,Sepi,Sepi,Benar,33.18
S5_VGA,1.mp4,56.62,3,1,1,0,2,100.00%,33.33%,Sepi,Sepi,Benar,34.59
S5_VGA,1.mp4,56.75,3,1,1,0,2,100.00%,33.33%,Sepi,Sepi,Benar,32.16
S5_VGA,1.mp4,56.88,3,1,1,0,2,100.00%,33.33%,Sepi,Sepi,Benar,32.25
S5_VGA,1.mp4,57.00,3,0,0,0,3,0.00%,0.00%,Sepi,Sepi,Benar,30.11
S5_VGA,1.mp4,57.12,3,0,0,0,3,0.00%,0.00%,Sepi,Sepi,Benar,29.68
S5_VGA,1.mp4,57.25,3,0,0,0,3,0.00%,0.00%,Sepi,Sepi,Benar,30.80
S5_VGA,1.mp4,57.38,3,1,1,0,2,100.00%,33.33%,Sepi,Sepi,Benar,31.65
S5_VGA,1.mp4,57.50,3,1,1,0,2,100.00%,33.33%,Sepi,Sepi,Benar,33.79
S5_VGA,1.mp4,57.62,3,1,1,0,2,100.00%,33.33%,Sepi,Sepi,Benar,32.06
S5_VGA,1.mp4,57.75,3,1,1,0,2,100.00%,33.33%,Sepi,Sepi,Benar,32.15
S5_VGA,1.mp4,57.88,3,2,2,0,1,100.00%,66.67%,Sepi,Sepi,Benar,33.93
S5_VGA,1.mp4,58.00,3,1,1,0,2,100.00%,33.33%,Sepi,Sepi,Benar,33.13
S5_VGA,1.mp4,58.12,3,1,1,0,2,100.00%,33.33%,Sepi,Sepi,Benar,33.84
S5_VGA,1.mp4,58.25,3,1,1,0,2,100.00%,33.33%,Sepi,Sepi,Benar,32.90
S5_VGA,1.mp4,58.38,3,1,1,0,2,100.00%,33.33%,Sepi,Sepi,Benar,33.36
S5_VGA,1.mp4,58.50,3,1,1,0,2,100.00%,33.33%,Sepi,Sepi,Benar,33.56
S5_VGA,1.mp4,58.62,3,1,1,0,2,100.00%,33.33%,Sepi,Sepi,Benar,33.15
S5_VGA,1.mp4,58.75,3,1,1,0,2,100.00%,33.33%,Sepi,Sepi,Benar,32.40
S5_VGA,1.mp4,58.88,3,1,1,0,2,100.00%,33.33%,Sepi,Sepi,Benar,32.74
S5_VGA,1.mp4,59.00,3,1,1,0,2,100.00%,33.33%,Sepi,Sepi,Benar,31.56
S5_VGA,1.mp4,59.12,3,1,1,0,2,100.00%,33.33%,Sepi,Sepi,Benar,32.56
S5_VGA,1.mp4,59.25,3,1,1,0,2,100.00%,33.33%,Sepi,Sepi,Benar,31.09
S5_VGA,1.mp4,59.38,3,1,1,0,2,100.00%,33.33%,Sepi,Sepi,Benar,32.37
S5_VGA,1.mp4,59.50,3,1,1,0,2,100.00%,33.33%,Sepi,Sepi,Benar,31.93
S5_VGA,1.mp4,59.62,3,1,1,0,2,100.00%,33.33%,Sepi,Sepi,Benar,31.53
S5_VGA,2.mp4,0.00,12,3,3,0,9,100.00%,25.00%,Ramai,Sepi,Salah,32.70
S5_VGA,2.mp4,0.12,12,4,4,0,8,100.00%,33.33%,Ramai,Sepi,Salah,35.25
S5_VGA,2.mp4,0.25,12,4,4,0,8,100.00%,33.33%,Ramai,Sepi,Salah,37.55
S5_VGA,2.mp4,0.38,12,2,2,0,10,100.00%,16.67%,Ramai,Sepi,Salah,33.98
S5_VGA,2.mp4,0.50,12,2,2,0,10,100.00%,16.67%,Ramai,Sepi,Salah,34.47
S5_VGA,2.mp4,0.62,12,1,1,0,11,100.00%,8.33%,Ramai,Sepi,Salah,32.74
S5_VGA,2.mp4,0.75,12,5,5,0,7,100.00%,41.67%,Ramai,Sedang,Salah,36.33
S5_VGA,2.mp4,0.88,12,6,6,0,6,100.00%,50.00%,Ramai,Sedang,Salah,36.27
S5_VGA,2.mp4,1.00,12,4,4,0,8,100.00%,33.33%,Ramai,Sepi,Salah,35.78
S5_VGA,2.mp4,1.12,12,0,0,0,12,0.00%,0.00%,Ramai,Sepi,Salah,31.14
S5_VGA,2.mp4,1.25,12,2,2,0,10,100.00%,16.67%,Ramai,Sepi,Salah,34.35
S5_VGA,2.mp4,1.38,12,1,1,0,11,100.00%,8.33%,Ramai,Sepi,Salah,34.75
S5_VGA,2.mp4,1.50,12,0,0,0,12,0.00%,0.00%,Ramai,Sepi,Salah,30.00
S5_VGA,2.mp4,1.62,12,1,1,0,11,100.00%,8.33%,Ramai,Sepi,Salah,32.16
S5_VGA,2.mp4,1.75,12,0,0,0,12,0.00%,0.00%,Ramai,Sepi,Salah,29.90
S5_VGA,2.mp4,1.88,12,3,3,0,9,100.00%,25.00%,Ramai,Sepi,Salah,33.46
S5_VGA,2.mp4,2.00,12,3,3,0,9,100.00%,25.00%,Ramai,Sepi,Salah,32.25
S5_VGA,2.mp4,2.12,12,2,2,0,10,100.00%,16.67%,Ramai,Sepi,Salah,32.46
S5_VGA,2.mp4,2.25,12,5,5,0,7,100.00%,41.67%,Ramai,Sedang,Salah,33.57
S5_VGA,2.mp4,2.38,12,3,3,0,9,100.00%,25.00%,Ramai,Sepi,Salah,32.99
S5_VGA,2.mp4,2.50,12,3,3,0,9,100.00%,25.00%,Ramai,Sepi,Salah,33.27
S5_VGA,2.mp4,2.62,12,4,4,0,8,100.00%,33.33%,Ramai,Sepi,Salah,32.90
S5_VGA,2.mp4,2.75,12,3,3,0,9,100.00%,25.00%,Ramai,Sepi,Salah,33.38
S5_VGA,2.mp4,2.88,12,3,3,0,9,100.00%,25.00%,Ramai,Sepi,Salah,33.56
S5_VGA,2.mp4,3.00,12,3,3,0,9,100.00%,25.00%,Ramai,Sepi,Salah,32.44
S5_VGA,2.mp4,3.12,12,3,3,0,9,100.00%,25.00%,Ramai,Sepi,Salah,33.29
S5_VGA,2.mp4,3.25,12,4,4,0,8,100.00%,33.33%,Ramai,Sepi,Salah,32.58
S5_VGA,2.mp4,3.38,12,3,3,0,9,100.00%,25.00%,Ramai,Sepi,Salah,33.24
S5_VGA,2.mp4,3.50,12,2,2,0,10,100.00%,16.67%,Ramai,Sepi,Salah,36.04
S5_VGA,2.mp4,3.62,12,3,3,0,9,100.00%,25.00%,Ramai,Sepi,Salah,35.00
S5_VGA,2.mp4,3.75,12,5,5,0,7,100.00%,41.67%,Ramai,Sedang,Salah,34.23
S5_VGA,2.mp4,3.88,12,4,4,0,8,100.00%,33.33%,Ramai,Sepi,Salah,33.71
S5_VGA,2.mp4,4.00,12,4,4,0,8,100.00%,33.33%,Ramai,Sepi,Salah,34.24
S5_VGA,2.mp4,4.12,12,4,4,0,8,100.00%,33.33%,Ramai,Sepi,Salah,34.76
S5_VGA,2.mp4,4.25,12,3,3,0,9,100.00%,25.00%,Ramai,Sepi,Salah,34.09
S5_VGA,2.mp4,4.38,12,4,4,0,8,100.00%,33.33%,Ramai,Sepi,Salah,33.42
S5_VGA,2.mp4,4.50,12,3,3,0,9,100.00%,25.00%,Ramai,Sepi,Salah,34.39
S5_VGA,2.mp4,4.62,12,2,2,0,10,100.00%,16.67%,Ramai,Sepi,Salah,37.02
S5_VGA,2.mp4,4.75,12,4,4,0,8,100.00%,33.33%,Ramai,Sepi,Salah,34.66
S5_VGA,2.mp4,4.88,12,4,4,0,8,100.00%,33.33%,Ramai,Sepi,Salah,33.34
S5_VGA,2.mp4,5.00,12,2,2,0,10,100.00%,16.67%,Ramai,Sepi,Salah,33.01
S5_VGA,2.mp4,5.12,14,3,3,0,11,100.00%,21.43%,Ramai,Sepi,Salah,34.91
S5_VGA,2.mp4,5.25,14,4,4,0,10,100.00%,28.57%,Ramai,Sepi,Salah,32.28
S5_VGA,2.mp4,5.38,14,5,5,0,9,100.00%,35.71%,Ramai,Sedang,Salah,35.47
S5_VGA,2.mp4,5.50,14,6,6,0,8,100.00%,42.86%,Ramai,Sedang,Salah,35.01
S5_VGA,2.mp4,5.62,14,4,4,0,10,100.00%,28.57%,Ramai,Sepi,Salah,35.66
S5_VGA,2.mp4,5.75,14,4,4,0,10,100.00%,28.57%,Ramai,Sepi,Salah,33.95
S5_VGA,2.mp4,5.88,14,5,5,0,9,100.00%,35.71%,Ramai,Sedang,Salah,35.49
S5_VGA,2.mp4,6.00,14,5,5,0,9,100.00%,35.71%,Ramai,Sedang,Salah,32.50
S5_VGA,2.mp4,6.12,14,4,4,0,10,100.00%,28.57%,Ramai,Sepi,Salah,31.93
S5_VGA,2.mp4,6.25,14,5,5,0,9,100.00%,35.71%,Ramai,Sedang,Salah,36.16
S5_VGA,2.mp4,6.38,14,4,4,0,10,100.00%,28.57%,Ramai,Sepi,Salah,32.50
S5_VGA,2.mp4,6.50,14,4,4,0,10,100.00%,28.57%,Ramai,Sepi,Salah,33.18
S5_VGA,2.mp4,6.62,14,4,4,0,10,100.00%,28.57%,Ramai,Sepi,Salah,36.50
S5_VGA,2.mp4,6.75,14,3,3,0,11,100.00%,21.43%,Ramai,Sepi,Salah,34.43
S5_VGA,2.mp4,6.88,14,2,2,0,12,100.00%,14.29%,Ramai,Sepi,Salah,33.15
S5_VGA,2.mp4,7.00,14,2,2,0,12,100.00%,14.29%,Ramai,Sepi,Salah,31.57
S5_VGA,2.mp4,7.12,14,3,3,0,11,100.00%,21.43%,Ramai,Sepi,Salah,33.01
S5_VGA,2.mp4,7.25,14,2,2,0,12,100.00%,14.29%,Ramai,Sepi,Salah,33.43
S5_VGA,2.mp4,7.38,14,6,6,0,8,100.00%,42.86%,Ramai,Sedang,Salah,34.25
S5_VGA,2.mp4,7.50,14,6,6,0,8,100.00%,42.86%,Ramai,Sedang,Salah,33.63
S5_VGA,2.mp4,7.62,14,5,5,0,9,100.00%,35.71%,Ramai,Sedang,Salah,33.74
S5_VGA,2.mp4,7.75,14,4,4,0,10,100.00%,28.57%,Ramai,Sepi,Salah,37.12
S5_VGA,2.mp4,7.88,14,6,6,0,8,100.00%,42.86%,Ramai,Sedang,Salah,35.98
S5_VGA,2.mp4,8.00,14,6,6,0,8,100.00%,42.86%,Ramai,Sedang,Salah,35.59
S5_VGA,2.mp4,8.12,14,5,5,0,9,100.00%,35.71%,Ramai,Sedang,Salah,33.53
S5_VGA,2.mp4,8.25,14,5,5,0,9,100.00%,35.71%,Ramai,Sedang,Salah,34.37
S5_VGA,2.mp4,8.38,14,4,4,0,10,100.00%,28.57%,Ramai,Sepi,Salah,34.97
S5_VGA,2.mp4,8.50,14,3,3,0,11,100.00%,21.43%,Ramai,Sepi,Salah,33.64
S5_VGA,2.mp4,8.62,14,4,4,0,10,100.00%,28.57%,Ramai,Sepi,Salah,34.29
S5_VGA,2.mp4,8.75,14,5,5,0,9,100.00%,35.71%,Ramai,Sedang,Salah,33.34
S5_VGA,2.mp4,8.88,14,3,3,0,11,100.00%,21.43%,Ramai,Sepi,Salah,34.68
S5_VGA,2.mp4,9.00,14,3,3,0,11,100.00%,21.43%,Ramai,Sepi,Salah,33.75
S5_VGA,2.mp4,9.12,14,4,4,0,10,100.00%,28.57%,Ramai,Sepi,Salah,35.16
S5_VGA,2.mp4,9.25,14,6,6,0,8,100.00%,42.86%,Ramai,Sedang,Salah,34.38
S5_VGA,2.mp4,9.38,14,5,5,0,9,100.00%,35.71%,Ramai,Sedang,Salah,34.71
S5_VGA,2.mp4,9.50,14,5,5,0,9,100.00%,35.71%,Ramai,Sedang,Salah,35.03
S5_VGA,2.mp4,9.62,14,4,4,0,10,100.00%,28.57%,Ramai,Sepi,Salah,32.71
S5_VGA,2.mp4,9.75,14,4,4,0,10,100.00%,28.57%,Ramai,Sepi,Salah,35.24
S5_VGA,2.mp4,9.88,14,3,3,0,11,100.00%,21.43%,Ramai,Sepi,Salah,33.27
S5_VGA,2.mp4,10.00,14,4,4,0,10,100.00%,28.57%,Ramai,Sepi,Salah,32.93
S5_VGA,2.mp4,10.12,14,4,4,0,10,100.00%,28.57%,Ramai,Sepi,Salah,34.20
S5_VGA,2.mp4,10.25,14,4,4,0,10,100.00%,28.57%,Ramai,Sepi,Salah,34.14
S5_VGA,2.mp4,10.38,14,4,4,0,10,100.00%,28.57%,Ramai,Sepi,Salah,31.98
S5_VGA,2.mp4,10.50,14,4,4,0,10,100.00%,28.57%,Ramai,Sepi,Salah,33.83
S5_VGA,2.mp4,10.62,14,4,4,0,10,100.00%,28.57%,Ramai,Sepi,Salah,34.12
S5_VGA,2.mp4,10.75,14,4,4,0,10,100.00%,28.57%,Ramai,Sepi,Salah,34.21
S5_VGA,2.mp4,10.88,14,4,4,0,10,100.00%,28.57%,Ramai,Sepi,Salah,35.00
S5_VGA,2.mp4,11.00,14,4,4,0,10,100.00%,28.57%,Ramai,Sepi,Salah,32.60
S5_VGA,2.mp4,11.12,14,4,4,0,10,100.00%,28.57%,Ramai,Sepi,Salah,34.61
S5_VGA,2.mp4,11.25,14,3,3,0,11,100.00%,21.43%,Ramai,Sepi,Salah,33.55
S5_VGA,2.mp4,11.38,14,3,3,0,11,100.00%,21.43%,Ramai,Sepi,Salah,35.37
S5_VGA,2.mp4,11.50,14,3,3,0,11,100.00%,21.43%,Ramai,Sepi,Salah,34.93
S5_VGA,2.mp4,11.62,14,3,3,0,11,100.00%,21.43%,Ramai,Sepi,Salah,32.50
S5_VGA,2.mp4,11.75,14,4,4,0,10,100.00%,28.57%,Ramai,Sepi,Salah,33.97
S5_VGA,2.mp4,11.88,14,2,2,0,12,100.00%,14.29%,Ramai,Sepi,Salah,34.58
S5_VGA,2.mp4,12.00,14,2,2,0,12,100.00%,14.29%,Ramai,Sepi,Salah,33.01
S5_VGA,2.mp4,12.12,14,4,4,0,10,100.00%,28.57%,Ramai,Sepi,Salah,32.94
S5_VGA,2.mp4,12.25,14,4,4,0,10,100.00%,28.57%,Ramai,Sepi,Salah,36.93
S5_VGA,2.mp4,12.38,14,4,4,0,10,100.00%,28.57%,Ramai,Sepi,Salah,32.12
S5_VGA,2.mp4,12.50,14,3,3,0,11,100.00%,21.43%,Ramai,Sepi,Salah,33.92
S5_VGA,2.mp4,12.62,14,3,3,0,11,100.00%,21.43%,Ramai,Sepi,Salah,33.46
S5_VGA,2.mp4,12.75,14,3,3,0,11,100.00%,21.43%,Ramai,Sepi,Salah,34.58
S5_VGA,2.mp4,12.88,14,4,4,0,10,100.00%,28.57%,Ramai,Sepi,Salah,34.47
S5_VGA,2.mp4,13.00,14,4,4,0,10,100.00%,28.57%,Ramai,Sepi,Salah,33.23
S5_VGA,2.mp4,13.12,14,4,4,0,10,100.00%,28.57%,Ramai,Sepi,Salah,32.39
S5_VGA,2.mp4,13.25,14,3,3,0,11,100.00%,21.43%,Ramai,Sepi,Salah,32.97
S5_VGA,2.mp4,13.38,14,4,4,0,10,100.00%,28.57%,Ramai,Sepi,Salah,33.04
S5_VGA,2.mp4,13.50,14,5,5,0,9,100.00%,35.71%,Ramai,Sedang,Salah,33.07
S5_VGA,2.mp4,13.62,14,5,5,0,9,100.00%,35.71%,Ramai,Sedang,Salah,33.55
S5_VGA,2.mp4,13.75,14,5,5,0,9,100.00%,35.71%,Ramai,Sedang,Salah,34.10
S5_VGA,2.mp4,13.88,14,5,5,0,9,100.00%,35.71%,Ramai,Sedang,Salah,36.35
S5_VGA,2.mp4,14.00,14,3,3,0,11,100.00%,21.43%,Ramai,Sepi,Salah,34.29
S5_VGA,2.mp4,14.12,14,3,3,0,11,100.00%,21.43%,Ramai,Sepi,Salah,32.57
S5_VGA,2.mp4,14.25,14,3,3,0,11,100.00%,21.43%,Ramai,Sepi,Salah,33.21
S5_VGA,2.mp4,14.38,14,3,3,0,11,100.00%,21.43%,Ramai,Sepi,Salah,31.90
S5_VGA,2.mp4,14.50,14,4,4,0,10,100.00%,28.57%,Ramai,Sepi,Salah,35.76
S5_VGA,2.mp4,14.62,14,4,4,0,10,100.00%,28.57%,Ramai,Sepi,Salah,33.74
S5_VGA,2.mp4,14.75,14,5,5,0,9,100.00%,35.71%,Ramai,Sedang,Salah,33.41
S5_VGA,2.mp4,14.88,14,5,5,0,9,100.00%,35.71%,Ramai,Sedang,Salah,34.10
S5_VGA,2.mp4,15.00,14,4,4,0,10,100.00%,28.57%,Ramai,Sepi,Salah,32.40
S5_VGA,2.mp4,15.12,15,3,3,0,12,100.00%,20.00%,Ramai,Sepi,Salah,33.39
S5_VGA,2.mp4,15.25,15,1,1,0,14,100.00%,6.67%,Ramai,Sepi,Salah,32.80
S5_VGA,2.mp4,15.38,15,4,4,0,11,100.00%,26.67%,Ramai,Sepi,Salah,33.57
S5_VGA,2.mp4,15.50,15,3,3,0,12,100.00%,20.00%,Ramai,Sepi,Salah,34.01
S5_VGA,2.mp4,15.62,15,3,3,0,12,100.00%,20.00%,Ramai,Sepi,Salah,34.22
S5_VGA,2.mp4,15.75,15,3,3,0,12,100.00%,20.00%,Ramai,Sepi,Salah,33.06
S5_VGA,2.mp4,15.88,15,3,3,0,12,100.00%,20.00%,Ramai,Sepi,Salah,34.98
S5_VGA,2.mp4,16.00,15,3,3,0,12,100.00%,20.00%,Ramai,Sepi,Salah,31.80
S5_VGA,2.mp4,16.12,15,3,3,0,12,100.00%,20.00%,Ramai,Sepi,Salah,32.91
S5_VGA,2.mp4,16.25,15,3,3,0,12,100.00%,20.00%,Ramai,Sepi,Salah,34.01
S5_VGA,2.mp4,16.38,15,3,3,0,12,100.00%,20.00%,Ramai,Sepi,Salah,32.38
S5_VGA,2.mp4,16.50,15,3,3,0,12,100.00%,20.00%,Ramai,Sepi,Salah,32.98
S5_VGA,2.mp4,16.62,15,3,3,0,12,100.00%,20.00%,Ramai,Sepi,Salah,32.63
S5_VGA,2.mp4,16.75,15,3,3,0,12,100.00%,20.00%,Ramai,Sepi,Salah,35.41
S5_VGA,2.mp4,16.88,15,4,4,0,11,100.00%,26.67%,Ramai,Sepi,Salah,34.83
S5_VGA,2.mp4,17.00,15,3,3,0,12,100.00%,20.00%,Ramai,Sepi,Salah,34.01
S5_VGA,2.mp4,17.12,14,2,2,0,12,100.00%,14.29%,Ramai,Sepi,Salah,33.45
S5_VGA,2.mp4,17.25,14,2,2,0,12,100.00%,14.29%,Ramai,Sepi,Salah,34.10
S5_VGA,2.mp4,17.38,14,2,2,0,12,100.00%,14.29%,Ramai,Sepi,Salah,33.65
S5_VGA,2.mp4,17.50,14,3,3,0,11,100.00%,21.43%,Ramai,Sepi,Salah,34.47
S5_VGA,2.mp4,17.62,14,3,3,0,11,100.00%,21.43%,Ramai,Sepi,Salah,32.74
S5_VGA,2.mp4,17.75,14,4,4,0,10,100.00%,28.57%,Ramai,Sepi,Salah,32.47
S5_VGA,2.mp4,17.88,14,2,2,0,12,100.00%,14.29%,Ramai,Sepi,Salah,33.53
S5_VGA,2.mp4,18.00,14,2,2,0,12,100.00%,14.29%,Ramai,Sepi,Salah,32.86
S5_VGA,2.mp4,18.12,14,3,3,0,11,100.00%,21.43%,Ramai,Sepi,Salah,32.38
S5_VGA,2.mp4,18.25,14,1,1,0,13,100.00%,7.14%,Ramai,Sepi,Salah,33.43
S5_VGA,2.mp4,18.38,14,3,3,0,11,100.00%,21.43%,Ramai,Sepi,Salah,33.39
S5_VGA,2.mp4,18.50,14,3,3,0,11,100.00%,21.43%,Ramai,Sepi,Salah,33.92
S5_VGA,2.mp4,18.62,14,3,3,0,11,100.00%,21.43%,Ramai,Sepi,Salah,33.20
S5_VGA,2.mp4,18.75,14,3,3,0,11,100.00%,21.43%,Ramai,Sepi,Salah,36.30
S5_VGA,2.mp4,18.88,14,2,2,0,12,100.00%,14.29%,Ramai,Sepi,Salah,33.98
S5_VGA,2.mp4,19.00,14,1,1,0,13,100.00%,7.14%,Ramai,Sepi,Salah,31.56
S5_VGA,2.mp4,19.12,14,2,2,0,12,100.00%,14.29%,Ramai,Sepi,Salah,33.17
S5_VGA,2.mp4,19.25,14,1,1,0,13,100.00%,7.14%,Ramai,Sepi,Salah,33.65
S5_VGA,2.mp4,19.38,14,2,2,0,12,100.00%,14.29%,Ramai,Sepi,Salah,33.21
S5_VGA,2.mp4,19.50,14,3,3,0,11,100.00%,21.43%,Ramai,Sepi,Salah,33.04
S5_VGA,2.mp4,19.62,14,3,3,0,11,100.00%,21.43%,Ramai,Sepi,Salah,34.62
S5_VGA,2.mp4,19.75,14,2,2,0,12,100.00%,14.29%,Ramai,Sepi,Salah,32.19
S5_VGA,2.mp4,19.88,14,2,2,0,12,100.00%,14.29%,Ramai,Sepi,Salah,36.29
S5_VGA,2.mp4,20.00,14,4,4,0,10,100.00%,28.57%,Ramai,Sepi,Salah,32.44
S5_VGA,2.mp4,20.12,14,3,3,0,11,100.00%,21.43%,Ramai,Sepi,Salah,33.61
S5_VGA,2.mp4,20.25,14,3,3,0,11,100.00%,21.43%,Ramai,Sepi,Salah,35.29
S5_VGA,2.mp4,20.38,14,1,1,0,13,100.00%,7.14%,Ramai,Sepi,Salah,32.43
S5_VGA,2.mp4,20.50,14,3,3,0,11,100.00%,21.43%,Ramai,Sepi,Salah,32.37
S5_VGA,2.mp4,20.62,14,3,3,0,11,100.00%,21.43%,Ramai,Sepi,Salah,33.20
S5_VGA,2.mp4,20.75,14,3,3,0,11,100.00%,21.43%,Ramai,Sepi,Salah,33.41
S5_VGA,2.mp4,20.88,14,2,2,0,12,100.00%,14.29%,Ramai,Sepi,Salah,35.58
S5_VGA,2.mp4,21.00,14,3,3,0,11,100.00%,21.43%,Ramai,Sepi,Salah,32.76
S5_VGA,2.mp4,21.12,14,2,2,0,12,100.00%,14.29%,Ramai,Sepi,Salah,32.18
S5_VGA,2.mp4,21.25,14,2,2,0,12,100.00%,14.29%,Ramai,Sepi,Salah,34.41
S5_VGA,2.mp4,21.38,14,2,2,0,12,100.00%,14.29%,Ramai,Sepi,Salah,33.04
S5_VGA,2.mp4,21.50,14,1,1,0,13,100.00%,7.14%,Ramai,Sepi,Salah,32.79
S5_VGA,2.mp4,21.62,14,2,2,0,12,100.00%,14.29%,Ramai,Sepi,Salah,38.27
S5_VGA,2.mp4,21.75,14,2,2,0,12,100.00%,14.29%,Ramai,Sepi,Salah,33.59
S5_VGA,2.mp4,21.88,14,1,1,0,13,100.00%,7.14%,Ramai,Sepi,Salah,35.37
S5_VGA,2.mp4,22.00,14,2,2,0,12,100.00%,14.29%,Ramai,Sepi,Salah,33.10
S5_VGA,2.mp4,22.12,14,0,0,0,14,0.00%,0.00%,Ramai,Sepi,Salah,30.58
S5_VGA,2.mp4,22.25,14,0,0,0,14,0.00%,0.00%,Ramai,Sepi,Salah,32.31
S5_VGA,2.mp4,22.38,14,1,1,0,13,100.00%,7.14%,Ramai,Sepi,Salah,34.03
S5_VGA,2.mp4,22.50,14,0,0,0,14,0.00%,0.00%,Ramai,Sepi,Salah,29.63
S5_VGA,2.mp4,22.62,14,0,0,0,14,0.00%,0.00%,Ramai,Sepi,Salah,30.57
S5_VGA,2.mp4,22.75,14,2,2,0,12,100.00%,14.29%,Ramai,Sepi,Salah,35.28
S5_VGA,2.mp4,22.88,14,0,0,0,14,0.00%,0.00%,Ramai,Sepi,Salah,33.71
S5_VGA,2.mp4,23.00,14,0,0,0,14,0.00%,0.00%,Ramai,Sepi,Salah,34.83
S5_VGA,2.mp4,23.12,14,2,2,0,12,100.00%,14.29%,Ramai,Sepi,Salah,35.25
S5_VGA,2.mp4,23.25,14,2,2,0,12,100.00%,14.29%,Ramai,Sepi,Salah,35.19
S5_VGA,2.mp4,23.38,14,2,2,0,12,100.00%,14.29%,Ramai,Sepi,Salah,34.69
S5_VGA,2.mp4,23.50,14,1,1,0,13,100.00%,7.14%,Ramai,Sepi,Salah,33.81
S5_VGA,2.mp4,23.62,14,3,3,0,11,100.00%,21.43%,Ramai,Sepi,Salah,35.74
S5_VGA,2.mp4,23.75,14,3,3,0,11,100.00%,21.43%,Ramai,Sepi,Salah,37.38
S5_VGA,2.mp4,23.88,14,3,3,0,11,100.00%,21.43%,Ramai,Sepi,Salah,35.90
S5_VGA,2.mp4,24.00,14,2,2,0,12,100.00%,14.29%,Ramai,Sepi,Salah,33.54
S5_VGA,2.mp4,24.12,14,3,3,0,11,100.00%,21.43%,Ramai,Sepi,Salah,33.67
S5_VGA,2.mp4,24.25,14,2,2,0,12,100.00%,14.29%,Ramai,Sepi,Salah,35.75
S5_VGA,2.mp4,24.38,14,2,2,0,12,100.00%,14.29%,Ramai,Sepi,Salah,33.90
S5_VGA,2.mp4,24.50,14,2,2,0,12,100.00%,14.29%,Ramai,Sepi,Salah,35.14
S5_VGA,2.mp4,24.62,14,3,3,0,11,100.00%,21.43%,Ramai,Sepi,Salah,32.97
S5_VGA,2.mp4,24.75,14,2,2,0,12,100.00%,14.29%,Ramai,Sepi,Salah,32.76
S5_VGA,2.mp4,24.88,14,2,2,0,12,100.00%,14.29%,Ramai,Sepi,Salah,33.58
S5_VGA,2.mp4,25.00,14,4,4,0,10,100.00%,28.57%,Ramai,Sepi,Salah,32.52
S5_VGA,2.mp4,25.12,14,3,3,0,11,100.00%,21.43%,Ramai,Sepi,Salah,32.61
S5_VGA,2.mp4,25.25,14,3,3,0,11,100.00%,21.43%,Ramai,Sepi,Salah,33.38
S5_VGA,2.mp4,25.38,14,3,3,0,11,100.00%,21.43%,Ramai,Sepi,Salah,33.33
S5_VGA,2.mp4,25.50,14,4,4,0,10,100.00%,28.57%,Ramai,Sepi,Salah,33.45
S5_VGA,2.mp4,25.62,14,3,3,0,11,100.00%,21.43%,Ramai,Sepi,Salah,33.80
S5_VGA,2.mp4,25.75,14,2,2,0,12,100.00%,14.29%,Ramai,Sepi,Salah,33.39
S5_VGA,2.mp4,25.88,14,3,3,0,11,100.00%,21.43%,Ramai,Sepi,Salah,34.91
S5_VGA,2.mp4,26.00,14,3,3,0,11,100.00%,21.43%,Ramai,Sepi,Salah,33.80
S5_VGA,2.mp4,26.12,13,4,4,0,9,100.00%,30.77%,Ramai,Sepi,Salah,33.29
S5_VGA,2.mp4,26.25,13,2,2,0,11,100.00%,15.38%,Ramai,Sepi,Salah,31.84
S5_VGA,2.mp4,26.38,13,3,3,0,10,100.00%,23.08%,Ramai,Sepi,Salah,34.62
S5_VGA,2.mp4,26.50,13,2,2,0,11,100.00%,15.38%,Ramai,Sepi,Salah,33.56
S5_VGA,2.mp4,26.62,13,3,3,0,10,100.00%,23.08%,Ramai,Sepi,Salah,32.61
S5_VGA,2.mp4,26.75,13,3,3,0,10,100.00%,23.08%,Ramai,Sepi,Salah,32.33
S5_VGA,2.mp4,26.88,13,2,2,0,11,100.00%,15.38%,Ramai,Sepi,Salah,34.06
S5_VGA,2.mp4,27.00,13,4,4,0,9,100.00%,30.77%,Ramai,Sepi,Salah,33.33
S5_VGA,2.mp4,27.12,13,2,2,0,11,100.00%,15.38%,Ramai,Sepi,Salah,36.23
S5_VGA,2.mp4,27.25,13,3,3,0,10,100.00%,23.08%,Ramai,Sepi,Salah,33.76
S5_VGA,2.mp4,27.38,13,3,3,0,10,100.00%,23.08%,Ramai,Sepi,Salah,33.36
S5_VGA,2.mp4,27.50,13,3,3,0,10,100.00%,23.08%,Ramai,Sepi,Salah,33.24
S5_VGA,2.mp4,27.62,13,4,4,0,9,100.00%,30.77%,Ramai,Sepi,Salah,33.00
S5_VGA,2.mp4,27.75,13,3,3,0,10,100.00%,23.08%,Ramai,Sepi,Salah,34.76
S5_VGA,2.mp4,27.88,13,3,3,0,10,100.00%,23.08%,Ramai,Sepi,Salah,34.79
S5_VGA,2.mp4,28.00,13,4,4,0,9,100.00%,30.77%,Ramai,Sepi,Salah,35.94
S5_VGA,2.mp4,28.12,13,2,2,0,11,100.00%,15.38%,Ramai,Sepi,Salah,33.45
S5_VGA,2.mp4,28.25,13,3,3,0,10,100.00%,23.08%,Ramai,Sepi,Salah,34.59
S5_VGA,2.mp4,28.38,13,1,1,0,12,100.00%,7.69%,Ramai,Sepi,Salah,32.17
S5_VGA,2.mp4,28.50,13,1,1,0,12,100.00%,7.69%,Ramai,Sepi,Salah,33.67
S5_VGA,2.mp4,28.62,13,2,2,0,11,100.00%,15.38%,Ramai,Sepi,Salah,32.55
S5_VGA,2.mp4,28.75,13,2,2,0,11,100.00%,15.38%,Ramai,Sepi,Salah,31.55
S5_VGA,2.mp4,28.88,13,2,2,0,11,100.00%,15.38%,Ramai,Sepi,Salah,35.38
S5_VGA,2.mp4,29.00,13,2,2,0,11,100.00%,15.38%,Ramai,Sepi,Salah,31.71
S5_VGA,2.mp4,29.12,12,3,3,0,9,100.00%,25.00%,Ramai,Sepi,Salah,35.81
S5_VGA,2.mp4,29.25,12,3,3,0,9,100.00%,25.00%,Ramai,Sepi,Salah,32.27
S5_VGA,2.mp4,29.38,12,3,3,0,9,100.00%,25.00%,Ramai,Sepi,Salah,34.27
S5_VGA,2.mp4,29.50,12,3,3,0,9,100.00%,25.00%,Ramai,Sepi,Salah,33.05
S5_VGA,2.mp4,29.62,12,2,2,0,10,100.00%,16.67%,Ramai,Sepi,Salah,32.16
S5_VGA,2.mp4,29.75,12,1,1,0,11,100.00%,8.33%,Ramai,Sepi,Salah,32.38
S5_VGA,2.mp4,29.88,12,0,0,0,12,0.00%,0.00%,Ramai,Sepi,Salah,31.66
S5_VGA,2.mp4,30.00,12,3,3,0,9,100.00%,25.00%,Ramai,Sepi,Salah,32.99
S5_VGA,2.mp4,30.12,12,3,3,0,9,100.00%,25.00%,Ramai,Sepi,Salah,32.53
S5_VGA,2.mp4,30.25,12,3,3,0,9,100.00%,25.00%,Ramai,Sepi,Salah,32.04
S5_VGA,2.mp4,30.38,12,2,2,0,10,100.00%,16.67%,Ramai,Sepi,Salah,32.33
S5_VGA,2.mp4,30.50,12,0,0,0,12,0.00%,0.00%,Ramai,Sepi,Salah,30.77
S5_VGA,2.mp4,30.62,12,1,1,0,11,100.00%,8.33%,Ramai,Sepi,Salah,33.09
S5_VGA,2.mp4,30.75,12,0,0,0,12,0.00%,0.00%,Ramai,Sepi,Salah,29.71
S5_VGA,2.mp4,30.88,12,0,0,0,12,0.00%,0.00%,Ramai,Sepi,Salah,29.93
S5_VGA,2.mp4,31.00,12,2,2,0,10,100.00%,16.67%,Ramai,Sepi,Salah,32.93
S5_VGA,2.mp4,31.12,12,1,1,0,11,100.00%,8.33%,Ramai,Sepi,Salah,32.28
S5_VGA,2.mp4,31.25,12,1,1,0,11,100.00%,8.33%,Ramai,Sepi,Salah,32.14
S5_VGA,2.mp4,31.38,12,0,0,0,12,0.00%,0.00%,Ramai,Sepi,Salah,29.55
S5_VGA,2.mp4,31.50,12,1,1,0,11,100.00%,8.33%,Ramai,Sepi,Salah,32.13
S5_VGA,2.mp4,31.62,12,1,1,0,11,100.00%,8.33%,Ramai,Sepi,Salah,33.50
S5_VGA,2.mp4,31.75,12,1,1,0,11,100.00%,8.33%,Ramai,Sepi,Salah,33.97
S5_VGA,2.mp4,31.88,12,0,0,0,12,0.00%,0.00%,Ramai,Sepi,Salah,30.21
S5_VGA,2.mp4,32.00,12,0,0,0,12,0.00%,0.00%,Ramai,Sepi,Salah,29.62
S5_VGA,2.mp4,32.12,12,0,0,0,12,0.00%,0.00%,Ramai,Sepi,Salah,30.14
S5_VGA,2.mp4,32.25,12,0,0,0,12,0.00%,0.00%,Ramai,Sepi,Salah,30.66
S5_VGA,2.mp4,32.38,12,0,0,0,12,0.00%,0.00%,Ramai,Sepi,Salah,30.51
S5_VGA,2.mp4,32.50,12,0,0,0,12,0.00%,0.00%,Ramai,Sepi,Salah,29.71
S5_VGA,2.mp4,32.62,12,0,0,0,12,0.00%,0.00%,Ramai,Sepi,Salah,31.47
S5_VGA,2.mp4,32.75,12,0,0,0,12,0.00%,0.00%,Ramai,Sepi,Salah,31.42
S5_VGA,2.mp4,32.88,12,0,0,0,12,0.00%,0.00%,Ramai,Sepi,Salah,31.09
S5_VGA,2.mp4,33.00,12,0,0,0,12,0.00%,0.00%,Ramai,Sepi,Salah,29.99
S5_VGA,2.mp4,33.12,12,0,0,0,12,0.00%,0.00%,Ramai,Sepi,Salah,30.11
S5_VGA,2.mp4,33.25,12,0,0,0,12,0.00%,0.00%,Ramai,Sepi,Salah,29.46
S5_VGA,2.mp4,33.38,12,1,1,0,11,100.00%,8.33%,Ramai,Sepi,Salah,32.35
S5_VGA,2.mp4,33.50,12,1,1,0,11,100.00%,8.33%,Ramai,Sepi,Salah,32.19
S5_VGA,2.mp4,33.62,12,1,1,0,11,100.00%,8.33%,Ramai,Sepi,Salah,33.83
S5_VGA,2.mp4,33.75,12,1,1,0,11,100.00%,8.33%,Ramai,Sepi,Salah,32.14
S5_VGA,2.mp4,33.88,12,2,2,0,10,100.00%,16.67%,Ramai,Sepi,Salah,35.46
S5_VGA,2.mp4,34.00,12,1,1,0,11,100.00%,8.33%,Ramai,Sepi,Salah,33.26
S5_VGA,2.mp4,34.12,12,2,2,0,10,100.00%,16.67%,Ramai,Sepi,Salah,34.01
S5_VGA,2.mp4,34.25,12,1,1,0,11,100.00%,8.33%,Ramai,Sepi,Salah,33.68
S5_VGA,2.mp4,34.38,12,2,2,0,10,100.00%,16.67%,Ramai,Sepi,Salah,36.59
S5_VGA,2.mp4,34.50,12,1,1,0,11,100.00%,8.33%,Ramai,Sepi,Salah,32.29
S5_VGA,2.mp4,34.62,12,2,2,0,10,100.00%,16.67%,Ramai,Sepi,Salah,32.21
S5_VGA,2.mp4,34.75,12,1,1,0,11,100.00%,8.33%,Ramai,Sepi,Salah,32.53
S5_VGA,2.mp4,34.88,12,2,2,0,10,100.00%,16.67%,Ramai,Sepi,Salah,33.95
S5_VGA,2.mp4,35.00,12,1,1,0,11,100.00%,8.33%,Ramai,Sepi,Salah,32.07
S5_VGA,2.mp4,35.12,12,1,1,0,11,100.00%,8.33%,Ramai,Sepi,Salah,32.44
S5_VGA,2.mp4,35.25,12,0,0,0,12,0.00%,0.00%,Ramai,Sepi,Salah,29.76
S5_VGA,2.mp4,35.38,12,0,0,0,12,0.00%,0.00%,Ramai,Sepi,Salah,30.19
S5_VGA,2.mp4,35.50,12,0,0,0,12,0.00%,0.00%,Ramai,Sepi,Salah,32.31
S5_VGA,2.mp4,35.62,12,0,0,0,12,0.00%,0.00%,Ramai,Sepi,Salah,30.01
S5_VGA,2.mp4,35.75,12,0,0,0,12,0.00%,0.00%,Ramai,Sepi,Salah,29.71
S5_VGA,2.mp4,35.88,12,1,1,0,11,100.00%,8.33%,Ramai,Sepi,Salah,32.71
S5_VGA,2.mp4,36.00,12,1,1,0,11,100.00%,8.33%,Ramai,Sepi,Salah,31.89
S5_VGA,2.mp4,36.12,12,1,1,0,11,100.00%,8.33%,Ramai,Sepi,Salah,32.87
S5_VGA,2.mp4,36.25,12,1,1,0,11,100.00%,8.33%,Ramai,Sepi,Salah,32.48
S5_VGA,2.mp4,36.38,12,2,2,0,10,100.00%,16.67%,Ramai,Sepi,Salah,33.30
S5_VGA,2.mp4,36.50,12,2,2,0,10,100.00%,16.67%,Ramai,Sepi,Salah,32.18
S5_VGA,2.mp4,36.62,12,2,2,0,10,100.00%,16.67%,Ramai,Sepi,Salah,34.85
S5_VGA,2.mp4,36.75,12,1,1,0,11,100.00%,8.33%,Ramai,Sepi,Salah,32.37
S5_VGA,2.mp4,36.88,12,2,2,0,10,100.00%,16.67%,Ramai,Sepi,Salah,34.30
S5_VGA,2.mp4,37.00,12,1,1,0,11,100.00%,8.33%,Ramai,Sepi,Salah,32.00
S5_VGA,2.mp4,37.12,12,1,1,0,11,100.00%,8.33%,Ramai,Sepi,Salah,32.39
S5_VGA,2.mp4,37.25,12,1,1,0,11,100.00%,8.33%,Ramai,Sepi,Salah,34.47
S5_VGA,2.mp4,37.38,12,2,2,0,10,100.00%,16.67%,Ramai,Sepi,Salah,35.37
S5_VGA,2.mp4,37.50,12,2,2,0,10,100.00%,16.67%,Ramai,Sepi,Salah,35.41
S5_VGA,2.mp4,37.62,12,3,3,0,9,100.00%,25.00%,Ramai,Sepi,Salah,35.39
S5_VGA,2.mp4,37.75,12,2,2,0,10,100.00%,16.67%,Ramai,Sepi,Salah,34.75
S5_VGA,2.mp4,37.88,12,2,2,0,10,100.00%,16.67%,Ramai,Sepi,Salah,35.45
S5_VGA,2.mp4,38.00,12,3,3,0,9,100.00%,25.00%,Ramai,Sepi,Salah,35.03
S5_VGA,2.mp4,38.12,12,2,2,0,10,100.00%,16.67%,Ramai,Sepi,Salah,33.14
S5_VGA,2.mp4,38.25,12,1,1,0,11,100.00%,8.33%,Ramai,Sepi,Salah,34.69
S5_VGA,2.mp4,38.38,12,2,2,0,10,100.00%,16.67%,Ramai,Sepi,Salah,35.17
S5_VGA,2.mp4,38.50,12,1,1,0,11,100.00%,8.33%,Ramai,Sepi,Salah,32.89
S5_VGA,2.mp4,38.62,12,1,1,0,11,100.00%,8.33%,Ramai,Sepi,Salah,32.18
S5_VGA,2.mp4,38.75,12,1,1,0,11,100.00%,8.33%,Ramai,Sepi,Salah,33.32
S5_VGA,2.mp4,38.88,12,1,1,0,11,100.00%,8.33%,Ramai,Sepi,Salah,32.59
S5_VGA,2.mp4,39.00,12,2,2,0,10,100.00%,16.67%,Ramai,Sepi,Salah,32.11
S5_VGA,2.mp4,39.12,12,2,2,0,10,100.00%,16.67%,Ramai,Sepi,Salah,33.30
S5_VGA,2.mp4,39.25,12,1,1,0,11,100.00%,8.33%,Ramai,Sepi,Salah,33.53
S5_VGA,2.mp4,39.38,12,1,1,0,11,100.00%,8.33%,Ramai,Sepi,Salah,33.63
S5_VGA,2.mp4,39.50,12,2,2,0,10,100.00%,16.67%,Ramai,Sepi,Salah,33.51
S5_VGA,2.mp4,39.62,12,1,1,0,11,100.00%,8.33%,Ramai,Sepi,Salah,33.28
S5_VGA,2.mp4,39.75,12,1,1,0,11,100.00%,8.33%,Ramai,Sepi,Salah,34.45
S5_VGA,2.mp4,39.88,12,2,2,0,10,100.00%,16.67%,Ramai,Sepi,Salah,35.42
S5_QVGA,1.mp4,0.00,5,1,1,0,4,100.00%,20.00%,Sedang,Sepi,Salah,34.27
S5_QVGA,1.mp4,0.10,5,1,1,0,4,100.00%,20.00%,Sedang,Sepi,Salah,45.53
S5_QVGA,1.mp4,0.20,5,1,1,0,4,100.00%,20.00%,Sedang,Sepi,Salah,47.10
S5_QVGA,1.mp4,0.30,5,1,1,0,4,100.00%,20.00%,Sedang,Sepi,Salah,34.47
S5_QVGA,1.mp4,0.40,5,2,2,0,3,100.00%,40.00%,Sedang,Sepi,Salah,36.28
S5_QVGA,1.mp4,0.50,5,2,2,0,3,100.00%,40.00%,Sedang,Sepi,Salah,32.77
S5_QVGA,1.mp4,0.60,5,2,2,0,3,100.00%,40.00%,Sedang,Sepi,Salah,33.21
S5_QVGA,1.mp4,0.70,5,2,2,0,3,100.00%,40.00%,Sedang,Sepi,Salah,32.51
S5_QVGA,1.mp4,0.80,5,1,1,0,4,100.00%,20.00%,Sedang,Sepi,Salah,32.58
S5_QVGA,1.mp4,0.90,5,1,1,0,4,100.00%,20.00%,Sedang,Sepi,Salah,34.33
S5_QVGA,1.mp4,1.00,5,2,2,0,3,100.00%,40.00%,Sedang,Sepi,Salah,32.99
S5_QVGA,1.mp4,1.10,5,3,3,0,2,100.00%,60.00%,Sedang,Sepi,Salah,33.44
S5_QVGA,1.mp4,1.20,5,1,1,0,4,100.00%,20.00%,Sedang,Sepi,Salah,32.57
S5_QVGA,1.mp4,1.30,5,1,1,0,4,100.00%,20.00%,Sedang,Sepi,Salah,33.10
S5_QVGA,1.mp4,1.40,5,3,3,0,2,100.00%,60.00%,Sedang,Sepi,Salah,32.28
S5_QVGA,1.mp4,1.50,5,2,2,0,3,100.00%,40.00%,Sedang,Sepi,Salah,32.75
S5_QVGA,1.mp4,1.60,5,1,1,0,4,100.00%,20.00%,Sedang,Sepi,Salah,30.95
S5_QVGA,1.mp4,1.70,5,3,3,0,2,100.00%,60.00%,Sedang,Sepi,Salah,33.89
S5_QVGA,1.mp4,1.80,5,2,2,0,3,100.00%,40.00%,Sedang,Sepi,Salah,33.73
S5_QVGA,1.mp4,1.90,5,1,1,0,4,100.00%,20.00%,Sedang,Sepi,Salah,33.26
S5_QVGA,1.mp4,2.00,5,2,2,0,3,100.00%,40.00%,Sedang,Sepi,Salah,31.90
S5_QVGA,1.mp4,2.10,5,2,2,0,3,100.00%,40.00%,Sedang,Sepi,Salah,33.72
S5_QVGA,1.mp4,2.20,5,3,3,0,2,100.00%,60.00%,Sedang,Sepi,Salah,32.28
S5_QVGA,1.mp4,2.30,5,2,2,0,3,100.00%,40.00%,Sedang,Sepi,Salah,32.04
S5_QVGA,1.mp4,2.40,5,3,3,0,2,100.00%,60.00%,Sedang,Sepi,Salah,33.04
S5_QVGA,1.mp4,2.50,5,3,3,0,2,100.00%,60.00%,Sedang,Sepi,Salah,33.58
S5_QVGA,1.mp4,2.60,5,3,3,0,2,100.00%,60.00%,Sedang,Sepi,Salah,31.78
S5_QVGA,1.mp4,2.70,5,3,3,0,2,100.00%,60.00%,Sedang,Sepi,Salah,33.12
S5_QVGA,1.mp4,2.80,5,3,3,0,2,100.00%,60.00%,Sedang,Sepi,Salah,33.33
S5_QVGA,1.mp4,2.90,5,2,2,0,3,100.00%,40.00%,Sedang,Sepi,Salah,32.49
S5_QVGA,1.mp4,3.00,5,2,2,0,3,100.00%,40.00%,Sedang,Sepi,Salah,32.72
S5_QVGA,1.mp4,3.10,5,3,3,0,2,100.00%,60.00%,Sedang,Sepi,Salah,33.64
S5_QVGA,1.mp4,3.20,5,3,3,0,2,100.00%,60.00%,Sedang,Sepi,Salah,31.37
S5_QVGA,1.mp4,3.30,5,3,3,0,2,100.00%,60.00%,Sedang,Sepi,Salah,32.37
S5_QVGA,1.mp4,3.40,5,2,2,0,3,100.00%,40.00%,Sedang,Sepi,Salah,32.13
S5_QVGA,1.mp4,3.50,5,1,1,0,4,100.00%,20.00%,Sedang,Sepi,Salah,31.63
S5_QVGA,1.mp4,3.60,5,2,2,0,3,100.00%,40.00%,Sedang,Sepi,Salah,31.62
S5_QVGA,1.mp4,3.70,5,2,2,0,3,100.00%,40.00%,Sedang,Sepi,Salah,32.48
S5_QVGA,1.mp4,3.80,5,2,2,0,3,100.00%,40.00%,Sedang,Sepi,Salah,32.44
S5_QVGA,1.mp4,3.90,5,3,3,0,2,100.00%,60.00%,Sedang,Sepi,Salah,31.94
S5_QVGA,1.mp4,4.00,5,3,3,0,2,100.00%,60.00%,Sedang,Sepi,Salah,31.57
S5_QVGA,1.mp4,4.10,5,2,2,0,3,100.00%,40.00%,Sedang,Sepi,Salah,32.95
S5_QVGA,1.mp4,4.20,5,3,3,0,2,100.00%,60.00%,Sedang,Sepi,Salah,32.07
S5_QVGA,1.mp4,4.30,5,3,3,0,2,100.00%,60.00%,Sedang,Sepi,Salah,31.62
S5_QVGA,1.mp4,4.40,5,3,3,0,2,100.00%,60.00%,Sedang,Sepi,Salah,31.87
S5_QVGA,1.mp4,4.50,5,2,2,0,3,100.00%,40.00%,Sedang,Sepi,Salah,33.73
S5_QVGA,1.mp4,4.60,5,2,2,0,3,100.00%,40.00%,Sedang,Sepi,Salah,31.77
S5_QVGA,1.mp4,4.70,5,2,2,0,3,100.00%,40.00%,Sedang,Sepi,Salah,34.60
S5_QVGA,1.mp4,4.80,5,2,2,0,3,100.00%,40.00%,Sedang,Sepi,Salah,33.16
S5_QVGA,1.mp4,4.90,5,2,2,0,3,100.00%,40.00%,Sedang,Sepi,Salah,33.76
S5_QVGA,1.mp4,5.00,5,2,2,0,3,100.00%,40.00%,Sedang,Sepi,Salah,33.43
S5_QVGA,1.mp4,5.10,5,3,3,0,2,100.00%,60.00%,Sedang,Sepi,Salah,32.02
S5_QVGA,1.mp4,5.20,5,2,2,0,3,100.00%,40.00%,Sedang,Sepi,Salah,32.85
S5_QVGA,1.mp4,5.30,5,3,3,0,2,100.00%,60.00%,Sedang,Sepi,Salah,32.10
S5_QVGA,1.mp4,5.40,5,3,3,0,2,100.00%,60.00%,Sedang,Sepi,Salah,31.83
S5_QVGA,1.mp4,5.50,5,3,3,0,2,100.00%,60.00%,Sedang,Sepi,Salah,32.90
S5_QVGA,1.mp4,5.60,5,3,3,0,2,100.00%,60.00%,Sedang,Sepi,Salah,34.00
S5_QVGA,1.mp4,5.70,5,2,2,0,3,100.00%,40.00%,Sedang,Sepi,Salah,31.85
S5_QVGA,1.mp4,5.80,5,2,2,0,3,100.00%,40.00%,Sedang,Sepi,Salah,32.15
S5_QVGA,1.mp4,5.90,5,2,2,0,3,100.00%,40.00%,Sedang,Sepi,Salah,32.96
S5_QVGA,1.mp4,6.00,5,2,2,0,3,100.00%,40.00%,Sedang,Sepi,Salah,30.93
S5_QVGA,1.mp4,6.10,4,2,2,0,2,100.00%,50.00%,Sepi,Sepi,Benar,31.42
S5_QVGA,1.mp4,6.20,4,3,3,0,1,100.00%,75.00%,Sepi,Sepi,Benar,32.28
S5_QVGA,1.mp4,6.30,4,2,2,0,2,100.00%,50.00%,Sepi,Sepi,Benar,32.19
S5_QVGA,1.mp4,6.40,4,1,1,0,3,100.00%,25.00%,Sepi,Sepi,Benar,32.53
S5_QVGA,1.mp4,6.50,4,2,2,0,2,100.00%,50.00%,Sepi,Sepi,Benar,32.64
S5_QVGA,1.mp4,6.60,4,1,1,0,3,100.00%,25.00%,Sepi,Sepi,Benar,32.55
S5_QVGA,1.mp4,6.70,4,1,1,0,3,100.00%,25.00%,Sepi,Sepi,Benar,32.97
S5_QVGA,1.mp4,6.80,4,2,2,0,2,100.00%,50.00%,Sepi,Sepi,Benar,31.95
S5_QVGA,1.mp4,6.90,4,1,1,0,3,100.00%,25.00%,Sepi,Sepi,Benar,33.20
S5_QVGA,1.mp4,7.00,4,1,1,0,3,100.00%,25.00%,Sepi,Sepi,Benar,31.71
S5_QVGA,1.mp4,7.10,4,2,2,0,2,100.00%,50.00%,Sepi,Sepi,Benar,34.27
S5_QVGA,1.mp4,7.20,4,2,2,0,2,100.00%,50.00%,Sepi,Sepi,Benar,31.79
S5_QVGA,1.mp4,7.30,4,2,2,0,2,100.00%,50.00%,Sepi,Sepi,Benar,32.68
S5_QVGA,1.mp4,7.40,4,2,2,0,2,100.00%,50.00%,Sepi,Sepi,Benar,31.74
S5_QVGA,1.mp4,7.50,4,2,2,0,2,100.00%,50.00%,Sepi,Sepi,Benar,32.33
S5_QVGA,1.mp4,7.60,4,3,3,0,1,100.00%,75.00%,Sepi,Sepi,Benar,32.43
S5_QVGA,1.mp4,7.70,4,2,2,0,2,100.00%,50.00%,Sepi,Sepi,Benar,32.60
S5_QVGA,1.mp4,7.80,4,2,2,0,2,100.00%,50.00%,Sepi,Sepi,Benar,33.74
S5_QVGA,1.mp4,7.90,4,2,2,0,2,100.00%,50.00%,Sepi,Sepi,Benar,33.49
S5_QVGA,1.mp4,8.00,4,2,2,0,2,100.00%,50.00%,Sepi,Sepi,Benar,31.86
S5_QVGA,1.mp4,8.10,4,2,2,0,2,100.00%,50.00%,Sepi,Sepi,Benar,31.20
S5_QVGA,1.mp4,8.20,4,2,2,0,2,100.00%,50.00%,Sepi,Sepi,Benar,31.81
S5_QVGA,1.mp4,8.30,4,2,2,0,2,100.00%,50.00%,Sepi,Sepi,Benar,31.56
S5_QVGA,1.mp4,8.40,4,1,1,0,3,100.00%,25.00%,Sepi,Sepi,Benar,32.01
S5_QVGA,1.mp4,8.50,4,2,2,0,2,100.00%,50.00%,Sepi,Sepi,Benar,32.14
S5_QVGA,1.mp4,8.60,4,1,1,0,3,100.00%,25.00%,Sepi,Sepi,Benar,31.76
S5_QVGA,1.mp4,8.70,4,2,2,0,2,100.00%,50.00%,Sepi,Sepi,Benar,32.53
S5_QVGA,1.mp4,8.80,4,2,2,0,2,100.00%,50.00%,Sepi,Sepi,Benar,32.57
S5_QVGA,1.mp4,8.90,4,2,2,0,2,100.00%,50.00%,Sepi,Sepi,Benar,32.46
S5_QVGA,1.mp4,9.00,4,2,2,0,2,100.00%,50.00%,Sepi,Sepi,Benar,31.71
S5_QVGA,1.mp4,9.10,4,1,1,0,3,100.00%,25.00%,Sepi,Sepi,Benar,32.96
S5_QVGA,1.mp4,9.20,4,2,2,0,2,100.00%,50.00%,Sepi,Sepi,Benar,32.74
S5_QVGA,1.mp4,9.30,4,0,0,0,4,0.00%,0.00%,Sepi,Sepi,Benar,28.71
S5_QVGA,1.mp4,9.40,4,0,0,0,4,0.00%,0.00%,Sepi,Sepi,Benar,28.93
S5_QVGA,1.mp4,9.50,4,0,0,0,4,0.00%,0.00%,Sepi,Sepi,Benar,29.48
S5_QVGA,1.mp4,9.60,4,0,0,0,4,0.00%,0.00%,Sepi,Sepi,Benar,28.89
S5_QVGA,1.mp4,9.70,4,2,2,0,2,100.00%,50.00%,Sepi,Sepi,Benar,33.38
S5_QVGA,1.mp4,9.80,4,1,1,0,3,100.00%,25.00%,Sepi,Sepi,Benar,31.93
S5_QVGA,1.mp4,9.90,4,1,1,0,3,100.00%,25.00%,Sepi,Sepi,Benar,31.42
S5_QVGA,1.mp4,10.00,4,2,2,0,2,100.00%,50.00%,Sepi,Sepi,Benar,31.64
S5_QVGA,1.mp4,10.10,4,2,2,0,2,100.00%,50.00%,Sepi,Sepi,Benar,30.70
S5_QVGA,1.mp4,10.20,4,2,2,0,2,100.00%,50.00%,Sepi,Sepi,Benar,30.94
S5_QVGA,1.mp4,10.30,4,2,2,0,2,100.00%,50.00%,Sepi,Sepi,Benar,31.19
S5_QVGA,1.mp4,10.40,4,2,2,0,2,100.00%,50.00%,Sepi,Sepi,Benar,30.78
S5_QVGA,1.mp4,10.50,4,1,1,0,3,100.00%,25.00%,Sepi,Sepi,Benar,32.88
S5_QVGA,1.mp4,10.60,4,1,1,0,3,100.00%,25.00%,Sepi,Sepi,Benar,33.80
S5_QVGA,1.mp4,10.70,4,1,1,0,3,100.00%,25.00%,Sepi,Sepi,Benar,32.04
S5_QVGA,1.mp4,10.80,4,2,2,0,2,100.00%,50.00%,Sepi,Sepi,Benar,32.70
S5_QVGA,1.mp4,10.90,4,1,1,0,3,100.00%,25.00%,Sepi,Sepi,Benar,34.13
S5_QVGA,1.mp4,11.00,4,3,3,0,1,100.00%,75.00%,Sepi,Sepi,Benar,33.22
S5_QVGA,1.mp4,11.10,4,3,3,0,1,100.00%,75.00%,Sepi,Sepi,Benar,33.38
S5_QVGA,1.mp4,11.20,4,3,3,0,1,100.00%,75.00%,Sepi,Sepi,Benar,32.72
S5_QVGA,1.mp4,11.30,4,3,3,0,1,100.00%,75.00%,Sepi,Sepi,Benar,32.48
S5_QVGA,1.mp4,11.40,4,3,3,0,1,100.00%,75.00%,Sepi,Sepi,Benar,32.61
S5_QVGA,1.mp4,11.50,4,3,3,0,1,100.00%,75.00%,Sepi,Sepi,Benar,33.90
S5_QVGA,1.mp4,11.60,4,3,3,0,1,100.00%,75.00%,Sepi,Sepi,Benar,32.90
S5_QVGA,1.mp4,11.70,4,3,3,0,1,100.00%,75.00%,Sepi,Sepi,Benar,32.33
S5_QVGA,1.mp4,11.80,4,3,3,0,1,100.00%,75.00%,Sepi,Sepi,Benar,32.32
S5_QVGA,1.mp4,11.90,4,3,3,0,1,100.00%,75.00%,Sepi,Sepi,Benar,37.20
S5_QVGA,1.mp4,12.00,4,3,3,0,1,100.00%,75.00%,Sepi,Sepi,Benar,32.24
S5_QVGA,1.mp4,12.10,4,3,3,0,1,100.00%,75.00%,Sepi,Sepi,Benar,31.33
S5_QVGA,1.mp4,12.20,4,3,3,0,1,100.00%,75.00%,Sepi,Sepi,Benar,32.30
S5_QVGA,1.mp4,12.30,4,2,2,0,2,100.00%,50.00%,Sepi,Sepi,Benar,31.86
S5_QVGA,1.mp4,12.40,4,3,3,0,1,100.00%,75.00%,Sepi,Sepi,Benar,33.52
S5_QVGA,1.mp4,12.50,4,3,3,0,1,100.00%,75.00%,Sepi,Sepi,Benar,32.62
S5_QVGA,1.mp4,12.60,4,3,3,0,1,100.00%,75.00%,Sepi,Sepi,Benar,31.63
S5_QVGA,1.mp4,12.70,4,3,3,0,1,100.00%,75.00%,Sepi,Sepi,Benar,33.00
S5_QVGA,1.mp4,12.80,4,3,3,0,1,100.00%,75.00%,Sepi,Sepi,Benar,35.10
S5_QVGA,1.mp4,12.90,4,3,3,0,1,100.00%,75.00%,Sepi,Sepi,Benar,32.26
S5_QVGA,1.mp4,13.00,4,3,3,0,1,100.00%,75.00%,Sepi,Sepi,Benar,33.72
S5_QVGA,1.mp4,13.10,4,3,3,0,1,100.00%,75.00%,Sepi,Sepi,Benar,31.42
S5_QVGA,1.mp4,13.20,4,3,3,0,1,100.00%,75.00%,Sepi,Sepi,Benar,32.15
S5_QVGA,1.mp4,13.30,4,3,3,0,1,100.00%,75.00%,Sepi,Sepi,Benar,32.02
S5_QVGA,1.mp4,13.40,4,3,3,0,1,100.00%,75.00%,Sepi,Sepi,Benar,31.03
S5_QVGA,1.mp4,13.50,4,3,3,0,1,100.00%,75.00%,Sepi,Sepi,Benar,33.16
S5_QVGA,1.mp4,13.60,4,3,3,0,1,100.00%,75.00%,Sepi,Sepi,Benar,32.84
S5_QVGA,1.mp4,13.70,4,3,3,0,1,100.00%,75.00%,Sepi,Sepi,Benar,32.39
S5_QVGA,1.mp4,13.80,4,3,3,0,1,100.00%,75.00%,Sepi,Sepi,Benar,34.04
S5_QVGA,1.mp4,13.90,4,4,4,0,0,100.00%,100.00%,Sepi,Sepi,Benar,33.39
S5_QVGA,1.mp4,14.00,4,3,3,0,1,100.00%,75.00%,Sepi,Sepi,Benar,32.83
S5_QVGA,1.mp4,14.10,4,3,3,0,1,100.00%,75.00%,Sepi,Sepi,Benar,31.03
S5_QVGA,1.mp4,14.20,4,3,3,0,1,100.00%,75.00%,Sepi,Sepi,Benar,32.57
S5_QVGA,1.mp4,14.30,4,3,3,0,1,100.00%,75.00%,Sepi,Sepi,Benar,32.35
S5_QVGA,1.mp4,14.40,4,3,3,0,1,100.00%,75.00%,Sepi,Sepi,Benar,31.95
S5_QVGA,1.mp4,14.50,4,3,3,0,1,100.00%,75.00%,Sepi,Sepi,Benar,31.38
S5_QVGA,1.mp4,14.60,4,3,3,0,1,100.00%,75.00%,Sepi,Sepi,Benar,31.98
S5_QVGA,1.mp4,14.70,4,3,3,0,1,100.00%,75.00%,Sepi,Sepi,Benar,33.52
S5_QVGA,1.mp4,14.80,4,3,3,0,1,100.00%,75.00%,Sepi,Sepi,Benar,34.03
S5_QVGA,1.mp4,14.90,4,3,3,0,1,100.00%,75.00%,Sepi,Sepi,Benar,32.74
S5_QVGA,1.mp4,15.00,4,3,3,0,1,100.00%,75.00%,Sepi,Sepi,Benar,31.87
S5_QVGA,1.mp4,15.10,4,3,3,0,1,100.00%,75.00%,Sepi,Sepi,Benar,33.32
S5_QVGA,1.mp4,15.20,4,3,3,0,1,100.00%,75.00%,Sepi,Sepi,Benar,33.57
S5_QVGA,1.mp4,15.30,4,3,3,0,1,100.00%,75.00%,Sepi,Sepi,Benar,31.84
S5_QVGA,1.mp4,15.40,4,3,3,0,1,100.00%,75.00%,Sepi,Sepi,Benar,33.03
S5_QVGA,1.mp4,15.50,4,3,3,0,1,100.00%,75.00%,Sepi,Sepi,Benar,31.35
S5_QVGA,1.mp4,15.60,4,3,3,0,1,100.00%,75.00%,Sepi,Sepi,Benar,32.90
S5_QVGA,1.mp4,15.70,4,2,2,0,2,100.00%,50.00%,Sepi,Sepi,Benar,31.41
S5_QVGA,1.mp4,15.80,4,3,3,0,1,100.00%,75.00%,Sepi,Sepi,Benar,34.14
S5_QVGA,1.mp4,15.90,4,4,4,0,0,100.00%,100.00%,Sepi,Sepi,Benar,34.88
S5_QVGA,1.mp4,16.00,4,4,4,0,0,100.00%,100.00%,Sepi,Sepi,Benar,31.91
S5_QVGA,1.mp4,16.10,4,2,2,0,2,100.00%,50.00%,Sepi,Sepi,Benar,31.53
S5_QVGA,1.mp4,16.20,4,4,4,0,0,100.00%,100.00%,Sepi,Sepi,Benar,33.66
S5_QVGA,1.mp4,16.30,4,4,4,0,0,100.00%,100.00%,Sepi,Sepi,Benar,34.67
S5_QVGA,1.mp4,16.40,4,4,4,0,0,100.00%,100.00%,Sepi,Sepi,Benar,32.82
S5_QVGA,1.mp4,16.50,4,4,4,0,0,100.00%,100.00%,Sepi,Sepi,Benar,31.93
S5_QVGA,1.mp4,16.60,4,3,3,0,1,100.00%,75.00%,Sepi,Sepi,Benar,33.99
S5_QVGA,1.mp4,16.70,4,3,3,0,1,100.00%,75.00%,Sepi,Sepi,Benar,33.10
S5_QVGA,1.mp4,16.80,4,3,3,0,1,100.00%,75.00%,Sepi,Sepi,Benar,33.03
S5_QVGA,1.mp4,16.90,4,3,3,0,1,100.00%,75.00%,Sepi,Sepi,Benar,32.00
S5_QVGA,1.mp4,17.00,4,3,3,0,1,100.00%,75.00%,Sepi,Sepi,Benar,33.91
S5_QVGA,1.mp4,17.10,4,3,3,0,1,100.00%,75.00%,Sepi,Sepi,Benar,31.30
S5_QVGA,1.mp4,17.20,4,4,4,0,0,100.00%,100.00%,Sepi,Sepi,Benar,31.78
S5_QVGA,1.mp4,17.30,4,4,4,0,0,100.00%,100.00%,Sepi,Sepi,Benar,33.79
S5_QVGA,1.mp4,17.40,4,4,4,0,0,100.00%,100.00%,Sepi,Sepi,Benar,32.14
S5_QVGA,1.mp4,17.50,4,4,4,0,0,100.00%,100.00%,Sepi,Sepi,Benar,32.60
S5_QVGA,1.mp4,17.60,4,4,4,0,0,100.00%,100.00%,Sepi,Sepi,Benar,34.01
S5_QVGA,1.mp4,17.70,4,4,4,0,0,100.00%,100.00%,Sepi,Sepi,Benar,31.61
S5_QVGA,1.mp4,17.80,4,4,4,0,0,100.00%,100.00%,Sepi,Sepi,Benar,33.07
S5_QVGA,1.mp4,17.90,4,4,4,0,0,100.00%,100.00%,Sepi,Sepi,Benar,33.51
S5_QVGA,1.mp4,18.00,4,3,3,0,1,100.00%,75.00%,Sepi,Sepi,Benar,31.28
S5_QVGA,1.mp4,18.10,4,3,3,0,1,100.00%,75.00%,Sepi,Sepi,Benar,31.55
S5_QVGA,1.mp4,18.20,4,3,3,0,1,100.00%,75.00%,Sepi,Sepi,Benar,30.62
S5_QVGA,1.mp4,18.30,4,3,3,0,1,100.00%,75.00%,Sepi,Sepi,Benar,32.29
S5_QVGA,1.mp4,18.40,4,3,3,0,1,100.00%,75.00%,Sepi,Sepi,Benar,32.37
S5_QVGA,1.mp4,18.50,4,3,3,0,1,100.00%,75.00%,Sepi,Sepi,Benar,33.41
S5_QVGA,1.mp4,18.60,4,3,3,0,1,100.00%,75.00%,Sepi,Sepi,Benar,33.04
S5_QVGA,1.mp4,18.70,4,3,3,0,1,100.00%,75.00%,Sepi,Sepi,Benar,34.85
S5_QVGA,1.mp4,18.80,4,3,3,0,1,100.00%,75.00%,Sepi,Sepi,Benar,32.11
S5_QVGA,1.mp4,18.90,4,3,3,0,1,100.00%,75.00%,Sepi,Sepi,Benar,33.26
S5_QVGA,1.mp4,19.00,4,3,3,0,1,100.00%,75.00%,Sepi,Sepi,Benar,32.37
S5_QVGA,1.mp4,19.10,4,3,3,0,1,100.00%,75.00%,Sepi,Sepi,Benar,33.35
S5_QVGA,1.mp4,19.20,4,3,3,0,1,100.00%,75.00%,Sepi,Sepi,Benar,31.13
S5_QVGA,1.mp4,19.30,4,3,3,0,1,100.00%,75.00%,Sepi,Sepi,Benar,33.86
S5_QVGA,1.mp4,19.40,4,3,3,0,1,100.00%,75.00%,Sepi,Sepi,Benar,32.56
S5_QVGA,1.mp4,19.50,4,3,3,0,1,100.00%,75.00%,Sepi,Sepi,Benar,32.94
S5_QVGA,1.mp4,19.60,4,3,3,0,1,100.00%,75.00%,Sepi,Sepi,Benar,30.68
S5_QVGA,1.mp4,19.70,4,3,3,0,1,100.00%,75.00%,Sepi,Sepi,Benar,32.02
S5_QVGA,1.mp4,19.80,4,3,3,0,1,100.00%,75.00%,Sepi,Sepi,Benar,32.25
S5_QVGA,1.mp4,19.90,4,3,3,0,1,100.00%,75.00%,Sepi,Sepi,Benar,32.15
S5_QVGA,1.mp4,20.00,5,3,3,0,2,100.00%,60.00%,Sedang,Sepi,Salah,30.85
S5_QVGA,1.mp4,20.10,5,3,3,0,2,100.00%,60.00%,Sedang,Sepi,Salah,32.68
S5_QVGA,1.mp4,20.20,5,4,4,0,1,100.00%,80.00%,Sedang,Sepi,Salah,33.02
S5_QVGA,1.mp4,20.30,5,3,3,0,2,100.00%,60.00%,Sedang,Sepi,Salah,31.71
S5_QVGA,1.mp4,20.40,5,4,4,0,1,100.00%,80.00%,Sedang,Sepi,Salah,31.90
S5_QVGA,1.mp4,20.50,5,3,3,0,2,100.00%,60.00%,Sedang,Sepi,Salah,32.29
S5_QVGA,1.mp4,20.60,5,3,3,0,2,100.00%,60.00%,Sedang,Sepi,Salah,31.55
S5_QVGA,1.mp4,20.70,5,3,3,0,2,100.00%,60.00%,Sedang,Sepi,Salah,32.31
S5_QVGA,1.mp4,20.80,5,3,3,0,2,100.00%,60.00%,Sedang,Sepi,Salah,33.60
S5_QVGA,1.mp4,20.90,5,3,3,0,2,100.00%,60.00%,Sedang,Sepi,Salah,33.10
S5_QVGA,1.mp4,21.00,5,4,4,0,1,100.00%,80.00%,Sedang,Sepi,Salah,33.99
S5_QVGA,1.mp4,21.10,5,4,4,0,1,100.00%,80.00%,Sedang,Sepi,Salah,32.33
S5_QVGA,1.mp4,21.20,5,4,4,0,1,100.00%,80.00%,Sedang,Sepi,Salah,32.51
S5_QVGA,1.mp4,21.30,5,4,4,0,1,100.00%,80.00%,Sedang,Sepi,Salah,34.50
S5_QVGA,1.mp4,21.40,5,3,3,0,2,100.00%,60.00%,Sedang,Sepi,Salah,31.50
S5_QVGA,1.mp4,21.50,5,3,3,0,2,100.00%,60.00%,Sedang,Sepi,Salah,31.70
S5_QVGA,1.mp4,21.60,5,3,3,0,2,100.00%,60.00%,Sedang,Sepi,Salah,32.58
S5_QVGA,1.mp4,21.70,5,2,2,0,3,100.00%,40.00%,Sedang,Sepi,Salah,33.69
S5_QVGA,1.mp4,21.80,5,2,2,0,3,100.00%,40.00%,Sedang,Sepi,Salah,32.05
S5_QVGA,1.mp4,21.90,5,3,3,0,2,100.00%,60.00%,Sedang,Sepi,Salah,32.49
S5_QVGA,1.mp4,22.00,4,3,3,0,1,100.00%,75.00%,Sepi,Sepi,Benar,31.65
S5_QVGA,1.mp4,22.10,4,2,2,0,2,100.00%,50.00%,Sepi,Sepi,Benar,32.97
S5_QVGA,1.mp4,22.20,4,2,2,0,2,100.00%,50.00%,Sepi,Sepi,Benar,33.38
S5_QVGA,1.mp4,22.30,4,1,1,0,3,100.00%,25.00%,Sepi,Sepi,Benar,31.66
S5_QVGA,1.mp4,22.40,4,1,1,0,3,100.00%,25.00%,Sepi,Sepi,Benar,32.93
S5_QVGA,1.mp4,22.50,4,1,1,0,3,100.00%,25.00%,Sepi,Sepi,Benar,34.21
S5_QVGA,1.mp4,22.60,4,2,2,0,2,100.00%,50.00%,Sepi,Sepi,Benar,34.74
S5_QVGA,1.mp4,22.70,4,1,1,0,3,100.00%,25.00%,Sepi,Sepi,Benar,34.57
S5_QVGA,1.mp4,22.80,4,1,1,0,3,100.00%,25.00%,Sepi,Sepi,Benar,35.17
S5_QVGA,1.mp4,22.90,4,1,1,0,3,100.00%,25.00%,Sepi,Sepi,Benar,34.22
S5_QVGA,1.mp4,23.00,4,2,2,0,2,100.00%,50.00%,Sepi,Sepi,Benar,33.56
S5_QVGA,1.mp4,23.10,4,2,2,0,2,100.00%,50.00%,Sepi,Sepi,Benar,33.00
S5_QVGA,1.mp4,23.20,4,1,1,0,3,100.00%,25.00%,Sepi,Sepi,Benar,34.02
S5_QVGA,1.mp4,23.30,4,1,1,0,3,100.00%,25.00%,Sepi,Sepi,Benar,31.85
S5_QVGA,1.mp4,23.40,4,1,1,0,3,100.00%,25.00%,Sepi,Sepi,Benar,31.45
S5_QVGA,1.mp4,23.50,4,0,0,0,4,0.00%,0.00%,Sepi,Sepi,Benar,29.90
S5_QVGA,1.mp4,23.60,4,1,1,0,3,100.00%,25.00%,Sepi,Sepi,Benar,31.86
S5_QVGA,1.mp4,23.70,4,2,2,0,2,100.00%,50.00%,Sepi,Sepi,Benar,33.45
S5_QVGA,1.mp4,23.80,4,2,2,0,2,100.00%,50.00%,Sepi,Sepi,Benar,33.07
S5_QVGA,1.mp4,23.90,4,2,2,0,2,100.00%,50.00%,Sepi,Sepi,Benar,34.76
S5_QVGA,1.mp4,24.00,4,2,2,0,2,100.00%,50.00%,Sepi,Sepi,Benar,31.47
S5_QVGA,1.mp4,24.10,4,2,2,0,2,100.00%,50.00%,Sepi,Sepi,Benar,33.58
S5_QVGA,1.mp4,24.20,4,1,1,0,3,100.00%,25.00%,Sepi,Sepi,Benar,30.90
S5_QVGA,1.mp4,24.30,4,1,1,0,3,100.00%,25.00%,Sepi,Sepi,Benar,30.74
S5_QVGA,1.mp4,24.40,4,1,1,0,3,100.00%,25.00%,Sepi,Sepi,Benar,31.01
S5_QVGA,1.mp4,24.50,4,2,2,0,2,100.00%,50.00%,Sepi,Sepi,Benar,31.69
S5_QVGA,1.mp4,24.60,4,1,1,0,3,100.00%,25.00%,Sepi,Sepi,Benar,33.68
S5_QVGA,1.mp4,24.70,4,1,1,0,3,100.00%,25.00%,Sepi,Sepi,Benar,31.21
S5_QVGA,1.mp4,24.80,4,0,0,0,4,0.00%,0.00%,Sepi,Sepi,Benar,30.30
S5_QVGA,1.mp4,24.90,4,0,0,0,4,0.00%,0.00%,Sepi,Sepi,Benar,29.76
S5_QVGA,1.mp4,25.00,4,0,0,0,4,0.00%,0.00%,Sepi,Sepi,Benar,29.56
S5_QVGA,1.mp4,25.10,4,0,0,0,4,0.00%,0.00%,Sepi,Sepi,Benar,29.25
S5_QVGA,1.mp4,25.20,4,0,0,0,4,0.00%,0.00%,Sepi,Sepi,Benar,30.87
S5_QVGA,1.mp4,25.30,4,1,1,0,3,100.00%,25.00%,Sepi,Sepi,Benar,31.09
S5_QVGA,1.mp4,25.40,4,2,2,0,2,100.00%,50.00%,Sepi,Sepi,Benar,32.45
S5_QVGA,1.mp4,25.50,4,1,1,0,3,100.00%,25.00%,Sepi,Sepi,Benar,33.97
S5_QVGA,1.mp4,25.60,4,2,2,0,2,100.00%,50.00%,Sepi,Sepi,Benar,32.12
S5_QVGA,1.mp4,25.70,4,2,2,0,2,100.00%,50.00%,Sepi,Sepi,Benar,31.90
S5_QVGA,1.mp4,25.80,4,2,2,0,2,100.00%,50.00%,Sepi,Sepi,Benar,34.84
S5_QVGA,1.mp4,25.90,4,2,2,0,2,100.00%,50.00%,Sepi,Sepi,Benar,31.39
S5_QVGA,1.mp4,26.00,4,2,2,0,2,100.00%,50.00%,Sepi,Sepi,Benar,30.96
S5_QVGA,1.mp4,26.10,4,2,2,0,2,100.00%,50.00%,Sepi,Sepi,Benar,31.31
S5_QVGA,1.mp4,26.20,4,2,2,0,2,100.00%,50.00%,Sepi,Sepi,Benar,31.55
S5_QVGA,1.mp4,26.30,4,1,1,0,3,100.00%,25.00%,Sepi,Sepi,Benar,31.11
S5_QVGA,1.mp4,26.40,4,1,1,0,3,100.00%,25.00%,Sepi,Sepi,Benar,30.76
S5_QVGA,1.mp4,26.50,4,2,2,0,2,100.00%,50.00%,Sepi,Sepi,Benar,32.16
S5_QVGA,1.mp4,26.60,4,2,2,0,2,100.00%,50.00%,Sepi,Sepi,Benar,33.31
S5_QVGA,1.mp4,26.70,4,2,2,0,2,100.00%,50.00%,Sepi,Sepi,Benar,31.18
S5_QVGA,1.mp4,26.80,4,2,2,0,2,100.00%,50.00%,Sepi,Sepi,Benar,34.55
S5_QVGA,1.mp4,26.90,4,2,2,0,2,100.00%,50.00%,Sepi,Sepi,Benar,33.35
S5_QVGA,1.mp4,27.00,4,2,2,0,2,100.00%,50.00%,Sepi,Sepi,Benar,31.42
S5_QVGA,1.mp4,27.10,4,2,2,0,2,100.00%,50.00%,Sepi,Sepi,Benar,31.87
S5_QVGA,1.mp4,27.20,4,2,2,0,2,100.00%,50.00%,Sepi,Sepi,Benar,32.63
S5_QVGA,1.mp4,27.30,4,2,2,0,2,100.00%,50.00%,Sepi,Sepi,Benar,31.27
S5_QVGA,1.mp4,27.40,4,2,2,0,2,100.00%,50.00%,Sepi,Sepi,Benar,31.94
S5_QVGA,1.mp4,27.50,4,2,2,0,2,100.00%,50.00%,Sepi,Sepi,Benar,32.66
S5_QVGA,1.mp4,27.60,4,1,1,0,3,100.00%,25.00%,Sepi,Sepi,Benar,31.35
S5_QVGA,1.mp4,27.70,4,2,2,0,2,100.00%,50.00%,Sepi,Sepi,Benar,32.03
S5_QVGA,1.mp4,27.80,4,0,0,0,4,0.00%,0.00%,Sepi,Sepi,Benar,30.38
S5_QVGA,1.mp4,27.90,4,0,0,0,4,0.00%,0.00%,Sepi,Sepi,Benar,31.10
S5_QVGA,1.mp4,28.00,4,0,0,0,4,0.00%,0.00%,Sepi,Sepi,Benar,31.29
S5_QVGA,1.mp4,28.10,4,1,1,0,3,100.00%,25.00%,Sepi,Sepi,Benar,31.11
S5_QVGA,1.mp4,28.20,4,0,0,0,4,0.00%,0.00%,Sepi,Sepi,Benar,31.37
S5_QVGA,1.mp4,28.30,4,1,1,0,3,100.00%,25.00%,Sepi,Sepi,Benar,30.93
S5_QVGA,1.mp4,28.40,4,1,1,0,3,100.00%,25.00%,Sepi,Sepi,Benar,31.96
S5_QVGA,1.mp4,28.50,4,1,1,0,3,100.00%,25.00%,Sepi,Sepi,Benar,32.18
S5_QVGA,1.mp4,28.60,4,1,1,0,3,100.00%,25.00%,Sepi,Sepi,Benar,32.56
S5_QVGA,1.mp4,28.70,4,0,0,0,4,0.00%,0.00%,Sepi,Sepi,Benar,29.07
S5_QVGA,1.mp4,28.80,4,0,0,0,4,0.00%,0.00%,Sepi,Sepi,Benar,30.70
S5_QVGA,1.mp4,28.90,4,0,0,0,4,0.00%,0.00%,Sepi,Sepi,Benar,29.21
S5_QVGA,1.mp4,29.00,4,0,0,0,4,0.00%,0.00%,Sepi,Sepi,Benar,32.26
S5_QVGA,1.mp4,29.10,4,1,1,0,3,100.00%,25.00%,Sepi,Sepi,Benar,31.57
S5_QVGA,1.mp4,29.20,4,0,0,0,4,0.00%,0.00%,Sepi,Sepi,Benar,29.57
S5_QVGA,1.mp4,29.30,4,0,0,0,4,0.00%,0.00%,Sepi,Sepi,Benar,30.33
S5_QVGA,1.mp4,29.40,4,0,0,0,4,0.00%,0.00%,Sepi,Sepi,Benar,31.01
S5_QVGA,1.mp4,29.50,4,0,0,0,4,0.00%,0.00%,Sepi,Sepi,Benar,29.51
S5_QVGA,1.mp4,29.60,4,0,0,0,4,0.00%,0.00%,Sepi,Sepi,Benar,29.75
S5_QVGA,1.mp4,29.70,4,0,0,0,4,0.00%,0.00%,Sepi,Sepi,Benar,31.11
S5_QVGA,1.mp4,29.80,4,0,0,0,4,0.00%,0.00%,Sepi,Sepi,Benar,29.67
S5_QVGA,1.mp4,29.90,4,0,0,0,4,0.00%,0.00%,Sepi,Sepi,Benar,30.18
S5_QVGA,1.mp4,30.00,4,0,0,0,4,0.00%,0.00%,Sepi,Sepi,Benar,29.35
S5_QVGA,1.mp4,30.10,4,0,0,0,4,0.00%,0.00%,Sepi,Sepi,Benar,29.49
S5_QVGA,1.mp4,30.20,4,1,1,0,3,100.00%,25.00%,Sepi,Sepi,Benar,31.92
S5_QVGA,1.mp4,30.30,4,0,0,0,4,0.00%,0.00%,Sepi,Sepi,Benar,29.86
S5_QVGA,1.mp4,30.40,4,0,0,0,4,0.00%,0.00%,Sepi,Sepi,Benar,30.05
S5_QVGA,1.mp4,30.50,4,1,1,0,3,100.00%,25.00%,Sepi,Sepi,Benar,32.80
S5_QVGA,1.mp4,30.60,4,1,1,0,3,100.00%,25.00%,Sepi,Sepi,Benar,32.76
S5_QVGA,1.mp4,30.70,4,1,1,0,3,100.00%,25.00%,Sepi,Sepi,Benar,33.74
S5_QVGA,1.mp4,30.80,4,1,1,0,3,100.00%,25.00%,Sepi,Sepi,Benar,32.60
S5_QVGA,1.mp4,30.90,4,1,1,0,3,100.00%,25.00%,Sepi,Sepi,Benar,33.38
S5_QVGA,1.mp4,31.00,4,1,1,0,3,100.00%,25.00%,Sepi,Sepi,Benar,31.87
S5_QVGA,1.mp4,31.10,4,2,2,0,2,100.00%,50.00%,Sepi,Sepi,Benar,33.38
S5_QVGA,1.mp4,31.20,4,1,1,0,3,100.00%,25.00%,Sepi,Sepi,Benar,32.20
S5_QVGA,1.mp4,31.30,4,1,1,0,3,100.00%,25.00%,Sepi,Sepi,Benar,32.45
S5_QVGA,1.mp4,31.40,4,1,1,0,3,100.00%,25.00%,Sepi,Sepi,Benar,32.91
S5_QVGA,1.mp4,31.50,4,2,2,0,2,100.00%,50.00%,Sepi,Sepi,Benar,32.86
S5_QVGA,1.mp4,31.60,4,1,1,0,3,100.00%,25.00%,Sepi,Sepi,Benar,31.95
S5_QVGA,1.mp4,31.70,4,3,3,0,1,100.00%,75.00%,Sepi,Sepi,Benar,31.74
S5_QVGA,1.mp4,31.80,4,1,1,0,3,100.00%,25.00%,Sepi,Sepi,Benar,31.94
S5_QVGA,1.mp4,31.90,4,1,1,0,3,100.00%,25.00%,Sepi,Sepi,Benar,33.64
S5_QVGA,1.mp4,32.00,3,2,2,0,1,100.00%,66.67%,Sepi,Sepi,Benar,32.30
S5_QVGA,1.mp4,32.10,3,1,1,0,2,100.00%,33.33%,Sepi,Sepi,Benar,33.04
S5_QVGA,1.mp4,32.20,3,1,1,0,2,100.00%,33.33%,Sepi,Sepi,Benar,31.79
S5_QVGA,1.mp4,32.30,3,1,1,0,2,100.00%,33.33%,Sepi,Sepi,Benar,31.95
S5_QVGA,1.mp4,32.40,3,1,1,0,2,100.00%,33.33%,Sepi,Sepi,Benar,31.31
S5_QVGA,1.mp4,32.50,3,1,1,0,2,100.00%,33.33%,Sepi,Sepi,Benar,30.59
S5_QVGA,1.mp4,32.60,3,1,1,0,2,100.00%,33.33%,Sepi,Sepi,Benar,32.03
S5_QVGA,1.mp4,32.70,3,1,1,0,2,100.00%,33.33%,Sepi,Sepi,Benar,33.05
S5_QVGA,1.mp4,32.80,3,2,2,0,1,100.00%,66.67%,Sepi,Sepi,Benar,35.07
S5_QVGA,1.mp4,32.90,3,2,2,0,1,100.00%,66.67%,Sepi,Sepi,Benar,32.90
S5_QVGA,1.mp4,33.00,3,2,2,0,1,100.00%,66.67%,Sepi,Sepi,Benar,31.44
S5_QVGA,1.mp4,33.10,3,1,1,0,2,100.00%,33.33%,Sepi,Sepi,Benar,33.33
S5_QVGA,1.mp4,33.20,3,1,1,0,2,100.00%,33.33%,Sepi,Sepi,Benar,31.91
S5_QVGA,1.mp4,33.30,3,1,1,0,2,100.00%,33.33%,Sepi,Sepi,Benar,32.19
S5_QVGA,1.mp4,33.40,3,1,1,0,2,100.00%,33.33%,Sepi,Sepi,Benar,31.16
S5_QVGA,1.mp4,33.50,3,1,1,0,2,100.00%,33.33%,Sepi,Sepi,Benar,31.47
S5_QVGA,1.mp4,33.60,3,1,1,0,2,100.00%,33.33%,Sepi,Sepi,Benar,31.30
S5_QVGA,1.mp4,33.70,3,1,1,0,2,100.00%,33.33%,Sepi,Sepi,Benar,31.35
S5_QVGA,1.mp4,33.80,3,2,2,0,1,100.00%,66.67%,Sepi,Sepi,Benar,32.75
S5_QVGA,1.mp4,33.90,3,2,2,0,1,100.00%,66.67%,Sepi,Sepi,Benar,31.58
S5_QVGA,1.mp4,34.00,3,2,2,0,1,100.00%,66.67%,Sepi,Sepi,Benar,31.29
S5_QVGA,1.mp4,34.10,3,2,2,0,1,100.00%,66.67%,Sepi,Sepi,Benar,30.48
S5_QVGA,1.mp4,34.20,3,2,2,0,1,100.00%,66.67%,Sepi,Sepi,Benar,32.06
S5_QVGA,1.mp4,34.30,3,1,1,0,2,100.00%,33.33%,Sepi,Sepi,Benar,32.73
S5_QVGA,1.mp4,34.40,3,1,1,0,2,100.00%,33.33%,Sepi,Sepi,Benar,32.76
S5_QVGA,1.mp4,34.50,3,1,1,0,2,100.00%,33.33%,Sepi,Sepi,Benar,32.67
S5_QVGA,1.mp4,34.60,3,1,1,0,2,100.00%,33.33%,Sepi,Sepi,Benar,33.05
S5_QVGA,1.mp4,34.70,3,1,1,0,2,100.00%,33.33%,Sepi,Sepi,Benar,33.00
S5_QVGA,1.mp4,34.80,3,1,1,0,2,100.00%,33.33%,Sepi,Sepi,Benar,32.10
S5_QVGA,1.mp4,34.90,3,1,1,0,2,100.00%,33.33%,Sepi,Sepi,Benar,32.08
S5_QVGA,1.mp4,35.00,3,1,1,0,2,100.00%,33.33%,Sepi,Sepi,Benar,33.24
S5_QVGA,1.mp4,35.10,3,1,1,0,2,100.00%,33.33%,Sepi,Sepi,Benar,32.38
S5_QVGA,1.mp4,35.20,3,1,1,0,2,100.00%,33.33%,Sepi,Sepi,Benar,32.38
S5_QVGA,1.mp4,35.30,3,1,1,0,2,100.00%,33.33%,Sepi,Sepi,Benar,31.45
S5_QVGA,1.mp4,35.40,3,1,1,0,2,100.00%,33.33%,Sepi,Sepi,Benar,32.89
S5_QVGA,1.mp4,35.50,3,1,1,0,2,100.00%,33.33%,Sepi,Sepi,Benar,31.28
S5_QVGA,1.mp4,35.60,3,1,1,0,2,100.00%,33.33%,Sepi,Sepi,Benar,33.20
S5_QVGA,1.mp4,35.70,3,1,1,0,2,100.00%,33.33%,Sepi,Sepi,Benar,31.23
S5_QVGA,1.mp4,35.80,3,1,1,0,2,100.00%,33.33%,Sepi,Sepi,Benar,33.14
S5_QVGA,1.mp4,35.90,3,1,1,0,2,100.00%,33.33%,Sepi,Sepi,Benar,32.65
S5_QVGA,1.mp4,36.00,3,1,1,0,2,100.00%,33.33%,Sepi,Sepi,Benar,33.33
S5_QVGA,1.mp4,36.10,3,1,1,0,2,100.00%,33.33%,Sepi,Sepi,Benar,32.01
S5_QVGA,1.mp4,36.20,3,1,1,0,2,100.00%,33.33%,Sepi,Sepi,Benar,32.00
S5_QVGA,1.mp4,36.30,3,1,1,0,2,100.00%,33.33%,Sepi,Sepi,Benar,31.85
S5_QVGA,1.mp4,36.40,3,1,1,0,2,100.00%,33.33%,Sepi,Sepi,Benar,31.01
S5_QVGA,1.mp4,36.50,3,1,1,0,2,100.00%,33.33%,Sepi,Sepi,Benar,32.52
S5_QVGA,1.mp4,36.60,3,1,1,0,2,100.00%,33.33%,Sepi,Sepi,Benar,33.36
S5_QVGA,1.mp4,36.70,3,1,1,0,2,100.00%,33.33%,Sepi,Sepi,Benar,32.75
S5_QVGA,1.mp4,36.80,3,1,1,0,2,100.00%,33.33%,Sepi,Sepi,Benar,32.11
S5_QVGA,1.mp4,36.90,3,1,1,0,2,100.00%,33.33%,Sepi,Sepi,Benar,34.02
S5_QVGA,1.mp4,37.00,3,1,1,0,2,100.00%,33.33%,Sepi,Sepi,Benar,31.16
S5_QVGA,1.mp4,37.10,3,1,1,0,2,100.00%,33.33%,Sepi,Sepi,Benar,31.99
S5_QVGA,1.mp4,37.20,3,1,1,0,2,100.00%,33.33%,Sepi,Sepi,Benar,31.56
S5_QVGA,1.mp4,37.30,3,1,1,0,2,100.00%,33.33%,Sepi,Sepi,Benar,32.14
S5_QVGA,1.mp4,37.40,3,2,2,0,1,100.00%,66.67%,Sepi,Sepi,Benar,32.76
S5_QVGA,1.mp4,37.50,3,1,1,0,2,100.00%,33.33%,Sepi,Sepi,Benar,31.91
S5_QVGA,1.mp4,37.60,3,1,1,0,2,100.00%,33.33%,Sepi,Sepi,Benar,32.44
S5_QVGA,1.mp4,37.70,3,1,1,0,2,100.00%,33.33%,Sepi,Sepi,Benar,31.87
S5_QVGA,1.mp4,37.80,3,1,1,0,2,100.00%,33.33%,Sepi,Sepi,Benar,33.21
S5_QVGA,1.mp4,37.90,3,1,1,0,2,100.00%,33.33%,Sepi,Sepi,Benar,33.18
S5_QVGA,1.mp4,38.00,3,1,1,0,2,100.00%,33.33%,Sepi,Sepi,Benar,32.16
S5_QVGA,1.mp4,38.10,3,1,1,0,2,100.00%,33.33%,Sepi,Sepi,Benar,31.36
S5_QVGA,1.mp4,38.20,3,1,1,0,2,100.00%,33.33%,Sepi,Sepi,Benar,30.98
S5_QVGA,1.mp4,38.30,3,1,1,0,2,100.00%,33.33%,Sepi,Sepi,Benar,31.20
S5_QVGA,1.mp4,38.40,3,1,1,0,2,100.00%,33.33%,Sepi,Sepi,Benar,31.59
S5_QVGA,1.mp4,38.50,3,1,1,0,2,100.00%,33.33%,Sepi,Sepi,Benar,31.84
S5_QVGA,1.mp4,38.60,3,1,1,0,2,100.00%,33.33%,Sepi,Sepi,Benar,32.44
S5_QVGA,1.mp4,38.70,3,2,2,0,1,100.00%,66.67%,Sepi,Sepi,Benar,31.26
S5_QVGA,1.mp4,38.80,3,1,1,0,2,100.00%,33.33%,Sepi,Sepi,Benar,32.82
S5_QVGA,1.mp4,38.90,3,1,1,0,2,100.00%,33.33%,Sepi,Sepi,Benar,32.27
S5_QVGA,1.mp4,39.00,3,2,2,0,1,100.00%,66.67%,Sepi,Sepi,Benar,31.38
S5_QVGA,1.mp4,39.10,3,2,2,0,1,100.00%,66.67%,Sepi,Sepi,Benar,31.19
S5_QVGA,1.mp4,39.20,3,1,1,0,2,100.00%,33.33%,Sepi,Sepi,Benar,30.43
S5_QVGA,1.mp4,39.30,3,1,1,0,2,100.00%,33.33%,Sepi,Sepi,Benar,30.43
S5_QVGA,1.mp4,39.40,3,1,1,0,2,100.00%,33.33%,Sepi,Sepi,Benar,32.64
S5_QVGA,1.mp4,39.50,3,1,1,0,2,100.00%,33.33%,Sepi,Sepi,Benar,31.34
S5_QVGA,1.mp4,39.60,3,1,1,0,2,100.00%,33.33%,Sepi,Sepi,Benar,32.64
S5_QVGA,1.mp4,39.70,3,1,1,0,2,100.00%,33.33%,Sepi,Sepi,Benar,31.74
S5_QVGA,1.mp4,39.80,3,1,1,0,2,100.00%,33.33%,Sepi,Sepi,Benar,33.55
S5_QVGA,1.mp4,39.90,3,1,1,0,2,100.00%,33.33%,Sepi,Sepi,Benar,33.79
S5_QVGA,1.mp4,40.00,3,1,1,0,2,100.00%,33.33%,Sepi,Sepi,Benar,34.18
S5_QVGA,1.mp4,40.10,3,1,1,0,2,100.00%,33.33%,Sepi,Sepi,Benar,32.15
S5_QVGA,1.mp4,40.20,3,1,1,0,2,100.00%,33.33%,Sepi,Sepi,Benar,32.25
S5_QVGA,1.mp4,40.30,3,1,1,0,2,100.00%,33.33%,Sepi,Sepi,Benar,32.59
S5_QVGA,1.mp4,40.40,3,1,1,0,2,100.00%,33.33%,Sepi,Sepi,Benar,31.77
S5_QVGA,1.mp4,40.50,3,1,1,0,2,100.00%,33.33%,Sepi,Sepi,Benar,31.54
S5_QVGA,1.mp4,40.60,3,0,0,0,3,0.00%,0.00%,Sepi,Sepi,Benar,28.60
S5_QVGA,1.mp4,40.70,3,0,0,0,3,0.00%,0.00%,Sepi,Sepi,Benar,28.95
S5_QVGA,1.mp4,40.80,3,1,1,0,2,100.00%,33.33%,Sepi,Sepi,Benar,30.56
S5_QVGA,1.mp4,40.90,3,1,1,0,2,100.00%,33.33%,Sepi,Sepi,Benar,33.24
S5_QVGA,1.mp4,41.00,3,0,0,0,3,0.00%,0.00%,Sepi,Sepi,Benar,28.46
S5_QVGA,1.mp4,41.10,3,0,0,0,3,0.00%,0.00%,Sepi,Sepi,Benar,32.80
S5_QVGA,1.mp4,41.20,3,0,0,0,3,0.00%,0.00%,Sepi,Sepi,Benar,29.32
S5_QVGA,1.mp4,41.30,3,0,0,0,3,0.00%,0.00%,Sepi,Sepi,Benar,28.90
S5_QVGA,1.mp4,41.40,3,0,0,0,3,0.00%,0.00%,Sepi,Sepi,Benar,28.78
S5_QVGA,1.mp4,41.50,3,0,0,0,3,0.00%,0.00%,Sepi,Sepi,Benar,29.07
S5_QVGA,1.mp4,41.60,3,0,0,0,3,0.00%,0.00%,Sepi,Sepi,Benar,29.35
S5_QVGA,1.mp4,41.70,3,0,0,0,3,0.00%,0.00%,Sepi,Sepi,Benar,28.84
S5_QVGA,1.mp4,41.80,3,0,0,0,3,0.00%,0.00%,Sepi,Sepi,Benar,30.52
S5_QVGA,1.mp4,41.90,3,0,0,0,3,0.00%,0.00%,Sepi,Sepi,Benar,29.74
S5_QVGA,1.mp4,42.00,3,0,0,0,3,0.00%,0.00%,Sepi,Sepi,Benar,28.66
S5_QVGA,1.mp4,42.10,3,0,0,0,3,0.00%,0.00%,Sepi,Sepi,Benar,29.04
S5_QVGA,1.mp4,42.20,3,1,1,0,2,100.00%,33.33%,Sepi,Sepi,Benar,31.00
S5_QVGA,1.mp4,42.30,3,0,0,0,3,0.00%,0.00%,Sepi,Sepi,Benar,31.23
S5_QVGA,1.mp4,42.40,3,1,1,0,2,100.00%,33.33%,Sepi,Sepi,Benar,34.21
S5_QVGA,1.mp4,42.50,3,1,1,0,2,100.00%,33.33%,Sepi,Sepi,Benar,33.16
S5_QVGA,1.mp4,42.60,3,1,1,0,2,100.00%,33.33%,Sepi,Sepi,Benar,34.76
S5_QVGA,1.mp4,42.70,3,1,1,0,2,100.00%,33.33%,Sepi,Sepi,Benar,32.13
S5_QVGA,1.mp4,42.80,3,1,1,0,2,100.00%,33.33%,Sepi,Sepi,Benar,32.46
S5_QVGA,1.mp4,42.90,3,1,1,0,2,100.00%,33.33%,Sepi,Sepi,Benar,31.72
S5_QVGA,1.mp4,43.00,3,1,1,0,2,100.00%,33.33%,Sepi,Sepi,Benar,32.56
S5_QVGA,1.mp4,43.10,3,1,1,0,2,100.00%,33.33%,Sepi,Sepi,Benar,33.27
S5_QVGA,1.mp4,43.20,3,1,1,0,2,100.00%,33.33%,Sepi,Sepi,Benar,32.99
S5_QVGA,1.mp4,43.30,3,0,0,0,3,0.00%,0.00%,Sepi,Sepi,Benar,29.46
S5_QVGA,1.mp4,43.40,3,0,0,0,3,0.00%,0.00%,Sepi,Sepi,Benar,29.30
S5_QVGA,1.mp4,43.50,3,0,0,0,3,0.00%,0.00%,Sepi,Sepi,Benar,28.77
S5_QVGA,1.mp4,43.60,3,1,1,0,2,100.00%,33.33%,Sepi,Sepi,Benar,31.60
S5_QVGA,1.mp4,43.70,3,0,0,0,3,0.00%,0.00%,Sepi,Sepi,Benar,29.48
S5_QVGA,1.mp4,43.80,3,0,0,0,3,0.00%,0.00%,Sepi,Sepi,Benar,29.30
S5_QVGA,1.mp4,43.90,3,0,0,0,3,0.00%,0.00%,Sepi,Sepi,Benar,29.85
S5_QVGA,1.mp4,44.00,3,0,0,0,3,0.00%,0.00%,Sepi,Sepi,Benar,28.55
S5_QVGA,1.mp4,44.10,3,0,0,0,3,0.00%,0.00%,Sepi,Sepi,Benar,28.11
S5_QVGA,1.mp4,44.20,3,0,0,0,3,0.00%,0.00%,Sepi,Sepi,Benar,28.55
S5_QVGA,1.mp4,44.30,3,0,0,0,3,0.00%,0.00%,Sepi,Sepi,Benar,29.36
S5_QVGA,1.mp4,44.40,3,0,0,0,3,0.00%,0.00%,Sepi,Sepi,Benar,28.76
S5_QVGA,1.mp4,44.50,3,0,0,0,3,0.00%,0.00%,Sepi,Sepi,Benar,28.35
S5_QVGA,1.mp4,44.60,3,0,0,0,3,0.00%,0.00%,Sepi,Sepi,Benar,29.21
S5_QVGA,1.mp4,44.70,3,0,0,0,3,0.00%,0.00%,Sepi,Sepi,Benar,28.41
S5_QVGA,1.mp4,44.80,3,1,1,0,2,100.00%,33.33%,Sepi,Sepi,Benar,32.09
S5_QVGA,1.mp4,44.90,3,0,0,0,3,0.00%,0.00%,Sepi,Sepi,Benar,29.15
S5_QVGA,1.mp4,45.00,3,0,0,0,3,0.00%,0.00%,Sepi,Sepi,Benar,28.69
S5_QVGA,1.mp4,45.10,3,0,0,0,3,0.00%,0.00%,Sepi,Sepi,Benar,29.51
S5_QVGA,1.mp4,45.20,3,0,0,0,3,0.00%,0.00%,Sepi,Sepi,Benar,28.70
S5_QVGA,1.mp4,45.30,3,0,0,0,3,0.00%,0.00%,Sepi,Sepi,Benar,29.21
S5_QVGA,1.mp4,45.40,3,1,1,0,2,100.00%,33.33%,Sepi,Sepi,Benar,30.80
S5_QVGA,1.mp4,45.50,3,0,0,0,3,0.00%,0.00%,Sepi,Sepi,Benar,28.37
S5_QVGA,1.mp4,45.60,3,0,0,0,3,0.00%,0.00%,Sepi,Sepi,Benar,29.19
S5_QVGA,1.mp4,45.70,3,0,0,0,3,0.00%,0.00%,Sepi,Sepi,Benar,29.18
S5_QVGA,1.mp4,45.80,3,0,0,0,3,0.00%,0.00%,Sepi,Sepi,Benar,29.84
S5_QVGA,1.mp4,45.90,3,0,0,0,3,0.00%,0.00%,Sepi,Sepi,Benar,30.18
S5_QVGA,1.mp4,46.00,3,0,0,0,3,0.00%,0.00%,Sepi,Sepi,Benar,29.42
S5_QVGA,1.mp4,46.10,3,0,0,0,3,0.00%,0.00%,Sepi,Sepi,Benar,28.21
S5_QVGA,1.mp4,46.20,3,0,0,0,3,0.00%,0.00%,Sepi,Sepi,Benar,30.20
S5_QVGA,1.mp4,46.30,3,0,0,0,3,0.00%,0.00%,Sepi,Sepi,Benar,30.89
S5_QVGA,1.mp4,46.40,3,0,0,0,3,0.00%,0.00%,Sepi,Sepi,Benar,29.90
S5_QVGA,1.mp4,46.50,3,0,0,0,3,0.00%,0.00%,Sepi,Sepi,Benar,28.97
S5_QVGA,1.mp4,46.60,3,0,0,0,3,0.00%,0.00%,Sepi,Sepi,Benar,29.69
S5_QVGA,1.mp4,46.70,3,1,1,0,2,100.00%,33.33%,Sepi,Sepi,Benar,31.87
S5_QVGA,1.mp4,46.80,3,1,1,0,2,100.00%,33.33%,Sepi,Sepi,Benar,32.44
S5_QVGA,1.mp4,46.90,3,1,1,0,2,100.00%,33.33%,Sepi,Sepi,Benar,33.30
S5_QVGA,1.mp4,47.00,3,0,0,0,3,0.00%,0.00%,Sepi,Sepi,Benar,28.82
S5_QVGA,1.mp4,47.10,3,0,0,0,3,0.00%,0.00%,Sepi,Sepi,Benar,30.55
S5_QVGA,1.mp4,47.20,3,0,0,0,3,0.00%,0.00%,Sepi,Sepi,Benar,29.60
S5_QVGA,1.mp4,47.30,3,1,1,0,2,100.00%,33.33%,Sepi,Sepi,Benar,32.91
S5_QVGA,1.mp4,47.40,3,0,0,0,3,0.00%,0.00%,Sepi,Sepi,Benar,30.26
S5_QVGA,1.mp4,47.50,3,0,0,0,3,0.00%,0.00%,Sepi,Sepi,Benar,29.43
S5_QVGA,1.mp4,47.60,3,0,0,0,3,0.00%,0.00%,Sepi,Sepi,Benar,28.89
S5_QVGA,1.mp4,47.70,3,0,0,0,3,0.00%,0.00%,Sepi,Sepi,Benar,29.45
S5_QVGA,1.mp4,47.80,3,1,1,0,2,100.00%,33.33%,Sepi,Sepi,Benar,33.23
S5_QVGA,1.mp4,47.90,3,1,1,0,2,100.00%,33.33%,Sepi,Sepi,Benar,34.31
S5_QVGA,1.mp4,48.00,3,0,0,0,3,0.00%,0.00%,Sepi,Sepi,Benar,29.06
S5_QVGA,1.mp4,48.10,3,0,0,0,3,0.00%,0.00%,Sepi,Sepi,Benar,28.99
S5_QVGA,1.mp4,48.20,3,0,0,0,3,0.00%,0.00%,Sepi,Sepi,Benar,29.19
S5_QVGA,1.mp4,48.30,3,0,0,0,3,0.00%,0.00%,Sepi,Sepi,Benar,28.96
S5_QVGA,1.mp4,48.40,3,0,0,0,3,0.00%,0.00%,Sepi,Sepi,Benar,28.71
S5_QVGA,1.mp4,48.50,3,0,0,0,3,0.00%,0.00%,Sepi,Sepi,Benar,29.02
S5_QVGA,1.mp4,48.60,3,0,0,0,3,0.00%,0.00%,Sepi,Sepi,Benar,28.55
S5_QVGA,1.mp4,48.70,3,0,0,0,3,0.00%,0.00%,Sepi,Sepi,Benar,29.44
S5_QVGA,1.mp4,48.80,3,0,0,0,3,0.00%,0.00%,Sepi,Sepi,Benar,28.50
S5_QVGA,1.mp4,48.90,3,0,0,0,3,0.00%,0.00%,Sepi,Sepi,Benar,29.23
S5_QVGA,1.mp4,49.00,3,0,0,0,3,0.00%,0.00%,Sepi,Sepi,Benar,28.36
S5_QVGA,1.mp4,49.10,3,0,0,0,3,0.00%,0.00%,Sepi,Sepi,Benar,29.04
S5_QVGA,1.mp4,49.20,3,0,0,0,3,0.00%,0.00%,Sepi,Sepi,Benar,32.12
S5_QVGA,1.mp4,49.30,3,0,0,0,3,0.00%,0.00%,Sepi,Sepi,Benar,29.61
S5_QVGA,1.mp4,49.40,3,0,0,0,3,0.00%,0.00%,Sepi,Sepi,Benar,29.28
S5_QVGA,1.mp4,49.50,3,0,0,0,3,0.00%,0.00%,Sepi,Sepi,Benar,30.63
S5_QVGA,1.mp4,49.60,3,0,0,0,3,0.00%,0.00%,Sepi,Sepi,Benar,29.90
S5_QVGA,1.mp4,49.70,3,0,0,0,3,0.00%,0.00%,Sepi,Sepi,Benar,28.26
S5_QVGA,1.mp4,49.80,3,0,0,0,3,0.00%,0.00%,Sepi,Sepi,Benar,29.53
S5_QVGA,1.mp4,49.90,3,0,0,0,3,0.00%,0.00%,Sepi,Sepi,Benar,29.45
S5_QVGA,1.mp4,50.00,3,0,0,0,3,0.00%,0.00%,Sepi,Sepi,Benar,29.30
S5_QVGA,1.mp4,50.10,3,0,0,0,3,0.00%,0.00%,Sepi,Sepi,Benar,29.24
S5_QVGA,1.mp4,50.20,3,0,0,0,3,0.00%,0.00%,Sepi,Sepi,Benar,29.28
S5_QVGA,1.mp4,50.30,3,0,0,0,3,0.00%,0.00%,Sepi,Sepi,Benar,29.23
S5_QVGA,1.mp4,50.40,3,0,0,0,3,0.00%,0.00%,Sepi,Sepi,Benar,29.54
S5_QVGA,1.mp4,50.50,3,0,0,0,3,0.00%,0.00%,Sepi,Sepi,Benar,29.21
S5_QVGA,1.mp4,50.60,3,0,0,0,3,0.00%,0.00%,Sepi,Sepi,Benar,30.24
S5_QVGA,1.mp4,50.70,3,0,0,0,3,0.00%,0.00%,Sepi,Sepi,Benar,29.20
S5_QVGA,1.mp4,50.80,3,0,0,0,3,0.00%,0.00%,Sepi,Sepi,Benar,31.27
S5_QVGA,1.mp4,50.90,3,0,0,0,3,0.00%,0.00%,Sepi,Sepi,Benar,29.04
S5_QVGA,1.mp4,51.00,3,0,0,0,3,0.00%,0.00%,Sepi,Sepi,Benar,29.18
S5_QVGA,1.mp4,51.10,3,0,0,0,3,0.00%,0.00%,Sepi,Sepi,Benar,29.21
S5_QVGA,1.mp4,51.20,3,0,0,0,3,0.00%,0.00%,Sepi,Sepi,Benar,29.53
S5_QVGA,1.mp4,51.30,3,0,0,0,3,0.00%,0.00%,Sepi,Sepi,Benar,29.93
S5_QVGA,1.mp4,51.40,3,0,0,0,3,0.00%,0.00%,Sepi,Sepi,Benar,29.05
S5_QVGA,1.mp4,51.50,3,0,0,0,3,0.00%,0.00%,Sepi,Sepi,Benar,28.87
S5_QVGA,1.mp4,51.60,3,0,0,0,3,0.00%,0.00%,Sepi,Sepi,Benar,28.80
S5_QVGA,1.mp4,51.70,3,0,0,0,3,0.00%,0.00%,Sepi,Sepi,Benar,28.66
S5_QVGA,1.mp4,51.80,3,0,0,0,3,0.00%,0.00%,Sepi,Sepi,Benar,28.93
S5_QVGA,1.mp4,51.90,3,0,0,0,3,0.00%,0.00%,Sepi,Sepi,Benar,29.50
S5_QVGA,1.mp4,52.00,3,0,0,0,3,0.00%,0.00%,Sepi,Sepi,Benar,29.10
S5_QVGA,1.mp4,52.10,3,0,0,0,3,0.00%,0.00%,Sepi,Sepi,Benar,28.51
S5_QVGA,1.mp4,52.20,3,0,0,0,3,0.00%,0.00%,Sepi,Sepi,Benar,28.65
S5_QVGA,1.mp4,52.30,3,0,0,0,3,0.00%,0.00%,Sepi,Sepi,Benar,28.12
S5_QVGA,1.mp4,52.40,3,0,0,0,3,0.00%,0.00%,Sepi,Sepi,Benar,28.88
S5_QVGA,1.mp4,52.50,3,0,0,0,3,0.00%,0.00%,Sepi,Sepi,Benar,29.81
S5_QVGA,1.mp4,52.60,3,0,0,0,3,0.00%,0.00%,Sepi,Sepi,Benar,29.39
S5_QVGA,1.mp4,52.70,3,0,0,0,3,0.00%,0.00%,Sepi,Sepi,Benar,29.38
S5_QVGA,1.mp4,52.80,3,1,1,0,2,100.00%,33.33%,Sepi,Sepi,Benar,31.67
S5_QVGA,1.mp4,52.90,3,0,0,0,3,0.00%,0.00%,Sepi,Sepi,Benar,29.98
S5_QVGA,1.mp4,53.00,3,0,0,0,3,0.00%,0.00%,Sepi,Sepi,Benar,28.97
S5_QVGA,1.mp4,53.10,3,0,0,0,3,0.00%,0.00%,Sepi,Sepi,Benar,29.42
S5_QVGA,1.mp4,53.20,3,0,0,0,3,0.00%,0.00%,Sepi,Sepi,Benar,29.20
S5_QVGA,1.mp4,53.30,3,0,0,0,3,0.00%,0.00%,Sepi,Sepi,Benar,31.08
S5_QVGA,1.mp4,53.40,3,0,0,0,3,0.00%,0.00%,Sepi,Sepi,Benar,28.64
S5_QVGA,1.mp4,53.50,3,0,0,0,3,0.00%,0.00%,Sepi,Sepi,Benar,28.85
S5_QVGA,1.mp4,53.60,3,0,0,0,3,0.00%,0.00%,Sepi,Sepi,Benar,31.78
S5_QVGA,1.mp4,53.70,3,0,0,0,3,0.00%,0.00%,Sepi,Sepi,Benar,31.75
S5_QVGA,1.mp4,53.80,3,0,0,0,3,0.00%,0.00%,Sepi,Sepi,Benar,31.18
S5_QVGA,1.mp4,53.90,3,0,0,0,3,0.00%,0.00%,Sepi,Sepi,Benar,32.45
S5_QVGA,1.mp4,54.00,3,1,1,0,2,100.00%,33.33%,Sepi,Sepi,Benar,32.52
S5_QVGA,1.mp4,54.10,3,0,0,0,3,0.00%,0.00%,Sepi,Sepi,Benar,28.16
S5_QVGA,1.mp4,54.20,3,1,1,0,2,100.00%,33.33%,Sepi,Sepi,Benar,32.24
S5_QVGA,1.mp4,54.30,3,1,1,0,2,100.00%,33.33%,Sepi,Sepi,Benar,30.33
S5_QVGA,1.mp4,54.40,3,0,0,0,3,0.00%,0.00%,Sepi,Sepi,Benar,30.14
S5_QVGA,1.mp4,54.50,3,1,1,0,2,100.00%,33.33%,Sepi,Sepi,Benar,33.43
S5_QVGA,1.mp4,54.60,3,1,1,0,2,100.00%,33.33%,Sepi,Sepi,Benar,32.89
S5_QVGA,1.mp4,54.70,3,1,1,0,2,100.00%,33.33%,Sepi,Sepi,Benar,31.72
S5_QVGA,1.mp4,54.80,3,1,1,0,2,100.00%,33.33%,Sepi,Sepi,Benar,32.49
S5_QVGA,1.mp4,54.90,3,0,0,0,3,0.00%,0.00%,Sepi,Sepi,Benar,29.64
S5_QVGA,1.mp4,55.00,3,1,1,0,2,100.00%,33.33%,Sepi,Sepi,Benar,34.62
S5_QVGA,1.mp4,55.10,3,1,1,0,2,100.00%,33.33%,Sepi,Sepi,Benar,31.51
S5_QVGA,1.mp4,55.20,3,1,1,0,2,100.00%,33.33%,Sepi,Sepi,Benar,30.69
S5_QVGA,1.mp4,55.30,3,1,1,0,2,100.00%,33.33%,Sepi,Sepi,Benar,30.38
S5_QVGA,1.mp4,55.40,3,0,0,0,3,0.00%,0.00%,Sepi,Sepi,Benar,29.38
S5_QVGA,1.mp4,55.50,3,1,1,0,2,100.00%,33.33%,Sepi,Sepi,Benar,30.70
S5_QVGA,1.mp4,55.60,3,1,1,0,2,100.00%,33.33%,Sepi,Sepi,Benar,31.70
S5_QVGA,1.mp4,55.70,3,1,1,0,2,100.00%,33.33%,Sepi,Sepi,Benar,32.54
S5_QVGA,1.mp4,55.80,3,0,0,0,3,0.00%,0.00%,Sepi,Sepi,Benar,29.31
S5_QVGA,1.mp4,55.90,3,0,0,0,3,0.00%,0.00%,Sepi,Sepi,Benar,30.03
S5_QVGA,1.mp4,56.00,3,0,0,0,3,0.00%,0.00%,Sepi,Sepi,Benar,28.72
S5_QVGA,1.mp4,56.10,3,0,0,0,3,0.00%,0.00%,Sepi,Sepi,Benar,28.51
S5_QVGA,1.mp4,56.20,3,0,0,0,3,0.00%,0.00%,Sepi,Sepi,Benar,29.39
S5_QVGA,1.mp4,56.30,3,0,0,0,3,0.00%,0.00%,Sepi,Sepi,Benar,29.60
S5_QVGA,1.mp4,56.40,3,0,0,0,3,0.00%,0.00%,Sepi,Sepi,Benar,28.73
S5_QVGA,1.mp4,56.50,3,0,0,0,3,0.00%,0.00%,Sepi,Sepi,Benar,29.01
S5_QVGA,1.mp4,56.60,3,0,0,0,3,0.00%,0.00%,Sepi,Sepi,Benar,28.40
S5_QVGA,1.mp4,56.70,3,0,0,0,3,0.00%,0.00%,Sepi,Sepi,Benar,28.23
S5_QVGA,1.mp4,56.80,3,0,0,0,3,0.00%,0.00%,Sepi,Sepi,Benar,29.22
S5_QVGA,1.mp4,56.90,3,0,0,0,3,0.00%,0.00%,Sepi,Sepi,Benar,30.28
S5_QVGA,1.mp4,57.00,3,0,0,0,3,0.00%,0.00%,Sepi,Sepi,Benar,28.74
S5_QVGA,1.mp4,57.10,3,0,0,0,3,0.00%,0.00%,Sepi,Sepi,Benar,29.82
S5_QVGA,1.mp4,57.20,3,0,0,0,3,0.00%,0.00%,Sepi,Sepi,Benar,29.39
S5_QVGA,1.mp4,57.30,3,1,1,0,2,100.00%,33.33%,Sepi,Sepi,Benar,30.85
S5_QVGA,1.mp4,57.40,3,1,1,0,2,100.00%,33.33%,Sepi,Sepi,Benar,31.15
S5_QVGA,1.mp4,57.50,3,1,1,0,2,100.00%,33.33%,Sepi,Sepi,Benar,32.22
S5_QVGA,1.mp4,57.60,3,1,1,0,2,100.00%,33.33%,Sepi,Sepi,Benar,31.01
S5_QVGA,1.mp4,57.70,3,1,1,0,2,100.00%,33.33%,Sepi,Sepi,Benar,31.54
S5_QVGA,1.mp4,57.80,3,1,1,0,2,100.00%,33.33%,Sepi,Sepi,Benar,32.79
S5_QVGA,1.mp4,57.90,3,1,1,0,2,100.00%,33.33%,Sepi,Sepi,Benar,33.01
S5_QVGA,1.mp4,58.00,3,1,1,0,2,100.00%,33.33%,Sepi,Sepi,Benar,30.87
S5_QVGA,1.mp4,58.10,3,2,2,0,1,100.00%,66.67%,Sepi,Sepi,Benar,32.20
S5_QVGA,1.mp4,58.20,3,1,1,0,2,100.00%,33.33%,Sepi,Sepi,Benar,30.83
S5_QVGA,1.mp4,58.30,3,1,1,0,2,100.00%,33.33%,Sepi,Sepi,Benar,30.88
S5_QVGA,1.mp4,58.40,3,1,1,0,2,100.00%,33.33%,Sepi,Sepi,Benar,31.72
S5_QVGA,1.mp4,58.50,3,1,1,0,2,100.00%,33.33%,Sepi,Sepi,Benar,33.66
S5_QVGA,1.mp4,58.60,3,1,1,0,2,100.00%,33.33%,Sepi,Sepi,Benar,33.50
S5_QVGA,1.mp4,58.70,3,1,1,0,2,100.00%,33.33%,Sepi,Sepi,Benar,33.13
S5_QVGA,1.mp4,58.80,3,1,1,0,2,100.00%,33.33%,Sepi,Sepi,Benar,32.31
S5_QVGA,1.mp4,58.90,3,0,0,0,3,0.00%,0.00%,Sepi,Sepi,Benar,30.00
S5_QVGA,1.mp4,59.00,3,0,0,0,3,0.00%,0.00%,Sepi,Sepi,Benar,28.12
S5_QVGA,1.mp4,59.10,3,0,0,0,3,0.00%,0.00%,Sepi,Sepi,Benar,28.59
S5_QVGA,1.mp4,59.20,3,0,0,0,3,0.00%,0.00%,Sepi,Sepi,Benar,28.74
S5_QVGA,1.mp4,59.30,3,1,1,0,2,100.00%,33.33%,Sepi,Sepi,Benar,31.97
S5_QVGA,1.mp4,59.40,3,0,0,0,3,0.00%,0.00%,Sepi,Sepi,Benar,29.62
S5_QVGA,1.mp4,59.50,3,1,1,0,2,100.00%,33.33%,Sepi,Sepi,Benar,31.49
S5_QVGA,1.mp4,59.60,3,1,1,0,2,100.00%,33.33%,Sepi,Sepi,Benar,31.14
S5_QVGA,2.mp4,0.00,12,1,1,0,11,100.00%,8.33%,Ramai,Sepi,Salah,31.94
S5_QVGA,2.mp4,0.10,12,0,0,0,12,0.00%,0.00%,Ramai,Sepi,Salah,30.41
S5_QVGA,2.mp4,0.20,12,0,0,0,12,0.00%,0.00%,Ramai,Sepi,Salah,30.48
S5_QVGA,2.mp4,0.30,12,0,0,0,12,0.00%,0.00%,Ramai,Sepi,Salah,29.05
S5_QVGA,2.mp4,0.40,12,0,0,0,12,0.00%,0.00%,Ramai,Sepi,Salah,29.83
S5_QVGA,2.mp4,0.50,12,0,0,0,12,0.00%,0.00%,Ramai,Sepi,Salah,28.80
S5_QVGA,2.mp4,0.60,12,0,0,0,12,0.00%,0.00%,Ramai,Sepi,Salah,30.28
S5_QVGA,2.mp4,0.70,12,1,1,0,11,100.00%,8.33%,Ramai,Sepi,Salah,33.29
S5_QVGA,2.mp4,0.80,12,0,0,0,12,0.00%,0.00%,Ramai,Sepi,Salah,31.76
S5_QVGA,2.mp4,0.90,12,0,0,0,12,0.00%,0.00%,Ramai,Sepi,Salah,31.10
S5_QVGA,2.mp4,1.00,12,0,0,0,12,0.00%,0.00%,Ramai,Sepi,Salah,29.21
S5_QVGA,2.mp4,1.10,12,0,0,0,12,0.00%,0.00%,Ramai,Sepi,Salah,28.94
S5_QVGA,2.mp4,1.20,12,0,0,0,12,0.00%,0.00%,Ramai,Sepi,Salah,31.13
S5_QVGA,2.mp4,1.30,12,0,0,0,12,0.00%,0.00%,Ramai,Sepi,Salah,30.25
S5_QVGA,2.mp4,1.40,12,0,0,0,12,0.00%,0.00%,Ramai,Sepi,Salah,28.87
S5_QVGA,2.mp4,1.50,12,0,0,0,12,0.00%,0.00%,Ramai,Sepi,Salah,28.92
S5_QVGA,2.mp4,1.60,12,1,1,0,11,100.00%,8.33%,Ramai,Sepi,Salah,31.50
S5_QVGA,2.mp4,1.70,12,0,0,0,12,0.00%,0.00%,Ramai,Sepi,Salah,29.84
S5_QVGA,2.mp4,1.80,12,0,0,0,12,0.00%,0.00%,Ramai,Sepi,Salah,29.76
S5_QVGA,2.mp4,1.90,12,0,0,0,12,0.00%,0.00%,Ramai,Sepi,Salah,28.66
S5_QVGA,2.mp4,2.00,12,0,0,0,12,0.00%,0.00%,Ramai,Sepi,Salah,28.88
S5_QVGA,2.mp4,2.10,12,1,1,0,11,100.00%,8.33%,Ramai,Sepi,Salah,32.62
S5_QVGA,2.mp4,2.20,12,1,1,0,11,100.00%,8.33%,Ramai,Sepi,Salah,31.92
S5_QVGA,2.mp4,2.30,12,1,1,0,11,100.00%,8.33%,Ramai,Sepi,Salah,33.62
S5_QVGA,2.mp4,2.40,12,0,0,0,12,0.00%,0.00%,Ramai,Sepi,Salah,29.10
S5_QVGA,2.mp4,2.50,12,1,1,0,11,100.00%,8.33%,Ramai,Sepi,Salah,36.11
S5_QVGA,2.mp4,2.60,12,1,1,0,11,100.00%,8.33%,Ramai,Sepi,Salah,32.86
S5_QVGA,2.mp4,2.70,12,0,0,0,12,0.00%,0.00%,Ramai,Sepi,Salah,29.76
S5_QVGA,2.mp4,2.80,12,1,1,0,11,100.00%,8.33%,Ramai,Sepi,Salah,32.80
S5_QVGA,2.mp4,2.90,12,0,0,0,12,0.00%,0.00%,Ramai,Sepi,Salah,29.14
S5_QVGA,2.mp4,3.00,12,2,2,0,10,100.00%,16.67%,Ramai,Sepi,Salah,32.28
S5_QVGA,2.mp4,3.10,12,2,2,0,10,100.00%,16.67%,Ramai,Sepi,Salah,31.83
S5_QVGA,2.mp4,3.20,12,2,2,0,10,100.00%,16.67%,Ramai,Sepi,Salah,32.68
S5_QVGA,2.mp4,3.30,12,3,3,0,9,100.00%,25.00%,Ramai,Sepi,Salah,33.43
S5_QVGA,2.mp4,3.40,12,1,1,0,11,100.00%,8.33%,Ramai,Sepi,Salah,32.27
S5_QVGA,2.mp4,3.50,12,2,2,0,10,100.00%,16.67%,Ramai,Sepi,Salah,31.90
S5_QVGA,2.mp4,3.60,12,1,1,0,11,100.00%,8.33%,Ramai,Sepi,Salah,31.98
S5_QVGA,2.mp4,3.70,12,2,2,0,10,100.00%,16.67%,Ramai,Sepi,Salah,32.57
S5_QVGA,2.mp4,3.80,12,2,2,0,10,100.00%,16.67%,Ramai,Sepi,Salah,34.52
S5_QVGA,2.mp4,3.90,12,2,2,0,10,100.00%,16.67%,Ramai,Sepi,Salah,31.96
S5_QVGA,2.mp4,4.00,12,2,2,0,10,100.00%,16.67%,Ramai,Sepi,Salah,31.53
S5_QVGA,2.mp4,4.10,12,2,2,0,10,100.00%,16.67%,Ramai,Sepi,Salah,33.17
S5_QVGA,2.mp4,4.20,12,0,0,0,12,0.00%,0.00%,Ramai,Sepi,Salah,30.13
S5_QVGA,2.mp4,4.30,12,0,0,0,12,0.00%,0.00%,Ramai,Sepi,Salah,29.35
S5_QVGA,2.mp4,4.40,12,1,1,0,11,100.00%,8.33%,Ramai,Sepi,Salah,32.48
S5_QVGA,2.mp4,4.50,12,1,1,0,11,100.00%,8.33%,Ramai,Sepi,Salah,31.83
S5_QVGA,2.mp4,4.60,12,0,0,0,12,0.00%,0.00%,Ramai,Sepi,Salah,29.31
S5_QVGA,2.mp4,4.70,12,0,0,0,12,0.00%,0.00%,Ramai,Sepi,Salah,29.40
S5_QVGA,2.mp4,4.80,12,0,0,0,12,0.00%,0.00%,Ramai,Sepi,Salah,29.77
S5_QVGA,2.mp4,4.90,12,0,0,0,12,0.00%,0.00%,Ramai,Sepi,Salah,29.95
S5_QVGA,2.mp4,5.00,12,2,2,0,10,100.00%,16.67%,Ramai,Sepi,Salah,31.31
S5_QVGA,2.mp4,5.10,14,1,1,0,13,100.00%,7.14%,Ramai,Sepi,Salah,31.15
S5_QVGA,2.mp4,5.20,14,1,1,0,13,100.00%,7.14%,Ramai,Sepi,Salah,31.93
S5_QVGA,2.mp4,5.30,14,2,2,0,12,100.00%,14.29%,Ramai,Sepi,Salah,32.16
S5_QVGA,2.mp4,5.40,14,0,0,0,14,0.00%,0.00%,Ramai,Sepi,Salah,30.46
S5_QVGA,2.mp4,5.50,14,2,2,0,12,100.00%,14.29%,Ramai,Sepi,Salah,33.60
S5_QVGA,2.mp4,5.60,14,1,1,0,13,100.00%,7.14%,Ramai,Sepi,Salah,33.17
S5_QVGA,2.mp4,5.70,14,0,0,0,14,0.00%,0.00%,Ramai,Sepi,Salah,28.79
S5_QVGA,2.mp4,5.80,14,0,0,0,14,0.00%,0.00%,Ramai,Sepi,Salah,31.78
S5_QVGA,2.mp4,5.90,14,1,1,0,13,100.00%,7.14%,Ramai,Sepi,Salah,32.11
S5_QVGA,2.mp4,6.00,14,0,0,0,14,0.00%,0.00%,Ramai,Sepi,Salah,31.67
S5_QVGA,2.mp4,6.10,14,0,0,0,14,0.00%,0.00%,Ramai,Sepi,Salah,30.65
S5_QVGA,2.mp4,6.20,14,0,0,0,14,0.00%,0.00%,Ramai,Sepi,Salah,29.11
S5_QVGA,2.mp4,6.30,14,0,0,0,14,0.00%,0.00%,Ramai,Sepi,Salah,28.81
S5_QVGA,2.mp4,6.40,14,0,0,0,14,0.00%,0.00%,Ramai,Sepi,Salah,29.82
S5_QVGA,2.mp4,6.50,14,0,0,0,14,0.00%,0.00%,Ramai,Sepi,Salah,30.12
S5_QVGA,2.mp4,6.60,14,1,1,0,13,100.00%,7.14%,Ramai,Sepi,Salah,32.17
S5_QVGA,2.mp4,6.70,14,1,1,0,13,100.00%,7.14%,Ramai,Sepi,Salah,32.33
S5_QVGA,2.mp4,6.80,14,1,1,0,13,100.00%,7.14%,Ramai,Sepi,Salah,31.49
S5_QVGA,2.mp4,6.90,14,1,1,0,13,100.00%,7.14%,Ramai,Sepi,Salah,32.27
S5_QVGA,2.mp4,7.00,14,1,1,0,13,100.00%,7.14%,Ramai,Sepi,Salah,31.50
S5_QVGA,2.mp4,7.10,14,1,1,0,13,100.00%,7.14%,Ramai,Sepi,Salah,31.95
S5_QVGA,2.mp4,7.20,14,1,1,0,13,100.00%,7.14%,Ramai,Sepi,Salah,32.65
S5_QVGA,2.mp4,7.30,14,1,1,0,13,100.00%,7.14%,Ramai,Sepi,Salah,32.92
S5_QVGA,2.mp4,7.40,14,2,2,0,12,100.00%,14.29%,Ramai,Sepi,Salah,31.60
S5_QVGA,2.mp4,7.50,14,4,4,0,10,100.00%,28.57%,Ramai,Sepi,Salah,34.19
S5_QVGA,2.mp4,7.60,14,3,3,0,11,100.00%,21.43%,Ramai,Sepi,Salah,33.42
S5_QVGA,2.mp4,7.70,14,3,3,0,11,100.00%,21.43%,Ramai,Sepi,Salah,32.43
S5_QVGA,2.mp4,7.80,14,3,3,0,11,100.00%,21.43%,Ramai,Sepi,Salah,33.40
S5_QVGA,2.mp4,7.90,14,0,0,0,14,0.00%,0.00%,Ramai,Sepi,Salah,29.82
S5_QVGA,2.mp4,8.00,14,2,2,0,12,100.00%,14.29%,Ramai,Sepi,Salah,33.67
S5_QVGA,2.mp4,8.10,14,1,1,0,13,100.00%,7.14%,Ramai,Sepi,Salah,32.87
S5_QVGA,2.mp4,8.20,14,1,1,0,13,100.00%,7.14%,Ramai,Sepi,Salah,32.55
S5_QVGA,2.mp4,8.30,14,2,2,0,12,100.00%,14.29%,Ramai,Sepi,Salah,31.26
S5_QVGA,2.mp4,8.40,14,2,2,0,12,100.00%,14.29%,Ramai,Sepi,Salah,32.43
S5_QVGA,2.mp4,8.50,14,2,2,0,12,100.00%,14.29%,Ramai,Sepi,Salah,33.56
S5_QVGA,2.mp4,8.60,14,2,2,0,12,100.00%,14.29%,Ramai,Sepi,Salah,33.11
S5_QVGA,2.mp4,8.70,14,2,2,0,12,100.00%,14.29%,Ramai,Sepi,Salah,32.49
S5_QVGA,2.mp4,8.80,14,2,2,0,12,100.00%,14.29%,Ramai,Sepi,Salah,32.88
S5_QVGA,2.mp4,8.90,14,0,0,0,14,0.00%,0.00%,Ramai,Sepi,Salah,29.20
S5_QVGA,2.mp4,9.00,14,1,1,0,13,100.00%,7.14%,Ramai,Sepi,Salah,31.33
S5_QVGA,2.mp4,9.10,14,1,1,0,13,100.00%,7.14%,Ramai,Sepi,Salah,31.90
S5_QVGA,2.mp4,9.20,14,2,2,0,12,100.00%,14.29%,Ramai,Sepi,Salah,32.09
S5_QVGA,2.mp4,9.30,14,1,1,0,13,100.00%,7.14%,Ramai,Sepi,Salah,31.95
S5_QVGA,2.mp4,9.40,14,2,2,0,12,100.00%,14.29%,Ramai,Sepi,Salah,32.63
S5_QVGA,2.mp4,9.50,14,2,2,0,12,100.00%,14.29%,Ramai,Sepi,Salah,32.28
S5_QVGA,2.mp4,9.60,14,1,1,0,13,100.00%,7.14%,Ramai,Sepi,Salah,31.94
S5_QVGA,2.mp4,9.70,14,3,3,0,11,100.00%,21.43%,Ramai,Sepi,Salah,32.37
S5_QVGA,2.mp4,9.80,14,3,3,0,11,100.00%,21.43%,Ramai,Sepi,Salah,33.37
S5_QVGA,2.mp4,9.90,14,2,2,0,12,100.00%,14.29%,Ramai,Sepi,Salah,31.79
S5_QVGA,2.mp4,10.00,14,3,3,0,11,100.00%,21.43%,Ramai,Sepi,Salah,34.53
S5_QVGA,2.mp4,10.10,14,1,1,0,13,100.00%,7.14%,Ramai,Sepi,Salah,32.35
S5_QVGA,2.mp4,10.20,14,2,2,0,12,100.00%,14.29%,Ramai,Sepi,Salah,32.54
S5_QVGA,2.mp4,10.30,14,2,2,0,12,100.00%,14.29%,Ramai,Sepi,Salah,33.15
S5_QVGA,2.mp4,10.40,14,0,0,0,14,0.00%,0.00%,Ramai,Sepi,Salah,29.86
S5_QVGA,2.mp4,10.50,14,0,0,0,14,0.00%,0.00%,Ramai,Sepi,Salah,29.50
S5_QVGA,2.mp4,10.60,14,0,0,0,14,0.00%,0.00%,Ramai,Sepi,Salah,29.91
S5_QVGA,2.mp4,10.70,14,1,1,0,13,100.00%,7.14%,Ramai,Sepi,Salah,32.30
S5_QVGA,2.mp4,10.80,14,2,2,0,12,100.00%,14.29%,Ramai,Sepi,Salah,32.99
S5_QVGA,2.mp4,10.90,14,1,1,0,13,100.00%,7.14%,Ramai,Sepi,Salah,32.79
S5_QVGA,2.mp4,11.00,14,1,1,0,13,100.00%,7.14%,Ramai,Sepi,Salah,30.66
S5_QVGA,2.mp4,11.10,14,1,1,0,13,100.00%,7.14%,Ramai,Sepi,Salah,32.44
S5_QVGA,2.mp4,11.20,14,1,1,0,13,100.00%,7.14%,Ramai,Sepi,Salah,33.05
S5_QVGA,2.mp4,11.30,14,2,2,0,12,100.00%,14.29%,Ramai,Sepi,Salah,33.47
S5_QVGA,2.mp4,11.40,14,2,2,0,12,100.00%,14.29%,Ramai,Sepi,Salah,31.69
S5_QVGA,2.mp4,11.50,14,1,1,0,13,100.00%,7.14%,Ramai,Sepi,Salah,31.61
S5_QVGA,2.mp4,11.60,14,1,1,0,13,100.00%,7.14%,Ramai,Sepi,Salah,31.86
S5_QVGA,2.mp4,11.70,14,1,1,0,13,100.00%,7.14%,Ramai,Sepi,Salah,33.70
S5_QVGA,2.mp4,11.80,14,1,1,0,13,100.00%,7.14%,Ramai,Sepi,Salah,34.10
S5_QVGA,2.mp4,11.90,14,1,1,0,13,100.00%,7.14%,Ramai,Sepi,Salah,34.16
S5_QVGA,2.mp4,12.00,14,1,1,0,13,100.00%,7.14%,Ramai,Sepi,Salah,32.42
S5_QVGA,2.mp4,12.10,14,0,0,0,14,0.00%,0.00%,Ramai,Sepi,Salah,28.46
S5_QVGA,2.mp4,12.20,14,0,0,0,14,0.00%,0.00%,Ramai,Sepi,Salah,29.85
S5_QVGA,2.mp4,12.30,14,0,0,0,14,0.00%,0.00%,Ramai,Sepi,Salah,29.39
S5_QVGA,2.mp4,12.40,14,0,0,0,14,0.00%,0.00%,Ramai,Sepi,Salah,30.60
S5_QVGA,2.mp4,12.50,14,0,0,0,14,0.00%,0.00%,Ramai,Sepi,Salah,29.36
S5_QVGA,2.mp4,12.60,14,0,0,0,14,0.00%,0.00%,Ramai,Sepi,Salah,30.48
S5_QVGA,2.mp4,12.70,14,2,2,0,12,100.00%,14.29%,Ramai,Sepi,Salah,32.95
S5_QVGA,2.mp4,12.80,14,0,0,0,14,0.00%,0.00%,Ramai,Sepi,Salah,30.43
S5_QVGA,2.mp4,12.90,14,1,1,0,13,100.00%,7.14%,Ramai,Sepi,Salah,33.20
S5_QVGA,2.mp4,13.00,14,0,0,0,14,0.00%,0.00%,Ramai,Sepi,Salah,29.23
S5_QVGA,2.mp4,13.10,14,1,1,0,13,100.00%,7.14%,Ramai,Sepi,Salah,33.18
S5_QVGA,2.mp4,13.20,14,0,0,0,14,0.00%,0.00%,Ramai,Sepi,Salah,29.98
S5_QVGA,2.mp4,13.30,14,0,0,0,14,0.00%,0.00%,Ramai,Sepi,Salah,31.00
S5_QVGA,2.mp4,13.40,14,0,0,0,14,0.00%,0.00%,Ramai,Sepi,Salah,30.48
S5_QVGA,2.mp4,13.50,14,0,0,0,14,0.00%,0.00%,Ramai,Sepi,Salah,30.31
S5_QVGA,2.mp4,13.60,14,0,0,0,14,0.00%,0.00%,Ramai,Sepi,Salah,29.15
S5_QVGA,2.mp4,13.70,14,0,0,0,14,0.00%,0.00%,Ramai,Sepi,Salah,30.55
S5_QVGA,2.mp4,13.80,14,0,0,0,14,0.00%,0.00%,Ramai,Sepi,Salah,31.59
S5_QVGA,2.mp4,13.90,14,0,0,0,14,0.00%,0.00%,Ramai,Sepi,Salah,29.32
S5_QVGA,2.mp4,14.00,14,0,0,0,14,0.00%,0.00%,Ramai,Sepi,Salah,28.51
S5_QVGA,2.mp4,14.10,14,0,0,0,14,0.00%,0.00%,Ramai,Sepi,Salah,29.43
S5_QVGA,2.mp4,14.20,14,0,0,0,14,0.00%,0.00%,Ramai,Sepi,Salah,29.58
S5_QVGA,2.mp4,14.30,14,0,0,0,14,0.00%,0.00%,Ramai,Sepi,Salah,30.12
S5_QVGA,2.mp4,14.40,14,1,1,0,13,100.00%,7.14%,Ramai,Sepi,Salah,30.62
S5_QVGA,2.mp4,14.50,14,0,0,0,14,0.00%,0.00%,Ramai,Sepi,Salah,29.02
S5_QVGA,2.mp4,14.60,14,0,0,0,14,0.00%,0.00%,Ramai,Sepi,Salah,29.75
S5_QVGA,2.mp4,14.70,14,1,1,0,13,100.00%,7.14%,Ramai,Sepi,Salah,30.91
S5_QVGA,2.mp4,14.80,14,2,2,0,12,100.00%,14.29%,Ramai,Sepi,Salah,31.51
S5_QVGA,2.mp4,14.90,14,1,1,0,13,100.00%,7.14%,Ramai,Sepi,Salah,33.08
S5_QVGA,2.mp4,15.00,14,0,0,0,14,0.00%,0.00%,Ramai,Sepi,Salah,29.21
S5_QVGA,2.mp4,15.10,15,1,1,0,14,100.00%,6.67%,Ramai,Sepi,Salah,33.40
S5_QVGA,2.mp4,15.20,15,1,1,0,14,100.00%,6.67%,Ramai,Sepi,Salah,32.67
S5_QVGA,2.mp4,15.30,15,1,1,0,14,100.00%,6.67%,Ramai,Sepi,Salah,32.67
S5_QVGA,2.mp4,15.40,15,1,1,0,14,100.00%,6.67%,Ramai,Sepi,Salah,31.68
S5_QVGA,2.mp4,15.50,15,1,1,0,14,100.00%,6.67%,Ramai,Sepi,Salah,32.44
S5_QVGA,2.mp4,15.60,15,2,2,0,13,100.00%,13.33%,Ramai,Sepi,Salah,34.33
S5_QVGA,2.mp4,15.70,15,1,1,0,14,100.00%,6.67%,Ramai,Sepi,Salah,34.01
S5_QVGA,2.mp4,15.80,15,2,2,0,13,100.00%,13.33%,Ramai,Sepi,Salah,33.39
S5_QVGA,2.mp4,15.90,15,0,0,0,15,0.00%,0.00%,Ramai,Sepi,Salah,31.78
S5_QVGA,2.mp4,16.00,15,1,1,0,14,100.00%,6.67%,Ramai,Sepi,Salah,31.58
S5_QVGA,2.mp4,16.10,15,1,1,0,14,100.00%,6.67%,Ramai,Sepi,Salah,35.00
S5_QVGA,2.mp4,16.20,15,0,0,0,15,0.00%,0.00%,Ramai,Sepi,Salah,30.59
S5_QVGA,2.mp4,16.30,15,0,0,0,15,0.00%,0.00%,Ramai,Sepi,Salah,30.15
S5_QVGA,2.mp4,16.40,15,0,0,0,15,0.00%,0.00%,Ramai,Sepi,Salah,29.95
S5_QVGA,2.mp4,16.50,15,0,0,0,15,0.00%,0.00%,Ramai,Sepi,Salah,31.48
S5_QVGA,2.mp4,16.60,15,0,0,0,15,0.00%,0.00%,Ramai,Sepi,Salah,29.87
S5_QVGA,2.mp4,16.70,15,2,2,0,13,100.00%,13.33%,Ramai,Sepi,Salah,34.18
S5_QVGA,2.mp4,16.80,15,2,2,0,13,100.00%,13.33%,Ramai,Sepi,Salah,34.05
S5_QVGA,2.mp4,16.90,15,1,1,0,14,100.00%,6.67%,Ramai,Sepi,Salah,33.66
S5_QVGA,2.mp4,17.00,15,2,2,0,13,100.00%,13.33%,Ramai,Sepi,Salah,31.90
S5_QVGA,2.mp4,17.10,14,3,3,0,11,100.00%,21.43%,Ramai,Sepi,Salah,33.62
S5_QVGA,2.mp4,17.20,14,2,2,0,12,100.00%,14.29%,Ramai,Sepi,Salah,36.31
S5_QVGA,2.mp4,17.30,14,1,1,0,13,100.00%,7.14%,Ramai,Sepi,Salah,32.93
S5_QVGA,2.mp4,17.40,14,1,1,0,13,100.00%,7.14%,Ramai,Sepi,Salah,32.48
S5_QVGA,2.mp4,17.50,14,2,2,0,12,100.00%,14.29%,Ramai,Sepi,Salah,33.14
S5_QVGA,2.mp4,17.60,14,1,1,0,13,100.00%,7.14%,Ramai,Sepi,Salah,31.14
S5_QVGA,2.mp4,17.70,14,0,0,0,14,0.00%,0.00%,Ramai,Sepi,Salah,29.30
S5_QVGA,2.mp4,17.80,14,1,1,0,13,100.00%,7.14%,Ramai,Sepi,Salah,33.95
S5_QVGA,2.mp4,17.90,14,2,2,0,12,100.00%,14.29%,Ramai,Sepi,Salah,34.92
S5_QVGA,2.mp4,18.00,14,1,1,0,13,100.00%,7.14%,Ramai,Sepi,Salah,31.69
S5_QVGA,2.mp4,18.10,14,0,0,0,14,0.00%,0.00%,Ramai,Sepi,Salah,28.37
S5_QVGA,2.mp4,18.20,14,1,1,0,13,100.00%,7.14%,Ramai,Sepi,Salah,32.09
S5_QVGA,2.mp4,18.30,14,2,2,0,12,100.00%,14.29%,Ramai,Sepi,Salah,32.09
S5_QVGA,2.mp4,18.40,14,2,2,0,12,100.00%,14.29%,Ramai,Sepi,Salah,32.43
S5_QVGA,2.mp4,18.50,14,1,1,0,13,100.00%,7.14%,Ramai,Sepi,Salah,33.44
S5_QVGA,2.mp4,18.60,14,3,3,0,11,100.00%,21.43%,Ramai,Sepi,Salah,30.93
S5_QVGA,2.mp4,18.70,14,1,1,0,13,100.00%,7.14%,Ramai,Sepi,Salah,31.69
S5_QVGA,2.mp4,18.80,14,1,1,0,13,100.00%,7.14%,Ramai,Sepi,Salah,32.98
S5_QVGA,2.mp4,18.90,14,1,1,0,13,100.00%,7.14%,Ramai,Sepi,Salah,31.38
S5_QVGA,2.mp4,19.00,14,1,1,0,13,100.00%,7.14%,Ramai,Sepi,Salah,30.92
S5_QVGA,2.mp4,19.10,14,1,1,0,13,100.00%,7.14%,Ramai,Sepi,Salah,31.64
S5_QVGA,2.mp4,19.20,14,0,0,0,14,0.00%,0.00%,Ramai,Sepi,Salah,29.32
S5_QVGA,2.mp4,19.30,14,1,1,0,13,100.00%,7.14%,Ramai,Sepi,Salah,30.91
S5_QVGA,2.mp4,19.40,14,0,0,0,14,0.00%,0.00%,Ramai,Sepi,Salah,29.05
S5_QVGA,2.mp4,19.50,14,0,0,0,14,0.00%,0.00%,Ramai,Sepi,Salah,29.61
S5_QVGA,2.mp4,19.60,14,1,1,0,13,100.00%,7.14%,Ramai,Sepi,Salah,32.92
S5_QVGA,2.mp4,19.70,14,1,1,0,13,100.00%,7.14%,Ramai,Sepi,Salah,31.33
S5_QVGA,2.mp4,19.80,14,3,3,0,11,100.00%,21.43%,Ramai,Sepi,Salah,36.36
S5_QVGA,2.mp4,19.90,14,2,2,0,12,100.00%,14.29%,Ramai,Sepi,Salah,33.58
S5_QVGA,2.mp4,20.00,14,1,1,0,13,100.00%,7.14%,Ramai,Sepi,Salah,33.41
S5_QVGA,2.mp4,20.10,14,1,1,0,13,100.00%,7.14%,Ramai,Sepi,Salah,33.47
S5_QVGA,2.mp4,20.20,14,1,1,0,13,100.00%,7.14%,Ramai,Sepi,Salah,32.61
S5_QVGA,2.mp4,20.30,14,1,1,0,13,100.00%,7.14%,Ramai,Sepi,Salah,31.02
S5_QVGA,2.mp4,20.40,14,2,2,0,12,100.00%,14.29%,Ramai,Sepi,Salah,32.55
S5_QVGA,2.mp4,20.50,14,2,2,0,12,100.00%,14.29%,Ramai,Sepi,Salah,33.42
S5_QVGA,2.mp4,20.60,14,0,0,0,14,0.00%,0.00%,Ramai,Sepi,Salah,29.64
S5_QVGA,2.mp4,20.70,14,1,1,0,13,100.00%,7.14%,Ramai,Sepi,Salah,32.91
S5_QVGA,2.mp4,20.80,14,2,2,0,12,100.00%,14.29%,Ramai,Sepi,Salah,32.89
S5_QVGA,2.mp4,20.90,14,1,1,0,13,100.00%,7.14%,Ramai,Sepi,Salah,32.43
S5_QVGA,2.mp4,21.00,14,0,0,0,14,0.00%,0.00%,Ramai,Sepi,Salah,29.49
S5_QVGA,2.mp4,21.10,14,0,0,0,14,0.00%,0.00%,Ramai,Sepi,Salah,29.43
S5_QVGA,2.mp4,21.20,14,0,0,0,14,0.00%,0.00%,Ramai,Sepi,Salah,29.91
S5_QVGA,2.mp4,21.30,14,1,1,0,13,100.00%,7.14%,Ramai,Sepi,Salah,31.45
S5_QVGA,2.mp4,21.40,14,0,0,0,14,0.00%,0.00%,Ramai,Sepi,Salah,29.92
S5_QVGA,2.mp4,21.50,14,1,1,0,13,100.00%,7.14%,Ramai,Sepi,Salah,31.03
S5_QVGA,2.mp4,21.60,14,1,1,0,13,100.00%,7.14%,Ramai,Sepi,Salah,32.12
S5_QVGA,2.mp4,21.70,14,0,0,0,14,0.00%,0.00%,Ramai,Sepi,Salah,29.62
S5_QVGA,2.mp4,21.80,14,1,1,0,13,100.00%,7.14%,Ramai,Sepi,Salah,32.48
S5_QVGA,2.mp4,21.90,14,0,0,0,14,0.00%,0.00%,Ramai,Sepi,Salah,29.34
S5_QVGA,2.mp4,22.00,14,0,0,0,14,0.00%,0.00%,Ramai,Sepi,Salah,28.88
S5_QVGA,2.mp4,22.10,14,0,0,0,14,0.00%,0.00%,Ramai,Sepi,Salah,29.81
S5_QVGA,2.mp4,22.20,14,0,0,0,14,0.00%,0.00%,Ramai,Sepi,Salah,29.88
S5_QVGA,2.mp4,22.30,14,0,0,0,14,0.00%,0.00%,Ramai,Sepi,Salah,28.18
S5_QVGA,2.mp4,22.40,14,0,0,0,14,0.00%,0.00%,Ramai,Sepi,Salah,29.04
S5_QVGA,2.mp4,22.50,14,0,0,0,14,0.00%,0.00%,Ramai,Sepi,Salah,29.90
S5_QVGA,2.mp4,22.60,14,0,0,0,14,0.00%,0.00%,Ramai,Sepi,Salah,28.50
S5_QVGA,2.mp4,22.70,14,0,0,0,14,0.00%,0.00%,Ramai,Sepi,Salah,29.57
S5_QVGA,2.mp4,22.80,14,0,0,0,14,0.00%,0.00%,Ramai,Sepi,Salah,29.46
S5_QVGA,2.mp4,22.90,14,0,0,0,14,0.00%,0.00%,Ramai,Sepi,Salah,29.01
S5_QVGA,2.mp4,23.00,14,0,0,0,14,0.00%,0.00%,Ramai,Sepi,Salah,28.11
S5_QVGA,2.mp4,23.10,14,0,0,0,14,0.00%,0.00%,Ramai,Sepi,Salah,29.92
S5_QVGA,2.mp4,23.20,14,0,0,0,14,0.00%,0.00%,Ramai,Sepi,Salah,28.71
S5_QVGA,2.mp4,23.30,14,0,0,0,14,0.00%,0.00%,Ramai,Sepi,Salah,29.21
S5_QVGA,2.mp4,23.40,14,0,0,0,14,0.00%,0.00%,Ramai,Sepi,Salah,29.26
S5_QVGA,2.mp4,23.50,14,0,0,0,14,0.00%,0.00%,Ramai,Sepi,Salah,29.35
S5_QVGA,2.mp4,23.60,14,0,0,0,14,0.00%,0.00%,Ramai,Sepi,Salah,29.39
S5_QVGA,2.mp4,23.70,14,1,1,0,13,100.00%,7.14%,Ramai,Sepi,Salah,31.54
S5_QVGA,2.mp4,23.80,14,0,0,0,14,0.00%,0.00%,Ramai,Sepi,Salah,29.62
S5_QVGA,2.mp4,23.90,14,0,0,0,14,0.00%,0.00%,Ramai,Sepi,Salah,30.60
S5_QVGA,2.mp4,24.00,14,0,0,0,14,0.00%,0.00%,Ramai,Sepi,Salah,30.20
S5_QVGA,2.mp4,24.10,14,0,0,0,14,0.00%,0.00%,Ramai,Sepi,Salah,29.92
S5_QVGA,2.mp4,24.20,14,1,1,0,13,100.00%,7.14%,Ramai,Sepi,Salah,31.56
S5_QVGA,2.mp4,24.30,14,0,0,0,14,0.00%,0.00%,Ramai,Sepi,Salah,30.65
S5_QVGA,2.mp4,24.40,14,0,0,0,14,0.00%,0.00%,Ramai,Sepi,Salah,28.87
S5_QVGA,2.mp4,24.50,14,1,1,0,13,100.00%,7.14%,Ramai,Sepi,Salah,31.67
S5_QVGA,2.mp4,24.60,14,0,0,0,14,0.00%,0.00%,Ramai,Sepi,Salah,30.60
S5_QVGA,2.mp4,24.70,14,1,1,0,13,100.00%,7.14%,Ramai,Sepi,Salah,34.69
S5_QVGA,2.mp4,24.80,14,1,1,0,13,100.00%,7.14%,Ramai,Sepi,Salah,35.19
S5_QVGA,2.mp4,24.90,14,1,1,0,13,100.00%,7.14%,Ramai,Sepi,Salah,36.21
S5_QVGA,2.mp4,25.00,14,1,1,0,13,100.00%,7.14%,Ramai,Sepi,Salah,32.10
S5_QVGA,2.mp4,25.10,14,1,1,0,13,100.00%,7.14%,Ramai,Sepi,Salah,31.76
S5_QVGA,2.mp4,25.20,14,0,0,0,14,0.00%,0.00%,Ramai,Sepi,Salah,30.78
S5_QVGA,2.mp4,25.30,14,0,0,0,14,0.00%,0.00%,Ramai,Sepi,Salah,30.07
S5_QVGA,2.mp4,25.40,14,0,0,0,14,0.00%,0.00%,Ramai,Sepi,Salah,31.47
S5_QVGA,2.mp4,25.50,14,1,1,0,13,100.00%,7.14%,Ramai,Sepi,Salah,35.66
S5_QVGA,2.mp4,25.60,14,1,1,0,13,100.00%,7.14%,Ramai,Sepi,Salah,35.65
S5_QVGA,2.mp4,25.70,14,1,1,0,13,100.00%,7.14%,Ramai,Sepi,Salah,33.16
S5_QVGA,2.mp4,25.80,14,1,1,0,13,100.00%,7.14%,Ramai,Sepi,Salah,33.33
S5_QVGA,2.mp4,25.90,14,1,1,0,13,100.00%,7.14%,Ramai,Sepi,Salah,32.19
S5_QVGA,2.mp4,26.00,13,0,0,0,13,0.00%,0.00%,Ramai,Sepi,Salah,28.45
S5_QVGA,2.mp4,26.10,13,0,0,0,13,0.00%,0.00%,Ramai,Sepi,Salah,29.26
S5_QVGA,2.mp4,26.20,13,0,0,0,13,0.00%,0.00%,Ramai,Sepi,Salah,29.26
S5_QVGA,2.mp4,26.30,13,1,1,0,12,100.00%,7.69%,Ramai,Sepi,Salah,31.47
S5_QVGA,2.mp4,26.40,13,0,0,0,13,0.00%,0.00%,Ramai,Sepi,Salah,28.78
S5_QVGA,2.mp4,26.50,13,1,1,0,12,100.00%,7.69%,Ramai,Sepi,Salah,32.36
S5_QVGA,2.mp4,26.60,13,2,2,0,11,100.00%,15.38%,Ramai,Sepi,Salah,31.27
S5_QVGA,2.mp4,26.70,13,2,2,0,11,100.00%,15.38%,Ramai,Sepi,Salah,30.74
S5_QVGA,2.mp4,26.80,13,2,2,0,11,100.00%,15.38%,Ramai,Sepi,Salah,33.17
S5_QVGA,2.mp4,26.90,13,1,1,0,12,100.00%,7.69%,Ramai,Sepi,Salah,33.53
S5_QVGA,2.mp4,27.00,13,2,2,0,11,100.00%,15.38%,Ramai,Sepi,Salah,32.07
S5_QVGA,2.mp4,27.10,13,1,1,0,12,100.00%,7.69%,Ramai,Sepi,Salah,35.89
S5_QVGA,2.mp4,27.20,13,1,1,0,12,100.00%,7.69%,Ramai,Sepi,Salah,37.37
S5_QVGA,2.mp4,27.30,13,2,2,0,11,100.00%,15.38%,Ramai,Sepi,Salah,34.67
S5_QVGA,2.mp4,27.40,13,3,3,0,10,100.00%,23.08%,Ramai,Sepi,Salah,33.21
S5_QVGA,2.mp4,27.50,13,2,2,0,11,100.00%,15.38%,Ramai,Sepi,Salah,33.89
S5_QVGA,2.mp4,27.60,13,1,1,0,12,100.00%,7.69%,Ramai,Sepi,Salah,32.81
S5_QVGA,2.mp4,27.70,13,0,0,0,13,0.00%,0.00%,Ramai,Sepi,Salah,29.52
S5_QVGA,2.mp4,27.80,13,2,2,0,11,100.00%,15.38%,Ramai,Sepi,Salah,33.12
S5_QVGA,2.mp4,27.90,13,2,2,0,11,100.00%,15.38%,Ramai,Sepi,Salah,33.24
S5_QVGA,2.mp4,28.00,13,1,1,0,12,100.00%,7.69%,Ramai,Sepi,Salah,31.13
S5_QVGA,2.mp4,28.10,13,1,1,0,12,100.00%,7.69%,Ramai,Sepi,Salah,33.51
S5_QVGA,2.mp4,28.20,13,1,1,0,12,100.00%,7.69%,Ramai,Sepi,Salah,32.08
S5_QVGA,2.mp4,28.30,13,0,0,0,13,0.00%,0.00%,Ramai,Sepi,Salah,29.42
S5_QVGA,2.mp4,28.40,13,0,0,0,13,0.00%,0.00%,Ramai,Sepi,Salah,29.84
S5_QVGA,2.mp4,28.50,13,1,1,0,12,100.00%,7.69%,Ramai,Sepi,Salah,32.53
S5_QVGA,2.mp4,28.60,13,0,0,0,13,0.00%,0.00%,Ramai,Sepi,Salah,29.84
S5_QVGA,2.mp4,28.70,13,1,1,0,12,100.00%,7.69%,Ramai,Sepi,Salah,32.61
S5_QVGA,2.mp4,28.80,13,1,1,0,12,100.00%,7.69%,Ramai,Sepi,Salah,32.84
S5_QVGA,2.mp4,28.90,13,0,0,0,13,0.00%,0.00%,Ramai,Sepi,Salah,29.85
S5_QVGA,2.mp4,29.00,12,2,2,0,10,100.00%,16.67%,Ramai,Sepi,Salah,30.97
S5_QVGA,2.mp4,29.10,12,0,0,0,12,0.00%,0.00%,Ramai,Sepi,Salah,30.78
S5_QVGA,2.mp4,29.20,12,0,0,0,12,0.00%,0.00%,Ramai,Sepi,Salah,30.11
S5_QVGA,2.mp4,29.30,12,0,0,0,12,0.00%,0.00%,Ramai,Sepi,Salah,29.89
S5_QVGA,2.mp4,29.40,12,0,0,0,12,0.00%,0.00%,Ramai,Sepi,Salah,28.89
S5_QVGA,2.mp4,29.50,12,0,0,0,12,0.00%,0.00%,Ramai,Sepi,Salah,29.63
S5_QVGA,2.mp4,29.60,12,0,0,0,12,0.00%,0.00%,Ramai,Sepi,Salah,28.73
S5_QVGA,2.mp4,29.70,12,0,0,0,12,0.00%,0.00%,Ramai,Sepi,Salah,29.47
S5_QVGA,2.mp4,29.80,12,0,0,0,12,0.00%,0.00%,Ramai,Sepi,Salah,29.87
S5_QVGA,2.mp4,29.90,12,0,0,0,12,0.00%,0.00%,Ramai,Sepi,Salah,30.30
S5_QVGA,2.mp4,30.00,12,0,0,0,12,0.00%,0.00%,Ramai,Sepi,Salah,28.60
S5_QVGA,2.mp4,30.10,12,0,0,0,12,0.00%,0.00%,Ramai,Sepi,Salah,29.59
S5_QVGA,2.mp4,30.20,12,1,1,0,11,100.00%,8.33%,Ramai,Sepi,Salah,31.59
S5_QVGA,2.mp4,30.30,12,0,0,0,12,0.00%,0.00%,Ramai,Sepi,Salah,28.57
S5_QVGA,2.mp4,30.40,12,0,0,0,12,0.00%,0.00%,Ramai,Sepi,Salah,30.29
S5_QVGA,2.mp4,30.50,12,0,0,0,12,0.00%,0.00%,Ramai,Sepi,Salah,29.65
S5_QVGA,2.mp4,30.60,12,0,0,0,12,0.00%,0.00%,Ramai,Sepi,Salah,29.58
S5_QVGA,2.mp4,30.70,12,0,0,0,12,0.00%,0.00%,Ramai,Sepi,Salah,28.57
S5_QVGA,2.mp4,30.80,12,0,0,0,12,0.00%,0.00%,Ramai,Sepi,Salah,30.13
S5_QVGA,2.mp4,30.90,12,0,0,0,12,0.00%,0.00%,Ramai,Sepi,Salah,30.18
S5_QVGA,2.mp4,31.00,12,0,0,0,12,0.00%,0.00%,Ramai,Sepi,Salah,28.62
S5_QVGA,2.mp4,31.10,12,0,0,0,12,0.00%,0.00%,Ramai,Sepi,Salah,28.69
S5_QVGA,2.mp4,31.20,12,0,0,0,12,0.00%,0.00%,Ramai,Sepi,Salah,29.11
S5_QVGA,2.mp4,31.30,12,0,0,0,12,0.00%,0.00%,Ramai,Sepi,Salah,29.95
S5_QVGA,2.mp4,31.40,12,0,0,0,12,0.00%,0.00%,Ramai,Sepi,Salah,29.56
S5_QVGA,2.mp4,31.50,12,0,0,0,12,0.00%,0.00%,Ramai,Sepi,Salah,28.94
S5_QVGA,2.mp4,31.60,12,0,0,0,12,0.00%,0.00%,Ramai,Sepi,Salah,29.34
S5_QVGA,2.mp4,31.70,12,0,0,0,12,0.00%,0.00%,Ramai,Sepi,Salah,28.91
S5_QVGA,2.mp4,31.80,12,0,0,0,12,0.00%,0.00%,Ramai,Sepi,Salah,29.95
S5_QVGA,2.mp4,31.90,12,0,0,0,12,0.00%,0.00%,Ramai,Sepi,Salah,30.35
S5_QVGA,2.mp4,32.00,12,0,0,0,12,0.00%,0.00%,Ramai,Sepi,Salah,29.96
S5_QVGA,2.mp4,32.10,12,0,0,0,12,0.00%,0.00%,Ramai,Sepi,Salah,28.43
S5_QVGA,2.mp4,32.20,12,0,0,0,12,0.00%,0.00%,Ramai,Sepi,Salah,29.33
S5_QVGA,2.mp4,32.30,12,0,0,0,12,0.00%,0.00%,Ramai,Sepi,Salah,28.96
S5_QVGA,2.mp4,32.40,12,0,0,0,12,0.00%,0.00%,Ramai,Sepi,Salah,29.31
S5_QVGA,2.mp4,32.50,12,1,1,0,11,100.00%,8.33%,Ramai,Sepi,Salah,31.23
S5_QVGA,2.mp4,32.60,12,0,0,0,12,0.00%,0.00%,Ramai,Sepi,Salah,29.21
S5_QVGA,2.mp4,32.70,12,1,1,0,11,100.00%,8.33%,Ramai,Sepi,Salah,33.60
S5_QVGA,2.mp4,32.80,12,0,0,0,12,0.00%,0.00%,Ramai,Sepi,Salah,30.26
S5_QVGA,2.mp4,32.90,12,0,0,0,12,0.00%,0.00%,Ramai,Sepi,Salah,30.03
S5_QVGA,2.mp4,33.00,12,0,0,0,12,0.00%,0.00%,Ramai,Sepi,Salah,30.35
S5_QVGA,2.mp4,33.10,12,0,0,0,12,0.00%,0.00%,Ramai,Sepi,Salah,29.75
S5_QVGA,2.mp4,33.20,12,0,0,0,12,0.00%,0.00%,Ramai,Sepi,Salah,30.48
S5_QVGA,2.mp4,33.30,12,0,0,0,12,0.00%,0.00%,Ramai,Sepi,Salah,28.75
S5_QVGA,2.mp4,33.40,12,0,0,0,12,0.00%,0.00%,Ramai,Sepi,Salah,28.97
S5_QVGA,2.mp4,33.50,12,0,0,0,12,0.00%,0.00%,Ramai,Sepi,Salah,30.67
S5_QVGA,2.mp4,33.60,12,0,0,0,12,0.00%,0.00%,Ramai,Sepi,Salah,31.25
S5_QVGA,2.mp4,33.70,12,1,1,0,11,100.00%,8.33%,Ramai,Sepi,Salah,33.17
S5_QVGA,2.mp4,33.80,12,2,2,0,10,100.00%,16.67%,Ramai,Sepi,Salah,32.63
S5_QVGA,2.mp4,33.90,12,1,1,0,11,100.00%,8.33%,Ramai,Sepi,Salah,32.35
S5_QVGA,2.mp4,34.00,12,1,1,0,11,100.00%,8.33%,Ramai,Sepi,Salah,31.65
S5_QVGA,2.mp4,34.10,12,1,1,0,11,100.00%,8.33%,Ramai,Sepi,Salah,30.71
S5_QVGA,2.mp4,34.20,12,1,1,0,11,100.00%,8.33%,Ramai,Sepi,Salah,31.53
S5_QVGA,2.mp4,34.30,12,1,1,0,11,100.00%,8.33%,Ramai,Sepi,Salah,32.03
S5_QVGA,2.mp4,34.40,12,1,1,0,11,100.00%,8.33%,Ramai,Sepi,Salah,30.81
S5_QVGA,2.mp4,34.50,12,1,1,0,11,100.00%,8.33%,Ramai,Sepi,Salah,32.17
S5_QVGA,2.mp4,34.60,12,0,0,0,12,0.00%,0.00%,Ramai,Sepi,Salah,29.18
S5_QVGA,2.mp4,34.70,12,0,0,0,12,0.00%,0.00%,Ramai,Sepi,Salah,29.27
S5_QVGA,2.mp4,34.80,12,0,0,0,12,0.00%,0.00%,Ramai,Sepi,Salah,29.52
S5_QVGA,2.mp4,34.90,12,0,0,0,12,0.00%,0.00%,Ramai,Sepi,Salah,29.99
S5_QVGA,2.mp4,35.00,12,0,0,0,12,0.00%,0.00%,Ramai,Sepi,Salah,28.67
S5_QVGA,2.mp4,35.10,12,0,0,0,12,0.00%,0.00%,Ramai,Sepi,Salah,28.12
S5_QVGA,2.mp4,35.20,12,0,0,0,12,0.00%,0.00%,Ramai,Sepi,Salah,29.41
S5_QVGA,2.mp4,35.30,12,0,0,0,12,0.00%,0.00%,Ramai,Sepi,Salah,29.22
S5_QVGA,2.mp4,35.40,12,0,0,0,12,0.00%,0.00%,Ramai,Sepi,Salah,28.66
S5_QVGA,2.mp4,35.50,12,0,0,0,12,0.00%,0.00%,Ramai,Sepi,Salah,29.20
S5_QVGA,2.mp4,35.60,12,0,0,0,12,0.00%,0.00%,Ramai,Sepi,Salah,30.56
S5_QVGA,2.mp4,35.70,12,0,0,0,12,0.00%,0.00%,Ramai,Sepi,Salah,28.71
S5_QVGA,2.mp4,35.80,12,0,0,0,12,0.00%,0.00%,Ramai,Sepi,Salah,31.42
S5_QVGA,2.mp4,35.90,12,1,1,0,11,100.00%,8.33%,Ramai,Sepi,Salah,32.15
S5_QVGA,2.mp4,36.00,12,1,1,0,11,100.00%,8.33%,Ramai,Sepi,Salah,30.20
S5_QVGA,2.mp4,36.10,12,1,1,0,11,100.00%,8.33%,Ramai,Sepi,Salah,33.42
S5_QVGA,2.mp4,36.20,12,1,1,0,11,100.00%,8.33%,Ramai,Sepi,Salah,32.39
S5_QVGA,2.mp4,36.30,12,1,1,0,11,100.00%,8.33%,Ramai,Sepi,Salah,31.80
S5_QVGA,2.mp4,36.40,12,1,1,0,11,100.00%,8.33%,Ramai,Sepi,Salah,33.29
S5_QVGA,2.mp4,36.50,12,2,2,0,10,100.00%,16.67%,Ramai,Sepi,Salah,31.13
S5_QVGA,2.mp4,36.60,12,1,1,0,11,100.00%,8.33%,Ramai,Sepi,Salah,31.68
S5_QVGA,2.mp4,36.70,12,0,0,0,12,0.00%,0.00%,Ramai,Sepi,Salah,29.76
S5_QVGA,2.mp4,36.80,12,1,1,0,11,100.00%,8.33%,Ramai,Sepi,Salah,32.59
S5_QVGA,2.mp4,36.90,12,0,0,0,12,0.00%,0.00%,Ramai,Sepi,Salah,29.73
S5_QVGA,2.mp4,37.00,12,1,1,0,11,100.00%,8.33%,Ramai,Sepi,Salah,30.84
S5_QVGA,2.mp4,37.10,12,1,1,0,11,100.00%,8.33%,Ramai,Sepi,Salah,31.19
S5_QVGA,2.mp4,37.20,12,0,0,0,12,0.00%,0.00%,Ramai,Sepi,Salah,29.54
S5_QVGA,2.mp4,37.30,12,2,2,0,10,100.00%,16.67%,Ramai,Sepi,Salah,34.17
S5_QVGA,2.mp4,37.40,12,2,2,0,10,100.00%,16.67%,Ramai,Sepi,Salah,32.43
S5_QVGA,2.mp4,37.50,12,2,2,0,10,100.00%,16.67%,Ramai,Sepi,Salah,33.51
S5_QVGA,2.mp4,37.60,12,1,1,0,11,100.00%,8.33%,Ramai,Sepi,Salah,32.95
S5_QVGA,2.mp4,37.70,12,1,1,0,11,100.00%,8.33%,Ramai,Sepi,Salah,32.25
S5_QVGA,2.mp4,37.80,12,1,1,0,11,100.00%,8.33%,Ramai,Sepi,Salah,32.99
S5_QVGA,2.mp4,37.90,12,1,1,0,11,100.00%,8.33%,Ramai,Sepi,Salah,32.30
S5_QVGA,2.mp4,38.00,12,0,0,0,12,0.00%,0.00%,Ramai,Sepi,Salah,29.30
S5_QVGA,2.mp4,38.10,12,1,1,0,11,100.00%,8.33%,Ramai,Sepi,Salah,32.71
S5_QVGA,2.mp4,38.20,12,0,0,0,12,0.00%,0.00%,Ramai,Sepi,Salah,29.57
S5_QVGA,2.mp4,38.30,12,1,1,0,11,100.00%,8.33%,Ramai,Sepi,Salah,33.34
S5_QVGA,2.mp4,38.40,12,1,1,0,11,100.00%,8.33%,Ramai,Sepi,Salah,33.02
S5_QVGA,2.mp4,38.50,12,0,0,0,12,0.00%,0.00%,Ramai,Sepi,Salah,30.19
S5_QVGA,2.mp4,38.60,12,0,0,0,12,0.00%,0.00%,Ramai,Sepi,Salah,28.23
S5_QVGA,2.mp4,38.70,12,0,0,0,12,0.00%,0.00%,Ramai,Sepi,Salah,29.58
S5_QVGA,2.mp4,38.80,12,0,0,0,12,0.00%,0.00%,Ramai,Sepi,Salah,30.31
S5_QVGA,2.mp4,38.90,12,0,0,0,12,0.00%,0.00%,Ramai,Sepi,Salah,29.83
S5_QVGA,2.mp4,39.00,12,0,0,0,12,0.00%,0.00%,Ramai,Sepi,Salah,28.45
S5_QVGA,2.mp4,39.10,12,0,0,0,12,0.00%,0.00%,Ramai,Sepi,Salah,29.28
S5_QVGA,2.mp4,39.20,12,0,0,0,12,0.00%,0.00%,Ramai,Sepi,Salah,30.98
S5_QVGA,2.mp4,39.30,12,0,0,0,12,0.00%,0.00%,Ramai,Sepi,Salah,29.43
S5_QVGA,2.mp4,39.40,12,0,0,0,12,0.00%,0.00%,Ramai,Sepi,Salah,29.43
S5_QVGA,2.mp4,39.50,12,0,0,0,12,0.00%,0.00%,Ramai,Sepi,Salah,29.49
S5_QVGA,2.mp4,39.60,12,1,1,0,11,100.00%,8.33%,Ramai,Sepi,Salah,32.78
S5_QVGA,2.mp4,39.70,12,1,1,0,11,100.00%,8.33%,Ramai,Sepi,Salah,35.25
S5_QVGA,2.mp4,39.80,12,1,1,0,11,100.00%,8.33%,Ramai,Sepi,Salah,32.83
S5_QVGA,2.mp4,39.90,12,1,1,0,11,100.00%,8.33%,Ramai,Sepi,Salah,31.54
S6_HD,1.mp4,0.00,5,2,2,0,3,100.00%,40.00%,Sedang,Sepi,Salah,269.82
S6_HD,1.mp4,0.50,5,2,2,0,3,100.00%,40.00%,Sedang,Sepi,Salah,71.54
S6_HD,1.mp4,1.00,5,2,2,0,3,100.00%,40.00%,Sedang,Sepi,Salah,54.37
S6_HD,1.mp4,1.50,5,3,3,0,2,100.00%,60.00%,Sedang,Sepi,Salah,56.25
S6_HD,1.mp4,2.00,5,4,4,0,1,100.00%,80.00%,Sedang,Sepi,Salah,70.84
S6_HD,1.mp4,2.50,5,4,4,0,1,100.00%,80.00%,Sedang,Sepi,Salah,59.38
S6_HD,1.mp4,3.00,5,5,5,0,0,100.00%,100.00%,Sedang,Sedang,Benar,64.24
S6_HD,1.mp4,3.50,5,5,5,0,0,100.00%,100.00%,Sedang,Sedang,Benar,54.92
S6_HD,1.mp4,4.00,5,4,4,0,1,100.00%,80.00%,Sedang,Sepi,Salah,56.91
S6_HD,1.mp4,4.50,5,4,4,0,1,100.00%,80.00%,Sedang,Sepi,Salah,58.07
S6_HD,1.mp4,5.00,5,5,5,0,0,100.00%,100.00%,Sedang,Sedang,Benar,57.65
S6_HD,1.mp4,5.50,5,4,4,0,1,100.00%,80.00%,Sedang,Sepi,Salah,58.48
S6_HD,1.mp4,6.00,5,4,4,0,1,100.00%,80.00%,Sedang,Sepi,Salah,61.29
S6_HD,1.mp4,6.50,4,4,4,0,0,100.00%,100.00%,Sepi,Sepi,Benar,56.95
S6_HD,1.mp4,7.00,4,4,4,0,0,100.00%,100.00%,Sepi,Sepi,Benar,55.80
S6_HD,1.mp4,7.50,4,4,4,0,0,100.00%,100.00%,Sepi,Sepi,Benar,60.87
S6_HD,1.mp4,8.00,4,3,3,0,1,100.00%,75.00%,Sepi,Sepi,Benar,55.94
S6_HD,1.mp4,8.50,4,3,3,0,1,100.00%,75.00%,Sepi,Sepi,Benar,63.74
S6_HD,1.mp4,9.00,4,3,3,0,1,100.00%,75.00%,Sepi,Sepi,Benar,58.06
S6_HD,1.mp4,9.50,4,3,3,0,1,100.00%,75.00%,Sepi,Sepi,Benar,75.52
S6_HD,1.mp4,10.00,4,3,3,0,1,100.00%,75.00%,Sepi,Sepi,Benar,84.30
S6_HD,1.mp4,10.50,4,3,3,0,1,100.00%,75.00%,Sepi,Sepi,Benar,70.19
S6_HD,1.mp4,11.00,4,3,3,0,1,100.00%,75.00%,Sepi,Sepi,Benar,74.57
S6_HD,1.mp4,11.50,4,3,3,0,1,100.00%,75.00%,Sepi,Sepi,Benar,69.04
S6_HD,1.mp4,12.00,4,3,3,0,1,100.00%,75.00%,Sepi,Sepi,Benar,69.25
S6_HD,1.mp4,12.50,4,3,3,0,1,100.00%,75.00%,Sepi,Sepi,Benar,71.95
S6_HD,1.mp4,13.00,4,3,3,0,1,100.00%,75.00%,Sepi,Sepi,Benar,71.03
S6_HD,1.mp4,13.50,4,3,3,0,1,100.00%,75.00%,Sepi,Sepi,Benar,68.26
S6_HD,1.mp4,14.00,4,3,3,0,1,100.00%,75.00%,Sepi,Sepi,Benar,66.47
S6_HD,1.mp4,14.50,4,3,3,0,1,100.00%,75.00%,Sepi,Sepi,Benar,69.31
S6_HD,1.mp4,15.00,4,3,3,0,1,100.00%,75.00%,Sepi,Sepi,Benar,70.75
S6_HD,1.mp4,15.50,4,3,3,0,1,100.00%,75.00%,Sepi,Sepi,Benar,68.82
S6_HD,1.mp4,16.00,4,3,3,0,1,100.00%,75.00%,Sepi,Sepi,Benar,69.88
S6_HD,1.mp4,16.50,4,3,3,0,1,100.00%,75.00%,Sepi,Sepi,Benar,70.10
S6_HD,1.mp4,17.00,4,3,3,0,1,100.00%,75.00%,Sepi,Sepi,Benar,72.29
S6_HD,1.mp4,17.50,4,4,4,0,0,100.00%,100.00%,Sepi,Sepi,Benar,68.88
S6_HD,1.mp4,18.00,4,4,4,0,0,100.00%,100.00%,Sepi,Sepi,Benar,70.50
S6_HD,1.mp4,18.50,4,4,4,0,0,100.00%,100.00%,Sepi,Sepi,Benar,70.31
S6_HD,1.mp4,19.00,4,4,4,0,0,100.00%,100.00%,Sepi,Sepi,Benar,70.82
S6_HD,1.mp4,19.50,4,3,3,0,1,100.00%,75.00%,Sepi,Sepi,Benar,68.96
S6_HD,1.mp4,20.00,4,4,4,0,0,100.00%,100.00%,Sepi,Sepi,Benar,67.26
S6_HD,1.mp4,20.50,5,4,4,0,1,100.00%,80.00%,Sedang,Sepi,Salah,72.22
S6_HD,1.mp4,21.00,5,4,4,0,1,100.00%,80.00%,Sedang,Sepi,Salah,69.11
S6_HD,1.mp4,21.50,5,4,4,0,1,100.00%,80.00%,Sedang,Sepi,Salah,69.09
S6_HD,1.mp4,22.00,5,3,3,0,2,100.00%,60.00%,Sedang,Sepi,Salah,66.88
S6_HD,1.mp4,22.50,4,3,3,0,1,100.00%,75.00%,Sepi,Sepi,Benar,67.99
S6_HD,1.mp4,23.00,4,3,3,0,1,100.00%,75.00%,Sepi,Sepi,Benar,67.11
S6_HD,1.mp4,23.50,4,3,3,0,1,100.00%,75.00%,Sepi,Sepi,Benar,68.07
S6_HD,1.mp4,24.00,4,3,3,0,1,100.00%,75.00%,Sepi,Sepi,Benar,67.58
S6_HD,1.mp4,24.50,4,3,3,0,1,100.00%,75.00%,Sepi,Sepi,Benar,75.86
S6_HD,1.mp4,25.00,4,2,2,0,2,100.00%,50.00%,Sepi,Sepi,Benar,68.63
S6_HD,1.mp4,25.50,4,2,2,0,2,100.00%,50.00%,Sepi,Sepi,Benar,68.15
S6_HD,1.mp4,26.00,4,2,2,0,2,100.00%,50.00%,Sepi,Sepi,Benar,66.83
S6_HD,1.mp4,26.50,4,2,2,0,2,100.00%,50.00%,Sepi,Sepi,Benar,69.06
S6_HD,1.mp4,27.00,4,2,2,0,2,100.00%,50.00%,Sepi,Sepi,Benar,68.37
S6_HD,1.mp4,27.50,4,2,2,0,2,100.00%,50.00%,Sepi,Sepi,Benar,74.64
S6_HD,1.mp4,28.00,4,2,2,0,2,100.00%,50.00%,Sepi,Sepi,Benar,78.62
S6_HD,1.mp4,28.50,4,2,2,0,2,100.00%,50.00%,Sepi,Sepi,Benar,69.12
S6_HD,1.mp4,29.00,4,2,2,0,2,100.00%,50.00%,Sepi,Sepi,Benar,70.81
S6_HD,1.mp4,29.50,4,2,2,0,2,100.00%,50.00%,Sepi,Sepi,Benar,72.60
S6_HD,1.mp4,30.00,4,2,2,0,2,100.00%,50.00%,Sepi,Sepi,Benar,68.14
S6_HD,1.mp4,30.50,4,3,3,0,1,100.00%,75.00%,Sepi,Sepi,Benar,69.69
S6_HD,1.mp4,31.00,4,3,3,0,1,100.00%,75.00%,Sepi,Sepi,Benar,70.58
S6_HD,1.mp4,31.50,4,3,3,0,1,100.00%,75.00%,Sepi,Sepi,Benar,71.95
S6_HD,1.mp4,32.00,4,2,2,0,2,100.00%,50.00%,Sepi,Sepi,Benar,72.80
S6_HD,1.mp4,32.50,3,2,2,0,1,100.00%,66.67%,Sepi,Sepi,Benar,85.12
S6_HD,1.mp4,33.00,3,1,1,0,2,100.00%,33.33%,Sepi,Sepi,Benar,71.21
S6_HD,1.mp4,33.50,3,2,2,0,1,100.00%,66.67%,Sepi,Sepi,Benar,69.31
S6_HD,1.mp4,34.00,3,2,2,0,1,100.00%,66.67%,Sepi,Sepi,Benar,67.77
S6_HD,1.mp4,34.50,3,2,2,0,1,100.00%,66.67%,Sepi,Sepi,Benar,69.91
S6_HD,1.mp4,35.00,3,3,3,0,0,100.00%,100.00%,Sepi,Sepi,Benar,73.90
S6_HD,1.mp4,35.50,3,3,3,0,0,100.00%,100.00%,Sepi,Sepi,Benar,67.90
S6_HD,1.mp4,36.00,3,3,3,0,0,100.00%,100.00%,Sepi,Sepi,Benar,69.55
S6_HD,1.mp4,36.50,3,3,3,0,0,100.00%,100.00%,Sepi,Sepi,Benar,77.51
S6_HD,1.mp4,37.00,3,3,3,0,0,100.00%,100.00%,Sepi,Sepi,Benar,75.70
S6_HD,1.mp4,37.50,3,3,3,0,0,100.00%,100.00%,Sepi,Sepi,Benar,73.03
S6_HD,1.mp4,38.00,3,2,2,0,1,100.00%,66.67%,Sepi,Sepi,Benar,70.51
S6_HD,1.mp4,38.50,3,2,2,0,1,100.00%,66.67%,Sepi,Sepi,Benar,73.86
S6_HD,1.mp4,39.00,3,2,2,0,1,100.00%,66.67%,Sepi,Sepi,Benar,71.27
S6_HD,1.mp4,39.50,3,3,3,0,0,100.00%,100.00%,Sepi,Sepi,Benar,67.38
S6_HD,1.mp4,40.00,3,3,3,0,0,100.00%,100.00%,Sepi,Sepi,Benar,67.11
S6_HD,1.mp4,40.50,3,3,3,0,0,100.00%,100.00%,Sepi,Sepi,Benar,68.39
S6_HD,1.mp4,41.00,3,3,3,0,0,100.00%,100.00%,Sepi,Sepi,Benar,72.80
S6_HD,1.mp4,41.50,3,2,2,0,1,100.00%,66.67%,Sepi,Sepi,Benar,78.19
S6_HD,1.mp4,42.00,3,2,2,0,1,100.00%,66.67%,Sepi,Sepi,Benar,79.99
S6_HD,1.mp4,42.50,3,1,1,0,2,100.00%,33.33%,Sepi,Sepi,Benar,79.17
S6_HD,1.mp4,43.00,3,2,2,0,1,100.00%,66.67%,Sepi,Sepi,Benar,69.68
S6_HD,1.mp4,43.50,3,1,1,0,2,100.00%,33.33%,Sepi,Sepi,Benar,68.03
S6_HD,1.mp4,44.00,3,2,2,0,1,100.00%,66.67%,Sepi,Sepi,Benar,69.59
S6_HD,1.mp4,44.50,3,1,1,0,2,100.00%,33.33%,Sepi,Sepi,Benar,66.42
S6_HD,1.mp4,45.00,3,1,1,0,2,100.00%,33.33%,Sepi,Sepi,Benar,67.14
S6_HD,1.mp4,45.50,3,1,1,0,2,100.00%,33.33%,Sepi,Sepi,Benar,68.77
S6_HD,1.mp4,46.00,3,2,2,0,1,100.00%,66.67%,Sepi,Sepi,Benar,75.22
S6_HD,1.mp4,46.50,3,2,2,0,1,100.00%,66.67%,Sepi,Sepi,Benar,68.60
S6_HD,1.mp4,47.00,3,2,2,0,1,100.00%,66.67%,Sepi,Sepi,Benar,67.06
S6_HD,1.mp4,47.50,3,2,2,0,1,100.00%,66.67%,Sepi,Sepi,Benar,70.34
S6_HD,1.mp4,48.00,3,2,2,0,1,100.00%,66.67%,Sepi,Sepi,Benar,65.94
S6_HD,1.mp4,48.50,3,1,1,0,2,100.00%,33.33%,Sepi,Sepi,Benar,64.81
S6_HD,1.mp4,49.00,3,1,1,0,2,100.00%,33.33%,Sepi,Sepi,Benar,68.42
S6_HD,1.mp4,49.50,3,1,1,0,2,100.00%,33.33%,Sepi,Sepi,Benar,68.73
S6_HD,1.mp4,50.00,3,1,1,0,2,100.00%,33.33%,Sepi,Sepi,Benar,66.59
S6_HD,1.mp4,50.50,3,2,2,0,1,100.00%,66.67%,Sepi,Sepi,Benar,69.13
S6_HD,1.mp4,51.00,3,1,1,0,2,100.00%,33.33%,Sepi,Sepi,Benar,68.28
S6_HD,1.mp4,51.50,3,1,1,0,2,100.00%,33.33%,Sepi,Sepi,Benar,69.15
S6_HD,1.mp4,52.00,3,1,1,0,2,100.00%,33.33%,Sepi,Sepi,Benar,70.39
S6_HD,1.mp4,52.50,3,2,2,0,1,100.00%,66.67%,Sepi,Sepi,Benar,74.75
S6_HD,1.mp4,53.00,3,3,3,0,0,100.00%,100.00%,Sepi,Sepi,Benar,70.01
S6_HD,1.mp4,53.50,3,3,3,0,0,100.00%,100.00%,Sepi,Sepi,Benar,71.09
S6_HD,1.mp4,54.00,3,2,2,0,1,100.00%,66.67%,Sepi,Sepi,Benar,72.05
S6_HD,1.mp4,54.50,3,2,2,0,1,100.00%,66.67%,Sepi,Sepi,Benar,83.41
S6_HD,1.mp4,55.00,3,1,1,0,2,100.00%,33.33%,Sepi,Sepi,Benar,71.24
S6_HD,1.mp4,55.50,3,2,2,0,1,100.00%,66.67%,Sepi,Sepi,Benar,68.38
S6_HD,1.mp4,56.00,3,2,2,0,1,100.00%,66.67%,Sepi,Sepi,Benar,68.33
S6_HD,1.mp4,56.50,3,2,2,0,1,100.00%,66.67%,Sepi,Sepi,Benar,69.54
S6_HD,1.mp4,57.00,3,2,2,0,1,100.00%,66.67%,Sepi,Sepi,Benar,72.61
S6_HD,1.mp4,57.50,3,2,2,0,1,100.00%,66.67%,Sepi,Sepi,Benar,76.96
S6_HD,1.mp4,58.00,3,2,2,0,1,100.00%,66.67%,Sepi,Sepi,Benar,74.85
S6_HD,1.mp4,58.50,3,2,2,0,1,100.00%,66.67%,Sepi,Sepi,Benar,68.77
S6_HD,1.mp4,59.00,3,1,1,0,2,100.00%,33.33%,Sepi,Sepi,Benar,66.74
S6_HD,1.mp4,59.50,3,1,1,0,2,100.00%,33.33%,Sepi,Sepi,Benar,65.18
S6_HD,2.mp4,0.00,12,1,1,0,11,100.00%,8.33%,Ramai,Sepi,Salah,66.83
S6_HD,2.mp4,0.50,12,3,3,0,9,100.00%,25.00%,Ramai,Sepi,Salah,68.93
S6_HD,2.mp4,1.00,12,5,5,0,7,100.00%,41.67%,Ramai,Sedang,Salah,67.82
S6_HD,2.mp4,1.50,12,5,5,0,7,100.00%,41.67%,Ramai,Sedang,Salah,69.02
S6_HD,2.mp4,2.00,12,6,6,0,6,100.00%,50.00%,Ramai,Sedang,Salah,67.49
S6_HD,2.mp4,2.50,12,6,6,0,6,100.00%,50.00%,Ramai,Sedang,Salah,68.17
S6_HD,2.mp4,3.00,12,6,6,0,6,100.00%,50.00%,Ramai,Sedang,Salah,67.59
S6_HD,2.mp4,3.50,12,5,5,0,7,100.00%,41.67%,Ramai,Sedang,Salah,68.83
S6_HD,2.mp4,4.00,12,5,5,0,7,100.00%,41.67%,Ramai,Sedang,Salah,67.03
S6_HD,2.mp4,4.50,12,4,4,0,8,100.00%,33.33%,Ramai,Sepi,Salah,71.84
S6_HD,2.mp4,5.00,12,4,4,0,8,100.00%,33.33%,Ramai,Sepi,Salah,66.88
S6_HD,2.mp4,5.50,14,4,4,0,10,100.00%,28.57%,Ramai,Sepi,Salah,69.79
S6_HD,2.mp4,6.00,14,5,5,0,9,100.00%,35.71%,Ramai,Sedang,Salah,70.16
S6_HD,2.mp4,6.50,14,5,5,0,9,100.00%,35.71%,Ramai,Sedang,Salah,67.51
S6_HD,2.mp4,7.00,14,5,5,0,9,100.00%,35.71%,Ramai,Sedang,Salah,67.38
S6_HD,2.mp4,7.50,14,5,5,0,9,100.00%,35.71%,Ramai,Sedang,Salah,69.45
S6_HD,2.mp4,8.00,14,6,6,0,8,100.00%,42.86%,Ramai,Sedang,Salah,66.54
S6_HD,2.mp4,8.50,14,6,6,0,8,100.00%,42.86%,Ramai,Sedang,Salah,69.27
S6_HD,2.mp4,9.00,14,5,5,0,9,100.00%,35.71%,Ramai,Sedang,Salah,69.29
S6_HD,2.mp4,9.50,14,4,4,0,10,100.00%,28.57%,Ramai,Sepi,Salah,67.59
S6_HD,2.mp4,10.00,14,4,4,0,10,100.00%,28.57%,Ramai,Sepi,Salah,66.67
S6_HD,2.mp4,10.50,14,4,4,0,10,100.00%,28.57%,Ramai,Sepi,Salah,73.19
S6_HD,2.mp4,11.00,14,4,4,0,10,100.00%,28.57%,Ramai,Sepi,Salah,68.81
S6_HD,2.mp4,11.50,14,4,4,0,10,100.00%,28.57%,Ramai,Sepi,Salah,75.12
S6_HD,2.mp4,12.00,14,5,5,0,9,100.00%,35.71%,Ramai,Sedang,Salah,67.37
S6_HD,2.mp4,12.50,14,4,4,0,10,100.00%,28.57%,Ramai,Sepi,Salah,68.30
S6_HD,2.mp4,13.00,14,5,5,0,9,100.00%,35.71%,Ramai,Sedang,Salah,66.65
S6_HD,2.mp4,13.50,14,5,5,0,9,100.00%,35.71%,Ramai,Sedang,Salah,68.17
S6_HD,2.mp4,14.00,14,5,5,0,9,100.00%,35.71%,Ramai,Sedang,Salah,70.82
S6_HD,2.mp4,14.50,14,5,5,0,9,100.00%,35.71%,Ramai,Sedang,Salah,69.67
S6_HD,2.mp4,15.00,14,5,5,0,9,100.00%,35.71%,Ramai,Sedang,Salah,65.59
S6_HD,2.mp4,15.50,15,5,5,0,10,100.00%,33.33%,Ramai,Sedang,Salah,71.07
S6_HD,2.mp4,16.00,15,5,5,0,10,100.00%,33.33%,Ramai,Sedang,Salah,70.88
S6_HD,2.mp4,16.50,15,4,4,0,11,100.00%,26.67%,Ramai,Sepi,Salah,85.48
S6_HD,2.mp4,17.00,15,4,4,0,11,100.00%,26.67%,Ramai,Sepi,Salah,74.26
S6_HD,2.mp4,17.50,14,5,5,0,9,100.00%,35.71%,Ramai,Sedang,Salah,81.51
S6_HD,2.mp4,18.00,14,5,5,0,9,100.00%,35.71%,Ramai,Sedang,Salah,78.09
S6_HD,2.mp4,18.50,14,4,4,0,10,100.00%,28.57%,Ramai,Sepi,Salah,76.15
S6_HD,2.mp4,19.00,14,4,4,0,10,100.00%,28.57%,Ramai,Sepi,Salah,85.93
S6_HD,2.mp4,19.50,14,4,4,0,10,100.00%,28.57%,Ramai,Sepi,Salah,79.54
S6_HD,2.mp4,20.00,14,5,5,0,9,100.00%,35.71%,Ramai,Sedang,Salah,75.16
S6_HD,2.mp4,20.50,14,5,5,0,9,100.00%,35.71%,Ramai,Sedang,Salah,81.17
S6_HD,2.mp4,21.00,14,4,4,0,10,100.00%,28.57%,Ramai,Sepi,Salah,77.65
S6_HD,2.mp4,21.50,14,3,3,0,11,100.00%,21.43%,Ramai,Sepi,Salah,73.21
S6_HD,2.mp4,22.00,14,3,3,0,11,100.00%,21.43%,Ramai,Sepi,Salah,71.11
S6_HD,2.mp4,22.50,14,3,3,0,11,100.00%,21.43%,Ramai,Sepi,Salah,67.96
S6_HD,2.mp4,23.00,14,3,3,0,11,100.00%,21.43%,Ramai,Sepi,Salah,69.39
S6_HD,2.mp4,23.50,14,2,2,0,12,100.00%,14.29%,Ramai,Sepi,Salah,67.30
S6_HD,2.mp4,24.00,14,1,1,0,13,100.00%,7.14%,Ramai,Sepi,Salah,66.90
S6_HD,2.mp4,24.50,14,2,2,0,12,100.00%,14.29%,Ramai,Sepi,Salah,67.43
S6_HD,2.mp4,25.00,14,2,2,0,12,100.00%,14.29%,Ramai,Sepi,Salah,70.96
S6_HD,2.mp4,25.50,14,3,3,0,11,100.00%,21.43%,Ramai,Sepi,Salah,75.84
S6_HD,2.mp4,26.00,14,3,3,0,11,100.00%,21.43%,Ramai,Sepi,Salah,66.05
S6_HD,2.mp4,26.50,13,3,3,0,10,100.00%,23.08%,Ramai,Sepi,Salah,69.98
S6_HD,2.mp4,27.00,13,3,3,0,10,100.00%,23.08%,Ramai,Sepi,Salah,65.66
S6_HD,2.mp4,27.50,13,3,3,0,10,100.00%,23.08%,Ramai,Sepi,Salah,67.84
S6_HD,2.mp4,28.00,13,3,3,0,10,100.00%,23.08%,Ramai,Sepi,Salah,66.05
S6_HD,2.mp4,28.50,13,3,3,0,10,100.00%,23.08%,Ramai,Sepi,Salah,67.46
S6_HD,2.mp4,29.00,13,3,3,0,10,100.00%,23.08%,Ramai,Sepi,Salah,75.29
S6_HD,2.mp4,29.50,12,3,3,0,9,100.00%,25.00%,Ramai,Sepi,Salah,69.10
S6_HD,2.mp4,30.00,12,2,2,0,10,100.00%,16.67%,Ramai,Sepi,Salah,68.25
S6_HD,2.mp4,30.50,12,2,2,0,10,100.00%,16.67%,Ramai,Sepi,Salah,69.52
S6_HD,2.mp4,31.00,12,1,1,0,11,100.00%,8.33%,Ramai,Sepi,Salah,65.83
S6_HD,2.mp4,31.50,12,1,1,0,11,100.00%,8.33%,Ramai,Sepi,Salah,64.14
S6_HD,2.mp4,32.00,12,1,1,0,11,100.00%,8.33%,Ramai,Sepi,Salah,65.23
S6_HD,2.mp4,32.50,12,1,1,0,11,100.00%,8.33%,Ramai,Sepi,Salah,66.25
S6_HD,2.mp4,33.00,12,2,2,0,10,100.00%,16.67%,Ramai,Sepi,Salah,71.81
S6_HD,2.mp4,33.50,12,2,2,0,10,100.00%,16.67%,Ramai,Sepi,Salah,77.27
S6_HD,2.mp4,34.00,12,2,2,0,10,100.00%,16.67%,Ramai,Sepi,Salah,65.83
S6_HD,2.mp4,34.50,12,2,2,0,10,100.00%,16.67%,Ramai,Sepi,Salah,67.17
S6_HD,2.mp4,35.00,12,1,1,0,11,100.00%,8.33%,Ramai,Sepi,Salah,65.38
S6_HD,2.mp4,35.50,12,1,1,0,11,100.00%,8.33%,Ramai,Sepi,Salah,61.37
S6_HD,2.mp4,36.00,12,1,1,0,11,100.00%,8.33%,Ramai,Sepi,Salah,67.94
S6_HD,2.mp4,36.50,12,1,1,0,11,100.00%,8.33%,Ramai,Sepi,Salah,68.23
S6_HD,2.mp4,37.00,12,2,2,0,10,100.00%,16.67%,Ramai,Sepi,Salah,69.91
S6_HD,2.mp4,37.50,12,2,2,0,10,100.00%,16.67%,Ramai,Sepi,Salah,73.41
S6_HD,2.mp4,38.00,12,1,1,0,11,100.00%,8.33%,Ramai,Sepi,Salah,67.32
S6_HD,2.mp4,38.50,12,1,1,0,11,100.00%,8.33%,Ramai,Sepi,Salah,67.18
S6_HD,2.mp4,39.00,12,1,1,0,11,100.00%,8.33%,Ramai,Sepi,Salah,66.90
S6_HD,2.mp4,39.50,12,1,1,0,11,100.00%,8.33%,Ramai,Sepi,Salah,67.30
S6_XGA,1.mp4,0.00,5,3,3,0,2,100.00%,60.00%,Sedang,Sepi,Salah,75.79
S6_XGA,1.mp4,0.25,5,3,3,0,2,100.00%,60.00%,Sedang,Sepi,Salah,110.36
S6_XGA,1.mp4,0.50,5,3,3,0,2,100.00%,60.00%,Sedang,Sepi,Salah,71.29
S6_XGA,1.mp4,0.75,5,2,2,0,3,100.00%,40.00%,Sedang,Sepi,Salah,62.73
S6_XGA,1.mp4,1.00,5,2,2,0,3,100.00%,40.00%,Sedang,Sepi,Salah,58.16
S6_XGA,1.mp4,1.25,5,3,3,0,2,100.00%,60.00%,Sedang,Sepi,Salah,60.85
S6_XGA,1.mp4,1.50,5,3,3,0,2,100.00%,60.00%,Sedang,Sepi,Salah,57.57
S6_XGA,1.mp4,1.75,5,3,3,0,2,100.00%,60.00%,Sedang,Sepi,Salah,63.26
S6_XGA,1.mp4,2.00,5,3,3,0,2,100.00%,60.00%,Sedang,Sepi,Salah,56.25
S6_XGA,1.mp4,2.25,5,4,4,0,1,100.00%,80.00%,Sedang,Sepi,Salah,57.53
S6_XGA,1.mp4,2.50,5,4,4,0,1,100.00%,80.00%,Sedang,Sepi,Salah,61.96
S6_XGA,1.mp4,2.75,5,4,4,0,1,100.00%,80.00%,Sedang,Sepi,Salah,60.76
S6_XGA,1.mp4,3.00,5,4,4,0,1,100.00%,80.00%,Sedang,Sepi,Salah,55.46
S6_XGA,1.mp4,3.25,5,4,4,0,1,100.00%,80.00%,Sedang,Sepi,Salah,57.01
S6_XGA,1.mp4,3.50,5,4,4,0,1,100.00%,80.00%,Sedang,Sepi,Salah,56.63
S6_XGA,1.mp4,3.75,5,4,4,0,1,100.00%,80.00%,Sedang,Sepi,Salah,59.64
S6_XGA,1.mp4,4.00,5,3,3,0,2,100.00%,60.00%,Sedang,Sepi,Salah,57.39
S6_XGA,1.mp4,4.25,5,3,3,0,2,100.00%,60.00%,Sedang,Sepi,Salah,56.13
S6_XGA,1.mp4,4.50,5,3,3,0,2,100.00%,60.00%,Sedang,Sepi,Salah,59.07
S6_XGA,1.mp4,4.75,5,3,3,0,2,100.00%,60.00%,Sedang,Sepi,Salah,64.28
S6_XGA,1.mp4,5.00,5,3,3,0,2,100.00%,60.00%,Sedang,Sepi,Salah,60.69
S6_XGA,1.mp4,5.25,5,3,3,0,2,100.00%,60.00%,Sedang,Sepi,Salah,61.32
S6_XGA,1.mp4,5.50,5,3,3,0,2,100.00%,60.00%,Sedang,Sepi,Salah,67.50
S6_XGA,1.mp4,5.75,5,3,3,0,2,100.00%,60.00%,Sedang,Sepi,Salah,61.62
S6_XGA,1.mp4,6.00,5,3,3,0,2,100.00%,60.00%,Sedang,Sepi,Salah,58.60
S6_XGA,1.mp4,6.25,4,2,2,0,2,100.00%,50.00%,Sepi,Sepi,Benar,73.77
S6_XGA,1.mp4,6.50,4,2,2,0,2,100.00%,50.00%,Sepi,Sepi,Benar,59.45
S6_XGA,1.mp4,6.75,4,2,2,0,2,100.00%,50.00%,Sepi,Sepi,Benar,63.60
S6_XGA,1.mp4,7.00,4,3,3,0,1,100.00%,75.00%,Sepi,Sepi,Benar,57.81
S6_XGA,1.mp4,7.25,4,2,2,0,2,100.00%,50.00%,Sepi,Sepi,Benar,66.21
S6_XGA,1.mp4,7.50,4,2,2,0,2,100.00%,50.00%,Sepi,Sepi,Benar,58.64
S6_XGA,1.mp4,7.75,4,2,2,0,2,100.00%,50.00%,Sepi,Sepi,Benar,79.37
S6_XGA,1.mp4,8.00,4,2,2,0,2,100.00%,50.00%,Sepi,Sepi,Benar,71.96
S6_XGA,1.mp4,8.25,4,2,2,0,2,100.00%,50.00%,Sepi,Sepi,Benar,74.10
S6_XGA,1.mp4,8.50,4,2,2,0,2,100.00%,50.00%,Sepi,Sepi,Benar,84.41
S6_XGA,1.mp4,8.75,4,2,2,0,2,100.00%,50.00%,Sepi,Sepi,Benar,87.97
S6_XGA,1.mp4,9.00,4,2,2,0,2,100.00%,50.00%,Sepi,Sepi,Benar,78.91
S6_XGA,1.mp4,9.25,4,2,2,0,2,100.00%,50.00%,Sepi,Sepi,Benar,71.62
S6_XGA,1.mp4,9.50,4,2,2,0,2,100.00%,50.00%,Sepi,Sepi,Benar,72.94
S6_XGA,1.mp4,9.75,4,2,2,0,2,100.00%,50.00%,Sepi,Sepi,Benar,75.20
S6_XGA,1.mp4,10.00,4,2,2,0,2,100.00%,50.00%,Sepi,Sepi,Benar,68.89
S6_XGA,1.mp4,10.25,4,2,2,0,2,100.00%,50.00%,Sepi,Sepi,Benar,81.48
S6_XGA,1.mp4,10.50,4,2,2,0,2,100.00%,50.00%,Sepi,Sepi,Benar,76.70
S6_XGA,1.mp4,10.75,4,2,2,0,2,100.00%,50.00%,Sepi,Sepi,Benar,77.99
S6_XGA,1.mp4,11.00,4,2,2,0,2,100.00%,50.00%,Sepi,Sepi,Benar,68.79
S6_XGA,1.mp4,11.25,4,3,3,0,1,100.00%,75.00%,Sepi,Sepi,Benar,76.05
S6_XGA,1.mp4,11.50,4,3,3,0,1,100.00%,75.00%,Sepi,Sepi,Benar,73.14
S6_XGA,1.mp4,11.75,4,3,3,0,1,100.00%,75.00%,Sepi,Sepi,Benar,73.20
S6_XGA,1.mp4,12.00,4,3,3,0,1,100.00%,75.00%,Sepi,Sepi,Benar,71.87
S6_XGA,1.mp4,12.25,4,3,3,0,1,100.00%,75.00%,Sepi,Sepi,Benar,71.80
S6_XGA,1.mp4,12.50,4,3,3,0,1,100.00%,75.00%,Sepi,Sepi,Benar,73.09
S6_XGA,1.mp4,12.75,4,3,3,0,1,100.00%,75.00%,Sepi,Sepi,Benar,74.46
S6_XGA,1.mp4,13.00,4,3,3,0,1,100.00%,75.00%,Sepi,Sepi,Benar,75.02
S6_XGA,1.mp4,13.25,4,3,3,0,1,100.00%,75.00%,Sepi,Sepi,Benar,73.75
S6_XGA,1.mp4,13.50,4,3,3,0,1,100.00%,75.00%,Sepi,Sepi,Benar,73.81
S6_XGA,1.mp4,13.75,4,3,3,0,1,100.00%,75.00%,Sepi,Sepi,Benar,74.73
S6_XGA,1.mp4,14.00,4,3,3,0,1,100.00%,75.00%,Sepi,Sepi,Benar,79.65
S6_XGA,1.mp4,14.25,4,3,3,0,1,100.00%,75.00%,Sepi,Sepi,Benar,74.84
S6_XGA,1.mp4,14.50,4,3,3,0,1,100.00%,75.00%,Sepi,Sepi,Benar,73.19
S6_XGA,1.mp4,14.75,4,3,3,0,1,100.00%,75.00%,Sepi,Sepi,Benar,80.55
S6_XGA,1.mp4,15.00,4,3,3,0,1,100.00%,75.00%,Sepi,Sepi,Benar,76.64
S6_XGA,1.mp4,15.25,4,3,3,0,1,100.00%,75.00%,Sepi,Sepi,Benar,69.78
S6_XGA,1.mp4,15.50,4,3,3,0,1,100.00%,75.00%,Sepi,Sepi,Benar,71.61
S6_XGA,1.mp4,15.75,4,3,3,0,1,100.00%,75.00%,Sepi,Sepi,Benar,72.03
S6_XGA,1.mp4,16.00,4,3,3,0,1,100.00%,75.00%,Sepi,Sepi,Benar,77.74
S6_XGA,1.mp4,16.25,4,3,3,0,1,100.00%,75.00%,Sepi,Sepi,Benar,72.43
S6_XGA,1.mp4,16.50,4,3,3,0,1,100.00%,75.00%,Sepi,Sepi,Benar,70.45
S6_XGA,1.mp4,16.75,4,3,3,0,1,100.00%,75.00%,Sepi,Sepi,Benar,78.88
S6_XGA,1.mp4,17.00,4,3,3,0,1,100.00%,75.00%,Sepi,Sepi,Benar,68.11
S6_XGA,1.mp4,17.25,4,4,4,0,0,100.00%,100.00%,Sepi,Sepi,Benar,73.71
S6_XGA,1.mp4,17.50,4,4,4,0,0,100.00%,100.00%,Sepi,Sepi,Benar,71.95
S6_XGA,1.mp4,17.75,4,4,4,0,0,100.00%,100.00%,Sepi,Sepi,Benar,71.31
S6_XGA,1.mp4,18.00,4,3,3,0,1,100.00%,75.00%,Sepi,Sepi,Benar,69.37
S6_XGA,1.mp4,18.25,4,3,3,0,1,100.00%,75.00%,Sepi,Sepi,Benar,71.37
S6_XGA,1.mp4,18.50,4,3,3,0,1,100.00%,75.00%,Sepi,Sepi,Benar,71.40
S6_XGA,1.mp4,18.75,4,3,3,0,1,100.00%,75.00%,Sepi,Sepi,Benar,70.61
S6_XGA,1.mp4,19.00,4,3,3,0,1,100.00%,75.00%,Sepi,Sepi,Benar,69.63
S6_XGA,1.mp4,19.25,4,3,3,0,1,100.00%,75.00%,Sepi,Sepi,Benar,70.03
S6_XGA,1.mp4,19.50,4,4,4,0,0,100.00%,100.00%,Sepi,Sepi,Benar,71.10
S6_XGA,1.mp4,19.75,4,4,4,0,0,100.00%,100.00%,Sepi,Sepi,Benar,73.26
S6_XGA,1.mp4,20.00,4,4,4,0,0,100.00%,100.00%,Sepi,Sepi,Benar,69.44
S6_XGA,1.mp4,20.25,5,4,4,0,1,100.00%,80.00%,Sedang,Sepi,Salah,69.86
S6_XGA,1.mp4,20.50,5,3,3,0,2,100.00%,60.00%,Sedang,Sepi,Salah,70.18
S6_XGA,1.mp4,20.75,5,3,3,0,2,100.00%,60.00%,Sedang,Sepi,Salah,74.40
S6_XGA,1.mp4,21.00,5,4,4,0,1,100.00%,80.00%,Sedang,Sepi,Salah,71.12
S6_XGA,1.mp4,21.25,5,4,4,0,1,100.00%,80.00%,Sedang,Sepi,Salah,71.01
S6_XGA,1.mp4,21.50,5,4,4,0,1,100.00%,80.00%,Sedang,Sepi,Salah,69.86
S6_XGA,1.mp4,21.75,5,4,4,0,1,100.00%,80.00%,Sedang,Sepi,Salah,74.37
S6_XGA,1.mp4,22.00,5,3,3,0,2,100.00%,60.00%,Sedang,Sepi,Salah,70.52
S6_XGA,1.mp4,22.25,4,3,3,0,1,100.00%,75.00%,Sepi,Sepi,Benar,70.21
S6_XGA,1.mp4,22.50,4,3,3,0,1,100.00%,75.00%,Sepi,Sepi,Benar,73.14
S6_XGA,1.mp4,22.75,4,3,3,0,1,100.00%,75.00%,Sepi,Sepi,Benar,74.19
S6_XGA,1.mp4,23.00,4,3,3,0,1,100.00%,75.00%,Sepi,Sepi,Benar,68.90
S6_XGA,1.mp4,23.25,4,3,3,0,1,100.00%,75.00%,Sepi,Sepi,Benar,69.05
S6_XGA,1.mp4,23.50,4,3,3,0,1,100.00%,75.00%,Sepi,Sepi,Benar,71.53
S6_XGA,1.mp4,23.75,4,3,3,0,1,100.00%,75.00%,Sepi,Sepi,Benar,73.64
S6_XGA,1.mp4,24.00,4,2,2,0,2,100.00%,50.00%,Sepi,Sepi,Benar,69.71
S6_XGA,1.mp4,24.25,4,1,1,0,3,100.00%,25.00%,Sepi,Sepi,Benar,71.83
S6_XGA,1.mp4,24.50,4,1,1,0,3,100.00%,25.00%,Sepi,Sepi,Benar,68.00
S6_XGA,1.mp4,24.75,4,1,1,0,3,100.00%,25.00%,Sepi,Sepi,Benar,72.15
S6_XGA,1.mp4,25.00,4,1,1,0,3,100.00%,25.00%,Sepi,Sepi,Benar,74.15
S6_XGA,1.mp4,25.25,4,1,1,0,3,100.00%,25.00%,Sepi,Sepi,Benar,70.55
S6_XGA,1.mp4,25.50,4,2,2,0,2,100.00%,50.00%,Sepi,Sepi,Benar,70.13
S6_XGA,1.mp4,25.75,4,2,2,0,2,100.00%,50.00%,Sepi,Sepi,Benar,83.76
S6_XGA,1.mp4,26.00,4,2,2,0,2,100.00%,50.00%,Sepi,Sepi,Benar,69.63
S6_XGA,1.mp4,26.25,4,2,2,0,2,100.00%,50.00%,Sepi,Sepi,Benar,71.00
S6_XGA,1.mp4,26.50,4,2,2,0,2,100.00%,50.00%,Sepi,Sepi,Benar,72.82
S6_XGA,1.mp4,26.75,4,2,2,0,2,100.00%,50.00%,Sepi,Sepi,Benar,71.30
S6_XGA,1.mp4,27.00,4,2,2,0,2,100.00%,50.00%,Sepi,Sepi,Benar,71.44
S6_XGA,1.mp4,27.25,4,2,2,0,2,100.00%,50.00%,Sepi,Sepi,Benar,74.13
S6_XGA,1.mp4,27.50,4,2,2,0,2,100.00%,50.00%,Sepi,Sepi,Benar,71.32
S6_XGA,1.mp4,27.75,4,2,2,0,2,100.00%,50.00%,Sepi,Sepi,Benar,77.34
S6_XGA,1.mp4,28.00,4,2,2,0,2,100.00%,50.00%,Sepi,Sepi,Benar,75.69
S6_XGA,1.mp4,28.25,4,1,1,0,3,100.00%,25.00%,Sepi,Sepi,Benar,68.74
S6_XGA,1.mp4,28.50,4,1,1,0,3,100.00%,25.00%,Sepi,Sepi,Benar,69.22
S6_XGA,1.mp4,28.75,4,1,1,0,3,100.00%,25.00%,Sepi,Sepi,Benar,77.83
S6_XGA,1.mp4,29.00,4,1,1,0,3,100.00%,25.00%,Sepi,Sepi,Benar,70.15
S6_XGA,1.mp4,29.25,4,1,1,0,3,100.00%,25.00%,Sepi,Sepi,Benar,74.75
S6_XGA,1.mp4,29.50,4,1,1,0,3,100.00%,25.00%,Sepi,Sepi,Benar,69.33
S6_XGA,1.mp4,29.75,4,1,1,0,3,100.00%,25.00%,Sepi,Sepi,Benar,71.77
S6_XGA,1.mp4,30.00,4,1,1,0,3,100.00%,25.00%,Sepi,Sepi,Benar,67.98
S6_XGA,1.mp4,30.25,4,2,2,0,2,100.00%,50.00%,Sepi,Sepi,Benar,70.33
S6_XGA,1.mp4,30.50,4,3,3,0,1,100.00%,75.00%,Sepi,Sepi,Benar,71.55
S6_XGA,1.mp4,30.75,4,3,3,0,1,100.00%,75.00%,Sepi,Sepi,Benar,78.07
S6_XGA,1.mp4,31.00,4,2,2,0,2,100.00%,50.00%,Sepi,Sepi,Benar,74.77
S6_XGA,1.mp4,31.25,4,2,2,0,2,100.00%,50.00%,Sepi,Sepi,Benar,73.31
S6_XGA,1.mp4,31.50,4,3,3,0,1,100.00%,75.00%,Sepi,Sepi,Benar,70.76
S6_XGA,1.mp4,31.75,4,3,3,0,1,100.00%,75.00%,Sepi,Sepi,Benar,70.38
S6_XGA,1.mp4,32.00,4,2,2,0,2,100.00%,50.00%,Sepi,Sepi,Benar,73.00
S6_XGA,1.mp4,32.25,3,2,2,0,1,100.00%,66.67%,Sepi,Sepi,Benar,77.34
S6_XGA,1.mp4,32.50,3,2,2,0,1,100.00%,66.67%,Sepi,Sepi,Benar,71.58
S6_XGA,1.mp4,32.75,3,2,2,0,1,100.00%,66.67%,Sepi,Sepi,Benar,75.34
S6_XGA,1.mp4,33.00,3,1,1,0,2,100.00%,33.33%,Sepi,Sepi,Benar,76.50
S6_XGA,1.mp4,33.25,3,1,1,0,2,100.00%,33.33%,Sepi,Sepi,Benar,71.65
S6_XGA,1.mp4,33.50,3,1,1,0,2,100.00%,33.33%,Sepi,Sepi,Benar,76.03
S6_XGA,1.mp4,33.75,3,2,2,0,1,100.00%,66.67%,Sepi,Sepi,Benar,77.01
S6_XGA,1.mp4,34.00,3,2,2,0,1,100.00%,66.67%,Sepi,Sepi,Benar,73.42
S6_XGA,1.mp4,34.25,3,2,2,0,1,100.00%,66.67%,Sepi,Sepi,Benar,75.28
S6_XGA,1.mp4,34.50,3,2,2,0,1,100.00%,66.67%,Sepi,Sepi,Benar,72.86
S6_XGA,1.mp4,34.75,3,2,2,0,1,100.00%,66.67%,Sepi,Sepi,Benar,73.91
S6_XGA,1.mp4,35.00,3,2,2,0,1,100.00%,66.67%,Sepi,Sepi,Benar,71.22
S6_XGA,1.mp4,35.25,3,2,2,0,1,100.00%,66.67%,Sepi,Sepi,Benar,69.64
S6_XGA,1.mp4,35.50,3,3,3,0,0,100.00%,100.00%,Sepi,Sepi,Benar,70.76
S6_XGA,1.mp4,35.75,3,3,3,0,0,100.00%,100.00%,Sepi,Sepi,Benar,77.54
S6_XGA,1.mp4,36.00,3,3,3,0,0,100.00%,100.00%,Sepi,Sepi,Benar,72.38
S6_XGA,1.mp4,36.25,3,2,2,0,1,100.00%,66.67%,Sepi,Sepi,Benar,78.92
S6_XGA,1.mp4,36.50,3,2,2,0,1,100.00%,66.67%,Sepi,Sepi,Benar,73.20
S6_XGA,1.mp4,36.75,3,2,2,0,1,100.00%,66.67%,Sepi,Sepi,Benar,73.59
S6_XGA,1.mp4,37.00,3,2,2,0,1,100.00%,66.67%,Sepi,Sepi,Benar,70.55
S6_XGA,1.mp4,37.25,3,3,3,0,0,100.00%,100.00%,Sepi,Sepi,Benar,75.84
S6_XGA,1.mp4,37.50,3,3,3,0,0,100.00%,100.00%,Sepi,Sepi,Benar,70.82
S6_XGA,1.mp4,37.75,3,3,3,0,0,100.00%,100.00%,Sepi,Sepi,Benar,78.29
S6_XGA,1.mp4,38.00,3,3,3,0,0,100.00%,100.00%,Sepi,Sepi,Benar,71.26
S6_XGA,1.mp4,38.25,3,2,2,0,1,100.00%,66.67%,Sepi,Sepi,Benar,75.38
S6_XGA,1.mp4,38.50,3,3,3,0,0,100.00%,100.00%,Sepi,Sepi,Benar,73.48
S6_XGA,1.mp4,38.75,3,2,2,0,1,100.00%,66.67%,Sepi,Sepi,Benar,71.50
S6_XGA,1.mp4,39.00,3,3,3,0,0,100.00%,100.00%,Sepi,Sepi,Benar,72.13
S6_XGA,1.mp4,39.25,3,3,3,0,0,100.00%,100.00%,Sepi,Sepi,Benar,70.92
S6_XGA,1.mp4,39.50,3,3,3,0,0,100.00%,100.00%,Sepi,Sepi,Benar,72.16
S6_XGA,1.mp4,39.75,3,3,3,0,0,100.00%,100.00%,Sepi,Sepi,Benar,74.37
S6_XGA,1.mp4,40.00,3,3,3,0,0,100.00%,100.00%,Sepi,Sepi,Benar,70.85
S6_XGA,1.mp4,40.25,3,2,2,0,1,100.00%,66.67%,Sepi,Sepi,Benar,75.33
S6_XGA,1.mp4,40.50,3,2,2,0,1,100.00%,66.67%,Sepi,Sepi,Benar,76.48
S6_XGA,1.mp4,40.75,3,2,2,0,1,100.00%,66.67%,Sepi,Sepi,Benar,68.49
S6_XGA,1.mp4,41.00,3,2,2,0,1,100.00%,66.67%,Sepi,Sepi,Benar,69.56
S6_XGA,1.mp4,41.25,3,1,1,0,2,100.00%,33.33%,Sepi,Sepi,Benar,66.40
S6_XGA,1.mp4,41.50,3,1,1,0,2,100.00%,33.33%,Sepi,Sepi,Benar,73.74
S6_XGA,1.mp4,41.75,3,0,0,0,3,0.00%,0.00%,Sepi,Sepi,Benar,69.80
S6_XGA,1.mp4,42.00,3,1,1,0,2,100.00%,33.33%,Sepi,Sepi,Benar,71.34
S6_XGA,1.mp4,42.25,3,1,1,0,2,100.00%,33.33%,Sepi,Sepi,Benar,72.95
S6_XGA,1.mp4,42.50,3,1,1,0,2,100.00%,33.33%,Sepi,Sepi,Benar,83.87
S6_XGA,1.mp4,42.75,3,1,1,0,2,100.00%,33.33%,Sepi,Sepi,Benar,92.24
S6_XGA,1.mp4,43.00,3,1,1,0,2,100.00%,33.33%,Sepi,Sepi,Benar,68.00
S6_XGA,1.mp4,43.25,3,1,1,0,2,100.00%,33.33%,Sepi,Sepi,Benar,69.25
S6_XGA,1.mp4,43.50,3,1,1,0,2,100.00%,33.33%,Sepi,Sepi,Benar,70.83
S6_XGA,1.mp4,43.75,3,1,1,0,2,100.00%,33.33%,Sepi,Sepi,Benar,69.98
S6_XGA,1.mp4,44.00,3,1,1,0,2,100.00%,33.33%,Sepi,Sepi,Benar,75.20
S6_XGA,1.mp4,44.25,3,1,1,0,2,100.00%,33.33%,Sepi,Sepi,Benar,67.98
S6_XGA,1.mp4,44.50,3,1,1,0,2,100.00%,33.33%,Sepi,Sepi,Benar,70.09
S6_XGA,1.mp4,44.75,3,1,1,0,2,100.00%,33.33%,Sepi,Sepi,Benar,71.93
S6_XGA,1.mp4,45.00,3,1,1,0,2,100.00%,33.33%,Sepi,Sepi,Benar,75.51
S6_XGA,1.mp4,45.25,3,1,1,0,2,100.00%,33.33%,Sepi,Sepi,Benar,70.57
S6_XGA,1.mp4,45.50,3,1,1,0,2,100.00%,33.33%,Sepi,Sepi,Benar,69.32
S6_XGA,1.mp4,45.75,3,0,0,0,3,0.00%,0.00%,Sepi,Sepi,Benar,65.93
S6_XGA,1.mp4,46.00,3,0,0,0,3,0.00%,0.00%,Sepi,Sepi,Benar,69.68
S6_XGA,1.mp4,46.25,3,0,0,0,3,0.00%,0.00%,Sepi,Sepi,Benar,66.47
S6_XGA,1.mp4,46.50,3,0,0,0,3,0.00%,0.00%,Sepi,Sepi,Benar,67.86
S6_XGA,1.mp4,46.75,3,0,0,0,3,0.00%,0.00%,Sepi,Sepi,Benar,71.44
S6_XGA,1.mp4,47.00,3,1,1,0,2,100.00%,33.33%,Sepi,Sepi,Benar,71.46
S6_XGA,1.mp4,47.25,3,1,1,0,2,100.00%,33.33%,Sepi,Sepi,Benar,73.22
S6_XGA,1.mp4,47.50,3,1,1,0,2,100.00%,33.33%,Sepi,Sepi,Benar,71.09
S6_XGA,1.mp4,47.75,3,1,1,0,2,100.00%,33.33%,Sepi,Sepi,Benar,71.29
S6_XGA,1.mp4,48.00,3,1,1,0,2,100.00%,33.33%,Sepi,Sepi,Benar,68.57
S6_XGA,1.mp4,48.25,3,1,1,0,2,100.00%,33.33%,Sepi,Sepi,Benar,81.73
S6_XGA,1.mp4,48.50,3,1,1,0,2,100.00%,33.33%,Sepi,Sepi,Benar,77.73
S6_XGA,1.mp4,48.75,3,1,1,0,2,100.00%,33.33%,Sepi,Sepi,Benar,70.32
S6_XGA,1.mp4,49.00,3,1,1,0,2,100.00%,33.33%,Sepi,Sepi,Benar,66.29
S6_XGA,1.mp4,49.25,3,1,1,0,2,100.00%,33.33%,Sepi,Sepi,Benar,75.15
S6_XGA,1.mp4,49.50,3,0,0,0,3,0.00%,0.00%,Sepi,Sepi,Benar,73.29
S6_XGA,1.mp4,49.75,3,0,0,0,3,0.00%,0.00%,Sepi,Sepi,Benar,80.95
S6_XGA,1.mp4,50.00,3,0,0,0,3,0.00%,0.00%,Sepi,Sepi,Benar,71.10
S6_XGA,1.mp4,50.25,3,0,0,0,3,0.00%,0.00%,Sepi,Sepi,Benar,75.61
S6_XGA,1.mp4,50.50,3,0,0,0,3,0.00%,0.00%,Sepi,Sepi,Benar,68.83
S6_XGA,1.mp4,50.75,3,1,1,0,2,100.00%,33.33%,Sepi,Sepi,Benar,78.15
S6_XGA,1.mp4,51.00,3,1,1,0,2,100.00%,33.33%,Sepi,Sepi,Benar,71.44
S6_XGA,1.mp4,51.25,3,1,1,0,2,100.00%,33.33%,Sepi,Sepi,Benar,79.65
S6_XGA,1.mp4,51.50,3,1,1,0,2,100.00%,33.33%,Sepi,Sepi,Benar,75.15
S6_XGA,1.mp4,51.75,3,1,1,0,2,100.00%,33.33%,Sepi,Sepi,Benar,77.99
S6_XGA,1.mp4,52.00,3,0,0,0,3,0.00%,0.00%,Sepi,Sepi,Benar,67.44
S6_XGA,1.mp4,52.25,3,1,1,0,2,100.00%,33.33%,Sepi,Sepi,Benar,77.16
S6_XGA,1.mp4,52.50,3,1,1,0,2,100.00%,33.33%,Sepi,Sepi,Benar,70.39
S6_XGA,1.mp4,52.75,3,1,1,0,2,100.00%,33.33%,Sepi,Sepi,Benar,76.33
S6_XGA,1.mp4,53.00,3,1,1,0,2,100.00%,33.33%,Sepi,Sepi,Benar,69.62
S6_XGA,1.mp4,53.25,3,1,1,0,2,100.00%,33.33%,Sepi,Sepi,Benar,71.42
S6_XGA,1.mp4,53.50,3,1,1,0,2,100.00%,33.33%,Sepi,Sepi,Benar,76.77
S6_XGA,1.mp4,53.75,3,0,0,0,3,0.00%,0.00%,Sepi,Sepi,Benar,72.07
S6_XGA,1.mp4,54.00,3,0,0,0,3,0.00%,0.00%,Sepi,Sepi,Benar,74.00
S6_XGA,1.mp4,54.25,3,1,1,0,2,100.00%,33.33%,Sepi,Sepi,Benar,73.47
S6_XGA,1.mp4,54.50,3,1,1,0,2,100.00%,33.33%,Sepi,Sepi,Benar,83.65
S6_XGA,1.mp4,54.75,3,1,1,0,2,100.00%,33.33%,Sepi,Sepi,Benar,83.77
S6_XGA,1.mp4,55.00,3,1,1,0,2,100.00%,33.33%,Sepi,Sepi,Benar,80.40
S6_XGA,1.mp4,55.25,3,1,1,0,2,100.00%,33.33%,Sepi,Sepi,Benar,72.20
S6_XGA,1.mp4,55.50,3,1,1,0,2,100.00%,33.33%,Sepi,Sepi,Benar,79.63
S6_XGA,1.mp4,55.75,3,1,1,0,2,100.00%,33.33%,Sepi,Sepi,Benar,87.70
S6_XGA,1.mp4,56.00,3,1,1,0,2,100.00%,33.33%,Sepi,Sepi,Benar,70.84
S6_XGA,1.mp4,56.25,3,1,1,0,2,100.00%,33.33%,Sepi,Sepi,Benar,68.41
S6_XGA,1.mp4,56.50,3,0,0,0,3,0.00%,0.00%,Sepi,Sepi,Benar,83.03
S6_XGA,1.mp4,56.75,3,1,1,0,2,100.00%,33.33%,Sepi,Sepi,Benar,75.61
S6_XGA,1.mp4,57.00,3,1,1,0,2,100.00%,33.33%,Sepi,Sepi,Benar,77.19
S6_XGA,1.mp4,57.25,3,1,1,0,2,100.00%,33.33%,Sepi,Sepi,Benar,69.91
S6_XGA,1.mp4,57.50,3,1,1,0,2,100.00%,33.33%,Sepi,Sepi,Benar,71.25
S6_XGA,1.mp4,57.75,3,1,1,0,2,100.00%,33.33%,Sepi,Sepi,Benar,71.57
S6_XGA,1.mp4,58.00,3,1,1,0,2,100.00%,33.33%,Sepi,Sepi,Benar,69.62
S6_XGA,1.mp4,58.25,3,1,1,0,2,100.00%,33.33%,Sepi,Sepi,Benar,70.02
S6_XGA,1.mp4,58.50,3,1,1,0,2,100.00%,33.33%,Sepi,Sepi,Benar,76.00
S6_XGA,1.mp4,58.75,3,1,1,0,2,100.00%,33.33%,Sepi,Sepi,Benar,74.93
S6_XGA,1.mp4,59.00,3,1,1,0,2,100.00%,33.33%,Sepi,Sepi,Benar,85.24
S6_XGA,1.mp4,59.25,3,1,1,0,2,100.00%,33.33%,Sepi,Sepi,Benar,74.02
S6_XGA,1.mp4,59.50,3,1,1,0,2,100.00%,33.33%,Sepi,Sepi,Benar,74.47
S6_XGA,2.mp4,0.00,12,2,2,0,10,100.00%,16.67%,Ramai,Sepi,Salah,75.03
S6_XGA,2.mp4,0.25,12,2,2,0,10,100.00%,16.67%,Ramai,Sepi,Salah,80.63
S6_XGA,2.mp4,0.50,12,3,3,0,9,100.00%,25.00%,Ramai,Sepi,Salah,78.34
S6_XGA,2.mp4,0.75,12,3,3,0,9,100.00%,25.00%,Ramai,Sepi,Salah,69.72
S6_XGA,2.mp4,1.00,12,3,3,0,9,100.00%,25.00%,Ramai,Sepi,Salah,78.17
S6_XGA,2.mp4,1.25,12,3,3,0,9,100.00%,25.00%,Ramai,Sepi,Salah,76.17
S6_XGA,2.mp4,1.50,12,3,3,0,9,100.00%,25.00%,Ramai,Sepi,Salah,70.40
S6_XGA,2.mp4,1.75,12,3,3,0,9,100.00%,25.00%,Ramai,Sepi,Salah,77.35
S6_XGA,2.mp4,2.00,12,3,3,0,9,100.00%,25.00%,Ramai,Sepi,Salah,70.92
S6_XGA,2.mp4,2.25,12,4,4,0,8,100.00%,33.33%,Ramai,Sepi,Salah,70.67
S6_XGA,2.mp4,2.50,12,4,4,0,8,100.00%,33.33%,Ramai,Sepi,Salah,77.53
S6_XGA,2.mp4,2.75,12,3,3,0,9,100.00%,25.00%,Ramai,Sepi,Salah,135.84
S6_XGA,2.mp4,3.00,12,3,3,0,9,100.00%,25.00%,Ramai,Sepi,Salah,87.64
S6_XGA,2.mp4,3.25,12,4,4,0,8,100.00%,33.33%,Ramai,Sepi,Salah,71.67
S6_XGA,2.mp4,3.50,12,4,4,0,8,100.00%,33.33%,Ramai,Sepi,Salah,76.30
S6_XGA,2.mp4,3.75,12,4,4,0,8,100.00%,33.33%,Ramai,Sepi,Salah,79.46
S6_XGA,2.mp4,4.00,12,4,4,0,8,100.00%,33.33%,Ramai,Sepi,Salah,86.58
S6_XGA,2.mp4,4.25,12,4,4,0,8,100.00%,33.33%,Ramai,Sepi,Salah,74.11
S6_XGA,2.mp4,4.50,12,3,3,0,9,100.00%,25.00%,Ramai,Sepi,Salah,81.20
S6_XGA,2.mp4,4.75,12,4,4,0,8,100.00%,33.33%,Ramai,Sepi,Salah,76.25
S6_XGA,2.mp4,5.00,12,4,4,0,8,100.00%,33.33%,Ramai,Sepi,Salah,72.29
S6_XGA,2.mp4,5.25,14,4,4,0,10,100.00%,28.57%,Ramai,Sepi,Salah,87.60
S6_XGA,2.mp4,5.50,14,4,4,0,10,100.00%,28.57%,Ramai,Sepi,Salah,79.18
S6_XGA,2.mp4,5.75,14,4,4,0,10,100.00%,28.57%,Ramai,Sepi,Salah,72.44
S6_XGA,2.mp4,6.00,14,4,4,0,10,100.00%,28.57%,Ramai,Sepi,Salah,74.18
S6_XGA,2.mp4,6.25,14,5,5,0,9,100.00%,35.71%,Ramai,Sedang,Salah,79.29
S6_XGA,2.mp4,6.50,14,4,4,0,10,100.00%,28.57%,Ramai,Sepi,Salah,76.24
S6_XGA,2.mp4,6.75,14,4,4,0,10,100.00%,28.57%,Ramai,Sepi,Salah,76.74
S6_XGA,2.mp4,7.00,14,3,3,0,11,100.00%,21.43%,Ramai,Sepi,Salah,73.40
S6_XGA,2.mp4,7.25,14,3,3,0,11,100.00%,21.43%,Ramai,Sepi,Salah,76.63
S6_XGA,2.mp4,7.50,14,4,4,0,10,100.00%,28.57%,Ramai,Sepi,Salah,79.37
S6_XGA,2.mp4,7.75,14,5,5,0,9,100.00%,35.71%,Ramai,Sedang,Salah,79.97
S6_XGA,2.mp4,8.00,14,6,6,0,8,100.00%,42.86%,Ramai,Sedang,Salah,71.71
S6_XGA,2.mp4,8.25,14,5,5,0,9,100.00%,35.71%,Ramai,Sedang,Salah,74.28
S6_XGA,2.mp4,8.50,14,5,5,0,9,100.00%,35.71%,Ramai,Sedang,Salah,78.99
S6_XGA,2.mp4,8.75,14,4,4,0,10,100.00%,28.57%,Ramai,Sepi,Salah,71.97
S6_XGA,2.mp4,9.00,14,4,4,0,10,100.00%,28.57%,Ramai,Sepi,Salah,73.50
S6_XGA,2.mp4,9.25,14,5,5,0,9,100.00%,35.71%,Ramai,Sedang,Salah,79.38
S6_XGA,2.mp4,9.50,14,5,5,0,9,100.00%,35.71%,Ramai,Sedang,Salah,77.23
S6_XGA,2.mp4,9.75,14,4,4,0,10,100.00%,28.57%,Ramai,Sepi,Salah,72.97
S6_XGA,2.mp4,10.00,14,4,4,0,10,100.00%,28.57%,Ramai,Sepi,Salah,73.17
S6_XGA,2.mp4,10.25,14,4,4,0,10,100.00%,28.57%,Ramai,Sepi,Salah,82.90
S6_XGA,2.mp4,10.50,14,4,4,0,10,100.00%,28.57%,Ramai,Sepi,Salah,77.00
S6_XGA,2.mp4,10.75,14,4,4,0,10,100.00%,28.57%,Ramai,Sepi,Salah,81.57
S6_XGA,2.mp4,11.00,14,4,4,0,10,100.00%,28.57%,Ramai,Sepi,Salah,88.43
S6_XGA,2.mp4,11.25,14,3,3,0,11,100.00%,21.43%,Ramai,Sepi,Salah,76.01
S6_XGA,2.mp4,11.50,14,3,3,0,11,100.00%,21.43%,Ramai,Sepi,Salah,86.86
S6_XGA,2.mp4,11.75,14,3,3,0,11,100.00%,21.43%,Ramai,Sepi,Salah,102.20
S6_XGA,2.mp4,12.00,14,3,3,0,11,100.00%,21.43%,Ramai,Sepi,Salah,117.55
S6_XGA,2.mp4,12.25,14,3,3,0,11,100.00%,21.43%,Ramai,Sepi,Salah,143.78
S6_XGA,2.mp4,12.50,14,3,3,0,11,100.00%,21.43%,Ramai,Sepi,Salah,85.30
S6_XGA,2.mp4,12.75,14,3,3,0,11,100.00%,21.43%,Ramai,Sepi,Salah,87.24
S6_XGA,2.mp4,13.00,14,4,4,0,10,100.00%,28.57%,Ramai,Sepi,Salah,83.50
S6_XGA,2.mp4,13.25,14,4,4,0,10,100.00%,28.57%,Ramai,Sepi,Salah,89.74
S6_XGA,2.mp4,13.50,14,5,5,0,9,100.00%,35.71%,Ramai,Sedang,Salah,80.45
S6_XGA,2.mp4,13.75,14,5,5,0,9,100.00%,35.71%,Ramai,Sedang,Salah,90.88
S6_XGA,2.mp4,14.00,14,4,4,0,10,100.00%,28.57%,Ramai,Sepi,Salah,80.51
S6_XGA,2.mp4,14.25,14,3,3,0,11,100.00%,21.43%,Ramai,Sepi,Salah,89.56
S6_XGA,2.mp4,14.50,14,3,3,0,11,100.00%,21.43%,Ramai,Sepi,Salah,98.36
S6_XGA,2.mp4,14.75,14,3,3,0,11,100.00%,21.43%,Ramai,Sepi,Salah,91.55
S6_XGA,2.mp4,15.00,14,4,4,0,10,100.00%,28.57%,Ramai,Sepi,Salah,82.83
S6_XGA,2.mp4,15.25,15,4,4,0,11,100.00%,26.67%,Ramai,Sepi,Salah,86.58
S6_XGA,2.mp4,15.50,15,4,4,0,11,100.00%,26.67%,Ramai,Sepi,Salah,74.04
S6_XGA,2.mp4,15.75,15,3,3,0,12,100.00%,20.00%,Ramai,Sepi,Salah,77.02
S6_XGA,2.mp4,16.00,15,3,3,0,12,100.00%,20.00%,Ramai,Sepi,Salah,74.03
S6_XGA,2.mp4,16.25,15,3,3,0,12,100.00%,20.00%,Ramai,Sepi,Salah,75.68
S6_XGA,2.mp4,16.50,15,3,3,0,12,100.00%,20.00%,Ramai,Sepi,Salah,79.31
S6_XGA,2.mp4,16.75,15,4,4,0,11,100.00%,26.67%,Ramai,Sepi,Salah,100.85
S6_XGA,2.mp4,17.00,15,5,5,0,10,100.00%,33.33%,Ramai,Sedang,Salah,80.21
S6_XGA,2.mp4,17.25,14,4,4,0,10,100.00%,28.57%,Ramai,Sepi,Salah,75.75
S6_XGA,2.mp4,17.50,14,4,4,0,10,100.00%,28.57%,Ramai,Sepi,Salah,73.89
S6_XGA,2.mp4,17.75,14,3,3,0,11,100.00%,21.43%,Ramai,Sepi,Salah,86.06
S6_XGA,2.mp4,18.00,14,3,3,0,11,100.00%,21.43%,Ramai,Sepi,Salah,87.62
S6_XGA,2.mp4,18.25,14,2,2,0,12,100.00%,14.29%,Ramai,Sepi,Salah,89.04
S6_XGA,2.mp4,18.50,14,3,3,0,11,100.00%,21.43%,Ramai,Sepi,Salah,76.57
S6_XGA,2.mp4,18.75,14,3,3,0,11,100.00%,21.43%,Ramai,Sepi,Salah,87.22
S6_XGA,2.mp4,19.00,14,3,3,0,11,100.00%,21.43%,Ramai,Sepi,Salah,90.15
S6_XGA,2.mp4,19.25,14,2,2,0,12,100.00%,14.29%,Ramai,Sepi,Salah,108.68
S6_XGA,2.mp4,19.50,14,2,2,0,12,100.00%,14.29%,Ramai,Sepi,Salah,116.72
S6_XGA,2.mp4,19.75,14,2,2,0,12,100.00%,14.29%,Ramai,Sepi,Salah,110.48
S6_XGA,2.mp4,20.00,14,3,3,0,11,100.00%,21.43%,Ramai,Sepi,Salah,84.17
S6_XGA,2.mp4,20.25,14,3,3,0,11,100.00%,21.43%,Ramai,Sepi,Salah,87.35
S6_XGA,2.mp4,20.50,14,4,4,0,10,100.00%,28.57%,Ramai,Sepi,Salah,82.51
S6_XGA,2.mp4,20.75,14,3,3,0,11,100.00%,21.43%,Ramai,Sepi,Salah,98.53
S6_XGA,2.mp4,21.00,14,3,3,0,11,100.00%,21.43%,Ramai,Sepi,Salah,104.03
S6_XGA,2.mp4,21.25,14,3,3,0,11,100.00%,21.43%,Ramai,Sepi,Salah,118.18
S6_XGA,2.mp4,21.50,14,2,2,0,12,100.00%,14.29%,Ramai,Sepi,Salah,113.94
S6_XGA,2.mp4,21.75,14,2,2,0,12,100.00%,14.29%,Ramai,Sepi,Salah,127.54
S6_XGA,2.mp4,22.00,14,2,2,0,12,100.00%,14.29%,Ramai,Sepi,Salah,104.46
S6_XGA,2.mp4,22.25,14,2,2,0,12,100.00%,14.29%,Ramai,Sepi,Salah,91.79
S6_XGA,2.mp4,22.50,14,2,2,0,12,100.00%,14.29%,Ramai,Sepi,Salah,109.55
S6_XGA,2.mp4,22.75,14,2,2,0,12,100.00%,14.29%,Ramai,Sepi,Salah,102.59
S6_XGA,2.mp4,23.00,14,1,1,0,13,100.00%,7.14%,Ramai,Sepi,Salah,84.50
S6_XGA,2.mp4,23.25,14,1,1,0,13,100.00%,7.14%,Ramai,Sepi,Salah,87.15
S6_XGA,2.mp4,23.50,14,1,1,0,13,100.00%,7.14%,Ramai,Sepi,Salah,88.86
S6_XGA,2.mp4,23.75,14,2,2,0,12,100.00%,14.29%,Ramai,Sepi,Salah,102.73
S6_XGA,2.mp4,24.00,14,2,2,0,12,100.00%,14.29%,Ramai,Sepi,Salah,100.03
S6_XGA,2.mp4,24.25,14,2,2,0,12,100.00%,14.29%,Ramai,Sepi,Salah,93.18
S6_XGA,2.mp4,24.50,14,2,2,0,12,100.00%,14.29%,Ramai,Sepi,Salah,95.81
S6_XGA,2.mp4,24.75,14,2,2,0,12,100.00%,14.29%,Ramai,Sepi,Salah,104.88
S6_XGA,2.mp4,25.00,14,3,3,0,11,100.00%,21.43%,Ramai,Sepi,Salah,106.82
S6_XGA,2.mp4,25.25,14,3,3,0,11,100.00%,21.43%,Ramai,Sepi,Salah,97.65
S6_XGA,2.mp4,25.50,14,4,4,0,10,100.00%,28.57%,Ramai,Sepi,Salah,93.58
S6_XGA,2.mp4,25.75,14,4,4,0,10,100.00%,28.57%,Ramai,Sepi,Salah,99.21
S6_XGA,2.mp4,26.00,14,3,3,0,11,100.00%,21.43%,Ramai,Sepi,Salah,101.24
S6_XGA,2.mp4,26.25,13,3,3,0,10,100.00%,23.08%,Ramai,Sepi,Salah,87.99
S6_XGA,2.mp4,26.50,13,3,3,0,10,100.00%,23.08%,Ramai,Sepi,Salah,104.28
S6_XGA,2.mp4,26.75,13,3,3,0,10,100.00%,23.08%,Ramai,Sepi,Salah,94.52
S6_XGA,2.mp4,27.00,13,3,3,0,10,100.00%,23.08%,Ramai,Sepi,Salah,107.08
S6_XGA,2.mp4,27.25,13,3,3,0,10,100.00%,23.08%,Ramai,Sepi,Salah,113.10
S6_XGA,2.mp4,27.50,13,3,3,0,10,100.00%,23.08%,Ramai,Sepi,Salah,102.72
S6_XGA,2.mp4,27.75,13,3,3,0,10,100.00%,23.08%,Ramai,Sepi,Salah,75.83
S6_XGA,2.mp4,28.00,13,3,3,0,10,100.00%,23.08%,Ramai,Sepi,Salah,79.05
S6_XGA,2.mp4,28.25,13,3,3,0,10,100.00%,23.08%,Ramai,Sepi,Salah,73.03
S6_XGA,2.mp4,28.50,13,2,2,0,11,100.00%,15.38%,Ramai,Sepi,Salah,62.00
S6_XGA,2.mp4,28.75,13,1,1,0,12,100.00%,7.69%,Ramai,Sepi,Salah,61.23
S6_XGA,2.mp4,29.00,13,2,2,0,11,100.00%,15.38%,Ramai,Sepi,Salah,72.87
S6_XGA,2.mp4,29.25,12,2,2,0,10,100.00%,16.67%,Ramai,Sepi,Salah,50.02
S6_XGA,2.mp4,29.50,12,3,3,0,9,100.00%,25.00%,Ramai,Sepi,Salah,78.45
S6_XGA,2.mp4,29.75,12,3,3,0,9,100.00%,25.00%,Ramai,Sepi,Salah,99.23
S6_XGA,2.mp4,30.00,12,2,2,0,10,100.00%,16.67%,Ramai,Sepi,Salah,78.87
S6_XGA,2.mp4,30.25,12,2,2,0,10,100.00%,16.67%,Ramai,Sepi,Salah,55.11
S6_XGA,2.mp4,30.50,12,2,2,0,10,100.00%,16.67%,Ramai,Sepi,Salah,64.42
S6_XGA,2.mp4,30.75,12,2,2,0,10,100.00%,16.67%,Ramai,Sepi,Salah,67.05
S6_XGA,2.mp4,31.00,12,2,2,0,10,100.00%,16.67%,Ramai,Sepi,Salah,64.72
S6_XGA,2.mp4,31.25,12,2,2,0,10,100.00%,16.67%,Ramai,Sepi,Salah,49.40
S6_XGA,2.mp4,31.50,12,2,2,0,10,100.00%,16.67%,Ramai,Sepi,Salah,53.26
S6_XGA,2.mp4,31.75,12,1,1,0,11,100.00%,8.33%,Ramai,Sepi,Salah,59.62
S6_XGA,2.mp4,32.00,12,1,1,0,11,100.00%,8.33%,Ramai,Sepi,Salah,54.00
S6_XGA,2.mp4,32.25,12,0,0,0,12,0.00%,0.00%,Ramai,Sepi,Salah,53.50
S6_XGA,2.mp4,32.50,12,0,0,0,12,0.00%,0.00%,Ramai,Sepi,Salah,65.80
S6_XGA,2.mp4,32.75,12,0,0,0,12,0.00%,0.00%,Ramai,Sepi,Salah,82.52
S6_XGA,2.mp4,33.00,12,0,0,0,12,0.00%,0.00%,Ramai,Sepi,Salah,78.59
S6_XGA,2.mp4,33.25,12,0,0,0,12,0.00%,0.00%,Ramai,Sepi,Salah,65.80
S6_XGA,2.mp4,33.50,12,1,1,0,11,100.00%,8.33%,Ramai,Sepi,Salah,103.26
S6_XGA,2.mp4,33.75,12,1,1,0,11,100.00%,8.33%,Ramai,Sepi,Salah,115.76
S6_XGA,2.mp4,34.00,12,1,1,0,11,100.00%,8.33%,Ramai,Sepi,Salah,93.39
S6_XGA,2.mp4,34.25,12,1,1,0,11,100.00%,8.33%,Ramai,Sepi,Salah,76.05
S6_XGA,2.mp4,34.50,12,2,2,0,10,100.00%,16.67%,Ramai,Sepi,Salah,72.84
S6_XGA,2.mp4,34.75,12,2,2,0,10,100.00%,16.67%,Ramai,Sepi,Salah,80.04
S6_XGA,2.mp4,35.00,12,1,1,0,11,100.00%,8.33%,Ramai,Sepi,Salah,73.38
S6_XGA,2.mp4,35.25,12,1,1,0,11,100.00%,8.33%,Ramai,Sepi,Salah,88.96
S6_XGA,2.mp4,35.50,12,1,1,0,11,100.00%,8.33%,Ramai,Sepi,Salah,86.00
S6_XGA,2.mp4,35.75,12,1,1,0,11,100.00%,8.33%,Ramai,Sepi,Salah,76.91
S6_XGA,2.mp4,36.00,12,1,1,0,11,100.00%,8.33%,Ramai,Sepi,Salah,74.98
S6_XGA,2.mp4,36.25,12,1,1,0,11,100.00%,8.33%,Ramai,Sepi,Salah,82.62
S6_XGA,2.mp4,36.50,12,2,2,0,10,100.00%,16.67%,Ramai,Sepi,Salah,76.98
S6_XGA,2.mp4,36.75,12,2,2,0,10,100.00%,16.67%,Ramai,Sepi,Salah,99.79
S6_XGA,2.mp4,37.00,12,2,2,0,10,100.00%,16.67%,Ramai,Sepi,Salah,99.61
S6_XGA,2.mp4,37.25,12,2,2,0,10,100.00%,16.67%,Ramai,Sepi,Salah,78.75
S6_XGA,2.mp4,37.50,12,2,2,0,10,100.00%,16.67%,Ramai,Sepi,Salah,78.63
S6_XGA,2.mp4,37.75,12,1,1,0,11,100.00%,8.33%,Ramai,Sepi,Salah,72.88
S6_XGA,2.mp4,38.00,12,1,1,0,11,100.00%,8.33%,Ramai,Sepi,Salah,75.86
S6_XGA,2.mp4,38.25,12,1,1,0,11,100.00%,8.33%,Ramai,Sepi,Salah,77.03
S6_XGA,2.mp4,38.50,12,1,1,0,11,100.00%,8.33%,Ramai,Sepi,Salah,87.49
S6_XGA,2.mp4,38.75,12,1,1,0,11,100.00%,8.33%,Ramai,Sepi,Salah,79.07
S6_XGA,2.mp4,39.00,12,0,0,0,12,0.00%,0.00%,Ramai,Sepi,Salah,72.63
S6_XGA,2.mp4,39.25,12,0,0,0,12,0.00%,0.00%,Ramai,Sepi,Salah,80.20
S6_XGA,2.mp4,39.50,12,1,1,0,11,100.00%,8.33%,Ramai,Sepi,Salah,74.09
S6_XGA,2.mp4,39.75,12,1,1,0,11,100.00%,8.33%,Ramai,Sepi,Salah,78.84
S6_SVGA,1.mp4,0.00,5,2,2,0,3,100.00%,40.00%,Sedang,Sepi,Salah,81.57
S6_SVGA,1.mp4,0.17,5,2,2,0,3,100.00%,40.00%,Sedang,Sepi,Salah,91.83
S6_SVGA,1.mp4,0.33,5,3,3,0,2,100.00%,60.00%,Sedang,Sepi,Salah,62.25
S6_SVGA,1.mp4,0.50,5,3,3,0,2,100.00%,60.00%,Sedang,Sepi,Salah,50.11
S6_SVGA,1.mp4,0.67,5,3,3,0,2,100.00%,60.00%,Sedang,Sepi,Salah,48.19
S6_SVGA,1.mp4,0.83,5,3,3,0,2,100.00%,60.00%,Sedang,Sepi,Salah,55.76
S6_SVGA,1.mp4,1.00,5,3,3,0,2,100.00%,60.00%,Sedang,Sepi,Salah,49.44
S6_SVGA,1.mp4,1.17,5,2,2,0,3,100.00%,40.00%,Sedang,Sepi,Salah,61.73
S6_SVGA,1.mp4,1.33,5,2,2,0,3,100.00%,40.00%,Sedang,Sepi,Salah,71.50
S6_SVGA,1.mp4,1.50,5,2,2,0,3,100.00%,40.00%,Sedang,Sepi,Salah,62.14
S6_SVGA,1.mp4,1.67,5,3,3,0,2,100.00%,60.00%,Sedang,Sepi,Salah,62.24
S6_SVGA,1.mp4,1.83,5,3,3,0,2,100.00%,60.00%,Sedang,Sepi,Salah,66.43
S6_SVGA,1.mp4,2.00,5,4,4,0,1,100.00%,80.00%,Sedang,Sepi,Salah,53.47
S6_SVGA,1.mp4,2.17,5,4,4,0,1,100.00%,80.00%,Sedang,Sepi,Salah,73.92
S6_SVGA,1.mp4,2.33,5,4,4,0,1,100.00%,80.00%,Sedang,Sepi,Salah,65.41
S6_SVGA,1.mp4,2.50,5,4,4,0,1,100.00%,80.00%,Sedang,Sepi,Salah,69.22
S6_SVGA,1.mp4,2.67,5,3,3,0,2,100.00%,60.00%,Sedang,Sepi,Salah,64.35
S6_SVGA,1.mp4,2.83,5,3,3,0,2,100.00%,60.00%,Sedang,Sepi,Salah,77.29
S6_SVGA,1.mp4,3.00,5,4,4,0,1,100.00%,80.00%,Sedang,Sepi,Salah,64.06
S6_SVGA,1.mp4,3.17,5,4,4,0,1,100.00%,80.00%,Sedang,Sepi,Salah,69.40
S6_SVGA,1.mp4,3.33,5,4,4,0,1,100.00%,80.00%,Sedang,Sepi,Salah,68.24
S6_SVGA,1.mp4,3.50,5,4,4,0,1,100.00%,80.00%,Sedang,Sepi,Salah,72.64
S6_SVGA,1.mp4,3.67,5,4,4,0,1,100.00%,80.00%,Sedang,Sepi,Salah,70.45
S6_SVGA,1.mp4,3.83,5,3,3,0,2,100.00%,60.00%,Sedang,Sepi,Salah,75.34
S6_SVGA,1.mp4,4.00,5,3,3,0,2,100.00%,60.00%,Sedang,Sepi,Salah,67.90
S6_SVGA,1.mp4,4.17,5,3,3,0,2,100.00%,60.00%,Sedang,Sepi,Salah,77.06
S6_SVGA,1.mp4,4.33,5,3,3,0,2,100.00%,60.00%,Sedang,Sepi,Salah,65.52
S6_SVGA,1.mp4,4.50,5,3,3,0,2,100.00%,60.00%,Sedang,Sepi,Salah,72.93
S6_SVGA,1.mp4,4.67,5,3,3,0,2,100.00%,60.00%,Sedang,Sepi,Salah,76.39
S6_SVGA,1.mp4,4.83,5,3,3,0,2,100.00%,60.00%,Sedang,Sepi,Salah,86.88
S6_SVGA,1.mp4,5.00,5,3,3,0,2,100.00%,60.00%,Sedang,Sepi,Salah,67.07
S6_SVGA,1.mp4,5.17,5,3,3,0,2,100.00%,60.00%,Sedang,Sepi,Salah,84.97
S6_SVGA,1.mp4,5.33,5,3,3,0,2,100.00%,60.00%,Sedang,Sepi,Salah,74.93
S6_SVGA,1.mp4,5.50,5,3,3,0,2,100.00%,60.00%,Sedang,Sepi,Salah,83.27
S6_SVGA,1.mp4,5.67,5,3,3,0,2,100.00%,60.00%,Sedang,Sepi,Salah,82.07
S6_SVGA,1.mp4,5.83,5,3,3,0,2,100.00%,60.00%,Sedang,Sepi,Salah,79.18
S6_SVGA,1.mp4,6.00,4,3,3,0,1,100.00%,75.00%,Sepi,Sepi,Benar,78.24
S6_SVGA,1.mp4,6.17,4,3,3,0,1,100.00%,75.00%,Sepi,Sepi,Benar,71.65
S6_SVGA,1.mp4,6.33,4,3,3,0,1,100.00%,75.00%,Sepi,Sepi,Benar,75.06
S6_SVGA,1.mp4,6.50,4,3,3,0,1,100.00%,75.00%,Sepi,Sepi,Benar,76.65
S6_SVGA,1.mp4,6.67,4,3,3,0,1,100.00%,75.00%,Sepi,Sepi,Benar,68.38
S6_SVGA,1.mp4,6.83,4,2,2,0,2,100.00%,50.00%,Sepi,Sepi,Benar,77.27
S6_SVGA,1.mp4,7.00,4,2,2,0,2,100.00%,50.00%,Sepi,Sepi,Benar,66.62
S6_SVGA,1.mp4,7.17,4,2,2,0,2,100.00%,50.00%,Sepi,Sepi,Benar,79.26
S6_SVGA,1.mp4,7.33,4,2,2,0,2,100.00%,50.00%,Sepi,Sepi,Benar,65.72
S6_SVGA,1.mp4,7.50,4,2,2,0,2,100.00%,50.00%,Sepi,Sepi,Benar,70.59
S6_SVGA,1.mp4,7.67,4,2,2,0,2,100.00%,50.00%,Sepi,Sepi,Benar,77.16
S6_SVGA,1.mp4,7.83,4,2,2,0,2,100.00%,50.00%,Sepi,Sepi,Benar,84.03
S6_SVGA,1.mp4,8.00,4,2,2,0,2,100.00%,50.00%,Sepi,Sepi,Benar,66.59
S6_SVGA,1.mp4,8.17,4,2,2,0,2,100.00%,50.00%,Sepi,Sepi,Benar,65.66
S6_SVGA,1.mp4,8.33,4,2,2,0,2,100.00%,50.00%,Sepi,Sepi,Benar,63.91
S6_SVGA,1.mp4,8.50,4,2,2,0,2,100.00%,50.00%,Sepi,Sepi,Benar,63.16
S6_SVGA,1.mp4,8.67,4,2,2,0,2,100.00%,50.00%,Sepi,Sepi,Benar,66.89
S6_SVGA,1.mp4,8.83,4,2,2,0,2,100.00%,50.00%,Sepi,Sepi,Benar,83.08
S6_SVGA,1.mp4,9.00,4,2,2,0,2,100.00%,50.00%,Sepi,Sepi,Benar,73.14
S6_SVGA,1.mp4,9.17,4,2,2,0,2,100.00%,50.00%,Sepi,Sepi,Benar,80.08
S6_SVGA,1.mp4,9.33,4,2,2,0,2,100.00%,50.00%,Sepi,Sepi,Benar,64.36
S6_SVGA,1.mp4,9.50,4,2,2,0,2,100.00%,50.00%,Sepi,Sepi,Benar,67.14
S6_SVGA,1.mp4,9.67,4,2,2,0,2,100.00%,50.00%,Sepi,Sepi,Benar,67.14
S6_SVGA,1.mp4,9.83,4,2,2,0,2,100.00%,50.00%,Sepi,Sepi,Benar,77.10
S6_SVGA,1.mp4,10.00,4,2,2,0,2,100.00%,50.00%,Sepi,Sepi,Benar,63.22
S6_SVGA,1.mp4,10.17,4,2,2,0,2,100.00%,50.00%,Sepi,Sepi,Benar,66.86
S6_SVGA,1.mp4,10.33,4,2,2,0,2,100.00%,50.00%,Sepi,Sepi,Benar,73.50
S6_SVGA,1.mp4,10.50,4,2,2,0,2,100.00%,50.00%,Sepi,Sepi,Benar,68.04
S6_SVGA,1.mp4,10.67,4,2,2,0,2,100.00%,50.00%,Sepi,Sepi,Benar,66.38
S6_SVGA,1.mp4,10.83,4,2,2,0,2,100.00%,50.00%,Sepi,Sepi,Benar,75.92
S6_SVGA,1.mp4,11.00,4,2,2,0,2,100.00%,50.00%,Sepi,Sepi,Benar,65.56
S6_SVGA,1.mp4,11.17,4,3,3,0,1,100.00%,75.00%,Sepi,Sepi,Benar,70.87
S6_SVGA,1.mp4,11.33,4,3,3,0,1,100.00%,75.00%,Sepi,Sepi,Benar,69.74
S6_SVGA,1.mp4,11.50,4,3,3,0,1,100.00%,75.00%,Sepi,Sepi,Benar,62.22
S6_SVGA,1.mp4,11.67,4,3,3,0,1,100.00%,75.00%,Sepi,Sepi,Benar,65.07
S6_SVGA,1.mp4,11.83,4,3,3,0,1,100.00%,75.00%,Sepi,Sepi,Benar,71.18
S6_SVGA,1.mp4,12.00,4,4,4,0,0,100.00%,100.00%,Sepi,Sepi,Benar,64.41
S6_SVGA,1.mp4,12.17,4,4,4,0,0,100.00%,100.00%,Sepi,Sepi,Benar,62.23
S6_SVGA,1.mp4,12.33,4,3,3,0,1,100.00%,75.00%,Sepi,Sepi,Benar,64.11
S6_SVGA,1.mp4,12.50,4,3,3,0,1,100.00%,75.00%,Sepi,Sepi,Benar,64.61
S6_SVGA,1.mp4,12.67,4,3,3,0,1,100.00%,75.00%,Sepi,Sepi,Benar,67.92
S6_SVGA,1.mp4,12.83,4,3,3,0,1,100.00%,75.00%,Sepi,Sepi,Benar,73.59
S6_SVGA,1.mp4,13.00,4,3,3,0,1,100.00%,75.00%,Sepi,Sepi,Benar,62.01
S6_SVGA,1.mp4,13.17,4,3,3,0,1,100.00%,75.00%,Sepi,Sepi,Benar,64.24
S6_SVGA,1.mp4,13.33,4,3,3,0,1,100.00%,75.00%,Sepi,Sepi,Benar,65.40
S6_SVGA,1.mp4,13.50,4,3,3,0,1,100.00%,75.00%,Sepi,Sepi,Benar,62.45
S6_SVGA,1.mp4,13.67,4,3,3,0,1,100.00%,75.00%,Sepi,Sepi,Benar,65.32
S6_SVGA,1.mp4,13.83,4,3,3,0,1,100.00%,75.00%,Sepi,Sepi,Benar,68.31
S6_SVGA,1.mp4,14.00,4,3,3,0,1,100.00%,75.00%,Sepi,Sepi,Benar,61.50
S6_SVGA,1.mp4,14.17,4,3,3,0,1,100.00%,75.00%,Sepi,Sepi,Benar,69.34
S6_SVGA,1.mp4,14.33,4,3,3,0,1,100.00%,75.00%,Sepi,Sepi,Benar,63.46
S6_SVGA,1.mp4,14.50,4,3,3,0,1,100.00%,75.00%,Sepi,Sepi,Benar,62.40
S6_SVGA,1.mp4,14.67,4,3,3,0,1,100.00%,75.00%,Sepi,Sepi,Benar,63.66
S6_SVGA,1.mp4,14.83,4,3,3,0,1,100.00%,75.00%,Sepi,Sepi,Benar,69.99
S6_SVGA,1.mp4,15.00,4,3,3,0,1,100.00%,75.00%,Sepi,Sepi,Benar,69.11
S6_SVGA,1.mp4,15.17,4,3,3,0,1,100.00%,75.00%,Sepi,Sepi,Benar,79.47
S6_SVGA,1.mp4,15.33,4,3,3,0,1,100.00%,75.00%,Sepi,Sepi,Benar,66.25
S6_SVGA,1.mp4,15.50,4,3,3,0,1,100.00%,75.00%,Sepi,Sepi,Benar,62.76
S6_SVGA,1.mp4,15.67,4,3,3,0,1,100.00%,75.00%,Sepi,Sepi,Benar,66.85
S6_SVGA,1.mp4,15.83,4,3,3,0,1,100.00%,75.00%,Sepi,Sepi,Benar,70.68
S6_SVGA,1.mp4,16.00,4,3,3,0,1,100.00%,75.00%,Sepi,Sepi,Benar,65.39
S6_SVGA,1.mp4,16.17,4,4,4,0,0,100.00%,100.00%,Sepi,Sepi,Benar,65.68
S6_SVGA,1.mp4,16.33,4,4,4,0,0,100.00%,100.00%,Sepi,Sepi,Benar,63.65
S6_SVGA,1.mp4,16.50,4,3,3,0,1,100.00%,75.00%,Sepi,Sepi,Benar,63.85
S6_SVGA,1.mp4,16.67,4,3,3,0,1,100.00%,75.00%,Sepi,Sepi,Benar,62.80
S6_SVGA,1.mp4,16.83,4,3,3,0,1,100.00%,75.00%,Sepi,Sepi,Benar,70.35
S6_SVGA,1.mp4,17.00,4,3,3,0,1,100.00%,75.00%,Sepi,Sepi,Benar,62.91
S6_SVGA,1.mp4,17.17,4,3,3,0,1,100.00%,75.00%,Sepi,Sepi,Benar,63.39
S6_SVGA,1.mp4,17.33,4,3,3,0,1,100.00%,75.00%,Sepi,Sepi,Benar,63.60
S6_SVGA,1.mp4,17.50,4,4,4,0,0,100.00%,100.00%,Sepi,Sepi,Benar,66.55
S6_SVGA,1.mp4,17.67,4,4,4,0,0,100.00%,100.00%,Sepi,Sepi,Benar,61.64
S6_SVGA,1.mp4,17.83,4,3,3,0,1,100.00%,75.00%,Sepi,Sepi,Benar,72.87
S6_SVGA,1.mp4,18.00,4,3,3,0,1,100.00%,75.00%,Sepi,Sepi,Benar,60.68
S6_SVGA,1.mp4,18.17,4,3,3,0,1,100.00%,75.00%,Sepi,Sepi,Benar,62.99
S6_SVGA,1.mp4,18.33,4,3,3,0,1,100.00%,75.00%,Sepi,Sepi,Benar,63.79
S6_SVGA,1.mp4,18.50,4,3,3,0,1,100.00%,75.00%,Sepi,Sepi,Benar,65.25
S6_SVGA,1.mp4,18.67,4,3,3,0,1,100.00%,75.00%,Sepi,Sepi,Benar,63.84
S6_SVGA,1.mp4,18.83,4,3,3,0,1,100.00%,75.00%,Sepi,Sepi,Benar,69.43
S6_SVGA,1.mp4,19.00,4,3,3,0,1,100.00%,75.00%,Sepi,Sepi,Benar,64.89
S6_SVGA,1.mp4,19.17,4,3,3,0,1,100.00%,75.00%,Sepi,Sepi,Benar,65.17
S6_SVGA,1.mp4,19.33,4,3,3,0,1,100.00%,75.00%,Sepi,Sepi,Benar,71.91
S6_SVGA,1.mp4,19.50,4,3,3,0,1,100.00%,75.00%,Sepi,Sepi,Benar,64.10
S6_SVGA,1.mp4,19.67,4,4,4,0,0,100.00%,100.00%,Sepi,Sepi,Benar,63.78
S6_SVGA,1.mp4,19.83,4,4,4,0,0,100.00%,100.00%,Sepi,Sepi,Benar,71.16
S6_SVGA,1.mp4,20.00,5,4,4,0,1,100.00%,80.00%,Sedang,Sepi,Salah,62.34
S6_SVGA,1.mp4,20.17,5,4,4,0,1,100.00%,80.00%,Sedang,Sepi,Salah,62.51
S6_SVGA,1.mp4,20.33,5,4,4,0,1,100.00%,80.00%,Sedang,Sepi,Salah,63.23
S6_SVGA,1.mp4,20.50,5,4,4,0,1,100.00%,80.00%,Sedang,Sepi,Salah,63.45
S6_SVGA,1.mp4,20.67,5,4,4,0,1,100.00%,80.00%,Sedang,Sepi,Salah,64.25
S6_SVGA,1.mp4,20.83,5,4,4,0,1,100.00%,80.00%,Sedang,Sepi,Salah,69.84
S6_SVGA,1.mp4,21.00,5,4,4,0,1,100.00%,80.00%,Sedang,Sepi,Salah,62.09
S6_SVGA,1.mp4,21.17,5,4,4,0,1,100.00%,80.00%,Sedang,Sepi,Salah,87.79
S6_SVGA,1.mp4,21.33,5,4,4,0,1,100.00%,80.00%,Sedang,Sepi,Salah,63.21
S6_SVGA,1.mp4,21.50,5,4,4,0,1,100.00%,80.00%,Sedang,Sepi,Salah,66.72
S6_SVGA,1.mp4,21.67,5,4,4,0,1,100.00%,80.00%,Sedang,Sepi,Salah,63.48
S6_SVGA,1.mp4,21.83,5,3,3,0,2,100.00%,60.00%,Sedang,Sepi,Salah,87.78
S6_SVGA,1.mp4,22.00,4,3,3,0,1,100.00%,75.00%,Sepi,Sepi,Benar,66.87
S6_SVGA,1.mp4,22.17,4,3,3,0,1,100.00%,75.00%,Sepi,Sepi,Benar,65.85
S6_SVGA,1.mp4,22.33,4,3,3,0,1,100.00%,75.00%,Sepi,Sepi,Benar,64.73
S6_SVGA,1.mp4,22.50,4,3,3,0,1,100.00%,75.00%,Sepi,Sepi,Benar,68.64
S6_SVGA,1.mp4,22.67,4,3,3,0,1,100.00%,75.00%,Sepi,Sepi,Benar,83.67
S6_SVGA,1.mp4,22.83,4,3,3,0,1,100.00%,75.00%,Sepi,Sepi,Benar,74.04
S6_SVGA,1.mp4,23.00,4,3,3,0,1,100.00%,75.00%,Sepi,Sepi,Benar,62.08
S6_SVGA,1.mp4,23.17,4,3,3,0,1,100.00%,75.00%,Sepi,Sepi,Benar,62.23
S6_SVGA,1.mp4,23.33,4,3,3,0,1,100.00%,75.00%,Sepi,Sepi,Benar,62.85
S6_SVGA,1.mp4,23.50,4,3,3,0,1,100.00%,75.00%,Sepi,Sepi,Benar,63.26
S6_SVGA,1.mp4,23.67,4,3,3,0,1,100.00%,75.00%,Sepi,Sepi,Benar,70.26
S6_SVGA,1.mp4,23.83,4,2,2,0,2,100.00%,50.00%,Sepi,Sepi,Benar,73.30
S6_SVGA,1.mp4,24.00,4,2,2,0,2,100.00%,50.00%,Sepi,Sepi,Benar,73.14
S6_SVGA,1.mp4,24.17,4,2,2,0,2,100.00%,50.00%,Sepi,Sepi,Benar,63.51
S6_SVGA,1.mp4,24.33,4,1,1,0,3,100.00%,25.00%,Sepi,Sepi,Benar,61.92
S6_SVGA,1.mp4,24.50,4,1,1,0,3,100.00%,25.00%,Sepi,Sepi,Benar,66.25
S6_SVGA,1.mp4,24.67,4,1,1,0,3,100.00%,25.00%,Sepi,Sepi,Benar,69.21
S6_SVGA,1.mp4,24.83,4,1,1,0,3,100.00%,25.00%,Sepi,Sepi,Benar,73.24
S6_SVGA,1.mp4,25.00,4,0,0,0,4,0.00%,0.00%,Sepi,Sepi,Benar,70.94
S6_SVGA,1.mp4,25.17,4,0,0,0,4,0.00%,0.00%,Sepi,Sepi,Benar,81.32
S6_SVGA,1.mp4,25.33,4,0,0,0,4,0.00%,0.00%,Sepi,Sepi,Benar,71.92
S6_SVGA,1.mp4,25.50,4,1,1,0,3,100.00%,25.00%,Sepi,Sepi,Benar,72.37
S6_SVGA,1.mp4,25.67,4,1,1,0,3,100.00%,25.00%,Sepi,Sepi,Benar,69.13
S6_SVGA,1.mp4,25.83,4,2,2,0,2,100.00%,50.00%,Sepi,Sepi,Benar,74.43
S6_SVGA,1.mp4,26.00,4,2,2,0,2,100.00%,50.00%,Sepi,Sepi,Benar,68.76
S6_SVGA,1.mp4,26.17,4,2,2,0,2,100.00%,50.00%,Sepi,Sepi,Benar,67.99
S6_SVGA,1.mp4,26.33,4,2,2,0,2,100.00%,50.00%,Sepi,Sepi,Benar,76.10
S6_SVGA,1.mp4,26.50,4,2,2,0,2,100.00%,50.00%,Sepi,Sepi,Benar,90.79
S6_SVGA,1.mp4,26.67,4,2,2,0,2,100.00%,50.00%,Sepi,Sepi,Benar,76.78
S6_SVGA,1.mp4,26.83,4,2,2,0,2,100.00%,50.00%,Sepi,Sepi,Benar,85.65
S6_SVGA,1.mp4,27.00,4,2,2,0,2,100.00%,50.00%,Sepi,Sepi,Benar,77.22
S6_SVGA,1.mp4,27.17,4,2,2,0,2,100.00%,50.00%,Sepi,Sepi,Benar,73.49
S6_SVGA,1.mp4,27.33,4,2,2,0,2,100.00%,50.00%,Sepi,Sepi,Benar,65.08
S6_SVGA,1.mp4,27.50,4,2,2,0,2,100.00%,50.00%,Sepi,Sepi,Benar,75.90
S6_SVGA,1.mp4,27.67,4,2,2,0,2,100.00%,50.00%,Sepi,Sepi,Benar,73.73
S6_SVGA,1.mp4,27.83,4,2,2,0,2,100.00%,50.00%,Sepi,Sepi,Benar,74.12
S6_SVGA,1.mp4,28.00,4,1,1,0,3,100.00%,25.00%,Sepi,Sepi,Benar,74.72
S6_SVGA,1.mp4,28.17,4,1,1,0,3,100.00%,25.00%,Sepi,Sepi,Benar,66.59
S6_SVGA,1.mp4,28.33,4,1,1,0,3,100.00%,25.00%,Sepi,Sepi,Benar,69.70
S6_SVGA,1.mp4,28.50,4,1,1,0,3,100.00%,25.00%,Sepi,Sepi,Benar,71.86
S6_SVGA,1.mp4,28.67,4,1,1,0,3,100.00%,25.00%,Sepi,Sepi,Benar,69.06
S6_SVGA,1.mp4,28.83,4,1,1,0,3,100.00%,25.00%,Sepi,Sepi,Benar,78.01
S6_SVGA,1.mp4,29.00,4,1,1,0,3,100.00%,25.00%,Sepi,Sepi,Benar,66.51
S6_SVGA,1.mp4,29.17,4,2,2,0,2,100.00%,50.00%,Sepi,Sepi,Benar,71.11
S6_SVGA,1.mp4,29.33,4,2,2,0,2,100.00%,50.00%,Sepi,Sepi,Benar,79.21
S6_SVGA,1.mp4,29.50,4,1,1,0,3,100.00%,25.00%,Sepi,Sepi,Benar,62.77
S6_SVGA,1.mp4,29.67,4,1,1,0,3,100.00%,25.00%,Sepi,Sepi,Benar,64.18
S6_SVGA,1.mp4,29.83,4,1,1,0,3,100.00%,25.00%,Sepi,Sepi,Benar,72.26
S6_SVGA,1.mp4,30.00,4,1,1,0,3,100.00%,25.00%,Sepi,Sepi,Benar,60.37
S6_SVGA,1.mp4,30.17,4,1,1,0,3,100.00%,25.00%,Sepi,Sepi,Benar,63.46
S6_SVGA,1.mp4,30.33,4,2,2,0,2,100.00%,50.00%,Sepi,Sepi,Benar,63.84
S6_SVGA,1.mp4,30.50,4,3,3,0,1,100.00%,75.00%,Sepi,Sepi,Benar,63.77
S6_SVGA,1.mp4,30.67,4,3,3,0,1,100.00%,75.00%,Sepi,Sepi,Benar,68.61
S6_SVGA,1.mp4,30.83,4,2,2,0,2,100.00%,50.00%,Sepi,Sepi,Benar,75.54
S6_SVGA,1.mp4,31.00,4,2,2,0,2,100.00%,50.00%,Sepi,Sepi,Benar,68.13
S6_SVGA,1.mp4,31.17,4,2,2,0,2,100.00%,50.00%,Sepi,Sepi,Benar,64.61
S6_SVGA,1.mp4,31.33,4,2,2,0,2,100.00%,50.00%,Sepi,Sepi,Benar,68.77
S6_SVGA,1.mp4,31.50,4,3,3,0,1,100.00%,75.00%,Sepi,Sepi,Benar,74.36
S6_SVGA,1.mp4,31.67,4,3,3,0,1,100.00%,75.00%,Sepi,Sepi,Benar,73.73
S6_SVGA,1.mp4,31.83,4,2,2,0,2,100.00%,50.00%,Sepi,Sepi,Benar,72.14
S6_SVGA,1.mp4,32.00,3,2,2,0,1,100.00%,66.67%,Sepi,Sepi,Benar,73.81
S6_SVGA,1.mp4,32.17,3,2,2,0,1,100.00%,66.67%,Sepi,Sepi,Benar,75.88
S6_SVGA,1.mp4,32.33,3,2,2,0,1,100.00%,66.67%,Sepi,Sepi,Benar,77.81
S6_SVGA,1.mp4,32.50,3,2,2,0,1,100.00%,66.67%,Sepi,Sepi,Benar,72.16
S6_SVGA,1.mp4,32.67,3,2,2,0,1,100.00%,66.67%,Sepi,Sepi,Benar,78.04
S6_SVGA,1.mp4,32.83,3,2,2,0,1,100.00%,66.67%,Sepi,Sepi,Benar,81.67
S6_SVGA,1.mp4,33.00,3,2,2,0,1,100.00%,66.67%,Sepi,Sepi,Benar,81.91
S6_SVGA,1.mp4,33.17,3,1,1,0,2,100.00%,33.33%,Sepi,Sepi,Benar,71.49
S6_SVGA,1.mp4,33.33,3,1,1,0,2,100.00%,33.33%,Sepi,Sepi,Benar,63.99
S6_SVGA,1.mp4,33.50,3,2,2,0,1,100.00%,66.67%,Sepi,Sepi,Benar,68.67
S6_SVGA,1.mp4,33.67,3,2,2,0,1,100.00%,66.67%,Sepi,Sepi,Benar,65.76
S6_SVGA,1.mp4,33.83,3,1,1,0,2,100.00%,33.33%,Sepi,Sepi,Benar,76.84
S6_SVGA,1.mp4,34.00,3,1,1,0,2,100.00%,33.33%,Sepi,Sepi,Benar,69.90
S6_SVGA,1.mp4,34.17,3,1,1,0,2,100.00%,33.33%,Sepi,Sepi,Benar,66.50
S6_SVGA,1.mp4,34.33,3,2,2,0,1,100.00%,66.67%,Sepi,Sepi,Benar,67.10
S6_SVGA,1.mp4,34.50,3,3,3,0,0,100.00%,100.00%,Sepi,Sepi,Benar,67.49
S6_SVGA,1.mp4,34.67,3,3,3,0,0,100.00%,100.00%,Sepi,Sepi,Benar,71.49
S6_SVGA,1.mp4,34.83,3,3,3,0,0,100.00%,100.00%,Sepi,Sepi,Benar,72.54
S6_SVGA,1.mp4,35.00,3,3,3,0,0,100.00%,100.00%,Sepi,Sepi,Benar,69.95
S6_SVGA,1.mp4,35.17,3,2,2,0,1,100.00%,66.67%,Sepi,Sepi,Benar,62.46
S6_SVGA,1.mp4,35.33,3,2,2,0,1,100.00%,66.67%,Sepi,Sepi,Benar,67.99
S6_SVGA,1.mp4,35.50,3,2,2,0,1,100.00%,66.67%,Sepi,Sepi,Benar,66.24
S6_SVGA,1.mp4,35.67,3,2,2,0,1,100.00%,66.67%,Sepi,Sepi,Benar,91.33
S6_SVGA,1.mp4,35.83,3,2,2,0,1,100.00%,66.67%,Sepi,Sepi,Benar,76.93
S6_SVGA,1.mp4,36.00,3,2,2,0,1,100.00%,66.67%,Sepi,Sepi,Benar,72.84
S6_SVGA,1.mp4,36.17,3,2,2,0,1,100.00%,66.67%,Sepi,Sepi,Benar,63.54
S6_SVGA,1.mp4,36.33,3,2,2,0,1,100.00%,66.67%,Sepi,Sepi,Benar,64.41
S6_SVGA,1.mp4,36.50,3,2,2,0,1,100.00%,66.67%,Sepi,Sepi,Benar,66.00
S6_SVGA,1.mp4,36.67,3,2,2,0,1,100.00%,66.67%,Sepi,Sepi,Benar,62.66
S6_SVGA,1.mp4,36.83,3,2,2,0,1,100.00%,66.67%,Sepi,Sepi,Benar,70.24
S6_SVGA,1.mp4,37.00,3,2,2,0,1,100.00%,66.67%,Sepi,Sepi,Benar,77.61
S6_SVGA,1.mp4,37.17,3,3,3,0,0,100.00%,100.00%,Sepi,Sepi,Benar,66.01
S6_SVGA,1.mp4,37.33,3,3,3,0,0,100.00%,100.00%,Sepi,Sepi,Benar,68.04
S6_SVGA,1.mp4,37.50,3,3,3,0,0,100.00%,100.00%,Sepi,Sepi,Benar,64.30
S6_SVGA,1.mp4,37.67,3,3,3,0,0,100.00%,100.00%,Sepi,Sepi,Benar,65.72
S6_SVGA,1.mp4,37.83,3,2,2,0,1,100.00%,66.67%,Sepi,Sepi,Benar,71.12
S6_SVGA,1.mp4,38.00,3,2,2,0,1,100.00%,66.67%,Sepi,Sepi,Benar,61.83
S6_SVGA,1.mp4,38.17,3,2,2,0,1,100.00%,66.67%,Sepi,Sepi,Benar,64.68
S6_SVGA,1.mp4,38.33,3,2,2,0,1,100.00%,66.67%,Sepi,Sepi,Benar,65.20
S6_SVGA,1.mp4,38.50,3,2,2,0,1,100.00%,66.67%,Sepi,Sepi,Benar,64.08
S6_SVGA,1.mp4,38.67,3,2,2,0,1,100.00%,66.67%,Sepi,Sepi,Benar,64.14
S6_SVGA,1.mp4,38.83,3,2,2,0,1,100.00%,66.67%,Sepi,Sepi,Benar,72.70
S6_SVGA,1.mp4,39.00,3,2,2,0,1,100.00%,66.67%,Sepi,Sepi,Benar,67.44
S6_SVGA,1.mp4,39.17,3,2,2,0,1,100.00%,66.67%,Sepi,Sepi,Benar,66.09
S6_SVGA,1.mp4,39.33,3,2,2,0,1,100.00%,66.67%,Sepi,Sepi,Benar,65.49
S6_SVGA,1.mp4,39.50,3,2,2,0,1,100.00%,66.67%,Sepi,Sepi,Benar,71.15
S6_SVGA,1.mp4,39.67,3,3,3,0,0,100.00%,100.00%,Sepi,Sepi,Benar,74.17
S6_SVGA,1.mp4,39.83,3,3,3,0,0,100.00%,100.00%,Sepi,Sepi,Benar,75.25
S6_SVGA,1.mp4,40.00,3,3,3,0,0,100.00%,100.00%,Sepi,Sepi,Benar,74.41
S6_SVGA,1.mp4,40.17,3,3,3,0,0,100.00%,100.00%,Sepi,Sepi,Benar,69.11
S6_SVGA,1.mp4,40.33,3,3,3,0,0,100.00%,100.00%,Sepi,Sepi,Benar,69.39
S6_SVGA,1.mp4,40.50,3,3,3,0,0,100.00%,100.00%,Sepi,Sepi,Benar,64.25
S6_SVGA,1.mp4,40.67,3,2,2,0,1,100.00%,66.67%,Sepi,Sepi,Benar,64.38
S6_SVGA,1.mp4,40.83,3,2,2,0,1,100.00%,66.67%,Sepi,Sepi,Benar,68.59
S6_SVGA,1.mp4,41.00,3,2,2,0,1,100.00%,66.67%,Sepi,Sepi,Benar,65.15
S6_SVGA,1.mp4,41.17,3,1,1,0,2,100.00%,33.33%,Sepi,Sepi,Benar,58.14
S6_SVGA,1.mp4,41.33,3,1,1,0,2,100.00%,33.33%,Sepi,Sepi,Benar,57.97
S6_SVGA,1.mp4,41.50,3,0,0,0,3,0.00%,0.00%,Sepi,Sepi,Benar,66.68
S6_SVGA,1.mp4,41.67,3,1,1,0,2,100.00%,33.33%,Sepi,Sepi,Benar,64.20
S6_SVGA,1.mp4,41.83,3,1,1,0,2,100.00%,33.33%,Sepi,Sepi,Benar,68.38
S6_SVGA,1.mp4,42.00,3,1,1,0,2,100.00%,33.33%,Sepi,Sepi,Benar,67.63
S6_SVGA,1.mp4,42.17,3,1,1,0,2,100.00%,33.33%,Sepi,Sepi,Benar,61.85
S6_SVGA,1.mp4,42.33,3,1,1,0,2,100.00%,33.33%,Sepi,Sepi,Benar,61.73
S6_SVGA,1.mp4,42.50,3,1,1,0,2,100.00%,33.33%,Sepi,Sepi,Benar,66.90
S6_SVGA,1.mp4,42.67,3,1,1,0,2,100.00%,33.33%,Sepi,Sepi,Benar,63.67
S6_SVGA,1.mp4,42.83,3,1,1,0,2,100.00%,33.33%,Sepi,Sepi,Benar,74.81
S6_SVGA,1.mp4,43.00,3,1,1,0,2,100.00%,33.33%,Sepi,Sepi,Benar,64.31
S6_SVGA,1.mp4,43.17,3,2,2,0,1,100.00%,66.67%,Sepi,Sepi,Benar,62.87
S6_SVGA,1.mp4,43.33,3,2,2,0,1,100.00%,66.67%,Sepi,Sepi,Benar,62.05
S6_SVGA,1.mp4,43.50,3,2,2,0,1,100.00%,66.67%,Sepi,Sepi,Benar,75.59
S6_SVGA,1.mp4,43.67,3,2,2,0,1,100.00%,66.67%,Sepi,Sepi,Benar,71.89
S6_SVGA,1.mp4,43.83,3,2,2,0,1,100.00%,66.67%,Sepi,Sepi,Benar,73.45
S6_SVGA,1.mp4,44.00,3,1,1,0,2,100.00%,33.33%,Sepi,Sepi,Benar,63.10
S6_SVGA,1.mp4,44.17,3,1,1,0,2,100.00%,33.33%,Sepi,Sepi,Benar,61.29
S6_SVGA,1.mp4,44.33,3,1,1,0,2,100.00%,33.33%,Sepi,Sepi,Benar,61.85
S6_SVGA,1.mp4,44.50,3,1,1,0,2,100.00%,33.33%,Sepi,Sepi,Benar,67.90
S6_SVGA,1.mp4,44.67,3,1,1,0,2,100.00%,33.33%,Sepi,Sepi,Benar,62.53
S6_SVGA,1.mp4,44.83,3,1,1,0,2,100.00%,33.33%,Sepi,Sepi,Benar,73.44
S6_SVGA,1.mp4,45.00,3,1,1,0,2,100.00%,33.33%,Sepi,Sepi,Benar,63.68
S6_SVGA,1.mp4,45.17,3,1,1,0,2,100.00%,33.33%,Sepi,Sepi,Benar,64.46
S6_SVGA,1.mp4,45.33,3,1,1,0,2,100.00%,33.33%,Sepi,Sepi,Benar,64.92
S6_SVGA,1.mp4,45.50,3,1,1,0,2,100.00%,33.33%,Sepi,Sepi,Benar,62.75
S6_SVGA,1.mp4,45.67,3,1,1,0,2,100.00%,33.33%,Sepi,Sepi,Benar,60.60
S6_SVGA,1.mp4,45.83,3,0,0,0,3,0.00%,0.00%,Sepi,Sepi,Benar,78.53
S6_SVGA,1.mp4,46.00,3,0,0,0,3,0.00%,0.00%,Sepi,Sepi,Benar,59.47
S6_SVGA,1.mp4,46.17,3,0,0,0,3,0.00%,0.00%,Sepi,Sepi,Benar,59.15
S6_SVGA,1.mp4,46.33,3,0,0,0,3,0.00%,0.00%,Sepi,Sepi,Benar,61.55
S6_SVGA,1.mp4,46.50,3,1,1,0,2,100.00%,33.33%,Sepi,Sepi,Benar,64.56
S6_SVGA,1.mp4,46.67,3,1,1,0,2,100.00%,33.33%,Sepi,Sepi,Benar,65.09
S6_SVGA,1.mp4,46.83,3,1,1,0,2,100.00%,33.33%,Sepi,Sepi,Benar,67.22
S6_SVGA,1.mp4,47.00,3,1,1,0,2,100.00%,33.33%,Sepi,Sepi,Benar,62.08
S6_SVGA,1.mp4,47.17,3,2,2,0,1,100.00%,66.67%,Sepi,Sepi,Benar,62.57
S6_SVGA,1.mp4,47.33,3,1,1,0,2,100.00%,33.33%,Sepi,Sepi,Benar,58.19
S6_SVGA,1.mp4,47.50,3,1,1,0,2,100.00%,33.33%,Sepi,Sepi,Benar,64.11
S6_SVGA,1.mp4,47.67,3,1,1,0,2,100.00%,33.33%,Sepi,Sepi,Benar,61.46
S6_SVGA,1.mp4,47.83,3,1,1,0,2,100.00%,33.33%,Sepi,Sepi,Benar,71.01
S6_SVGA,1.mp4,48.00,3,1,1,0,2,100.00%,33.33%,Sepi,Sepi,Benar,62.48
S6_SVGA,1.mp4,48.17,3,1,1,0,2,100.00%,33.33%,Sepi,Sepi,Benar,60.56
S6_SVGA,1.mp4,48.33,3,1,1,0,2,100.00%,33.33%,Sepi,Sepi,Benar,67.33
S6_SVGA,1.mp4,48.50,3,1,1,0,2,100.00%,33.33%,Sepi,Sepi,Benar,64.29
S6_SVGA,1.mp4,48.67,3,1,1,0,2,100.00%,33.33%,Sepi,Sepi,Benar,63.35
S6_SVGA,1.mp4,48.83,3,1,1,0,2,100.00%,33.33%,Sepi,Sepi,Benar,68.23
S6_SVGA,1.mp4,49.00,3,1,1,0,2,100.00%,33.33%,Sepi,Sepi,Benar,61.77
S6_SVGA,1.mp4,49.17,3,1,1,0,2,100.00%,33.33%,Sepi,Sepi,Benar,62.09
S6_SVGA,1.mp4,49.33,3,1,1,0,2,100.00%,33.33%,Sepi,Sepi,Benar,74.75
S6_SVGA,1.mp4,49.50,3,0,0,0,3,0.00%,0.00%,Sepi,Sepi,Benar,60.90
S6_SVGA,1.mp4,49.67,3,0,0,0,3,0.00%,0.00%,Sepi,Sepi,Benar,62.86
S6_SVGA,1.mp4,49.83,3,0,0,0,3,0.00%,0.00%,Sepi,Sepi,Benar,69.27
S6_SVGA,1.mp4,50.00,3,0,0,0,3,0.00%,0.00%,Sepi,Sepi,Benar,63.88
S6_SVGA,1.mp4,50.17,3,1,1,0,2,100.00%,33.33%,Sepi,Sepi,Benar,66.02
S6_SVGA,1.mp4,50.33,3,1,1,0,2,100.00%,33.33%,Sepi,Sepi,Benar,61.87
S6_SVGA,1.mp4,50.50,3,0,0,0,3,0.00%,0.00%,Sepi,Sepi,Benar,65.03
S6_SVGA,1.mp4,50.67,3,0,0,0,3,0.00%,0.00%,Sepi,Sepi,Benar,62.33
S6_SVGA,1.mp4,50.83,3,0,0,0,3,0.00%,0.00%,Sepi,Sepi,Benar,74.48
S6_SVGA,1.mp4,51.00,3,1,1,0,2,100.00%,33.33%,Sepi,Sepi,Benar,63.48
S6_SVGA,1.mp4,51.17,3,1,1,0,2,100.00%,33.33%,Sepi,Sepi,Benar,63.93
S6_SVGA,1.mp4,51.33,3,1,1,0,2,100.00%,33.33%,Sepi,Sepi,Benar,61.91
S6_SVGA,1.mp4,51.50,3,1,1,0,2,100.00%,33.33%,Sepi,Sepi,Benar,57.80
S6_SVGA,1.mp4,51.67,3,0,0,0,3,0.00%,0.00%,Sepi,Sepi,Benar,72.99
S6_SVGA,1.mp4,51.83,3,0,0,0,3,0.00%,0.00%,Sepi,Sepi,Benar,69.65
S6_SVGA,1.mp4,52.00,3,0,0,0,3,0.00%,0.00%,Sepi,Sepi,Benar,58.95
S6_SVGA,1.mp4,52.17,3,0,0,0,3,0.00%,0.00%,Sepi,Sepi,Benar,74.08
S6_SVGA,1.mp4,52.33,3,0,0,0,3,0.00%,0.00%,Sepi,Sepi,Benar,61.98
S6_SVGA,1.mp4,52.50,3,1,1,0,2,100.00%,33.33%,Sepi,Sepi,Benar,64.62
S6_SVGA,1.mp4,52.67,3,1,1,0,2,100.00%,33.33%,Sepi,Sepi,Benar,59.74
S6_SVGA,1.mp4,52.83,3,1,1,0,2,100.00%,33.33%,Sepi,Sepi,Benar,76.88
S6_SVGA,1.mp4,53.00,3,1,1,0,2,100.00%,33.33%,Sepi,Sepi,Benar,66.35
S6_SVGA,1.mp4,53.17,3,1,1,0,2,100.00%,33.33%,Sepi,Sepi,Benar,70.53
S6_SVGA,1.mp4,53.33,3,1,1,0,2,100.00%,33.33%,Sepi,Sepi,Benar,60.35
S6_SVGA,1.mp4,53.50,3,0,0,0,3,0.00%,0.00%,Sepi,Sepi,Benar,64.86
S6_SVGA,1.mp4,53.67,3,0,0,0,3,0.00%,0.00%,Sepi,Sepi,Benar,63.32
S6_SVGA,1.mp4,53.83,3,1,1,0,2,100.00%,33.33%,Sepi,Sepi,Benar,70.42
S6_SVGA,1.mp4,54.00,3,1,1,0,2,100.00%,33.33%,Sepi,Sepi,Benar,71.71
S6_SVGA,1.mp4,54.17,3,1,1,0,2,100.00%,33.33%,Sepi,Sepi,Benar,74.59
S6_SVGA,1.mp4,54.33,3,1,1,0,2,100.00%,33.33%,Sepi,Sepi,Benar,66.44
S6_SVGA,1.mp4,54.50,3,0,0,0,3,0.00%,0.00%,Sepi,Sepi,Benar,74.91
S6_SVGA,1.mp4,54.67,3,0,0,0,3,0.00%,0.00%,Sepi,Sepi,Benar,79.82
S6_SVGA,1.mp4,54.83,3,1,1,0,2,100.00%,33.33%,Sepi,Sepi,Benar,75.52
S6_SVGA,1.mp4,55.00,3,1,1,0,2,100.00%,33.33%,Sepi,Sepi,Benar,79.08
S6_SVGA,1.mp4,55.17,3,1,1,0,2,100.00%,33.33%,Sepi,Sepi,Benar,76.80
S6_SVGA,1.mp4,55.33,3,2,2,0,1,100.00%,66.67%,Sepi,Sepi,Benar,73.19
S6_SVGA,1.mp4,55.50,3,2,2,0,1,100.00%,66.67%,Sepi,Sepi,Benar,67.36
S6_SVGA,1.mp4,55.67,3,2,2,0,1,100.00%,66.67%,Sepi,Sepi,Benar,64.80
S6_SVGA,1.mp4,55.83,3,1,1,0,2,100.00%,33.33%,Sepi,Sepi,Benar,77.22
S6_SVGA,1.mp4,56.00,3,1,1,0,2,100.00%,33.33%,Sepi,Sepi,Benar,62.12
S6_SVGA,1.mp4,56.17,3,1,1,0,2,100.00%,33.33%,Sepi,Sepi,Benar,72.75
S6_SVGA,1.mp4,56.33,3,1,1,0,2,100.00%,33.33%,Sepi,Sepi,Benar,65.03
S6_SVGA,1.mp4,56.50,3,2,2,0,1,100.00%,66.67%,Sepi,Sepi,Benar,62.12
S6_SVGA,1.mp4,56.67,3,2,2,0,1,100.00%,66.67%,Sepi,Sepi,Benar,62.91
S6_SVGA,1.mp4,56.83,3,2,2,0,1,100.00%,66.67%,Sepi,Sepi,Benar,70.20
S6_SVGA,1.mp4,57.00,3,2,2,0,1,100.00%,66.67%,Sepi,Sepi,Benar,60.71
S6_SVGA,1.mp4,57.17,3,2,2,0,1,100.00%,66.67%,Sepi,Sepi,Benar,60.99
S6_SVGA,1.mp4,57.33,3,2,2,0,1,100.00%,66.67%,Sepi,Sepi,Benar,62.72
S6_SVGA,1.mp4,57.50,3,2,2,0,1,100.00%,66.67%,Sepi,Sepi,Benar,69.08
S6_SVGA,1.mp4,57.67,3,2,2,0,1,100.00%,66.67%,Sepi,Sepi,Benar,68.35
S6_SVGA,1.mp4,57.83,3,1,1,0,2,100.00%,33.33%,Sepi,Sepi,Benar,81.21
S6_SVGA,1.mp4,58.00,3,1,1,0,2,100.00%,33.33%,Sepi,Sepi,Benar,61.13
S6_SVGA,1.mp4,58.17,3,1,1,0,2,100.00%,33.33%,Sepi,Sepi,Benar,61.35
S6_SVGA,1.mp4,58.33,3,1,1,0,2,100.00%,33.33%,Sepi,Sepi,Benar,64.88
S6_SVGA,1.mp4,58.50,3,1,1,0,2,100.00%,33.33%,Sepi,Sepi,Benar,67.18
S6_SVGA,1.mp4,58.67,3,1,1,0,2,100.00%,33.33%,Sepi,Sepi,Benar,69.88
S6_SVGA,1.mp4,58.83,3,1,1,0,2,100.00%,33.33%,Sepi,Sepi,Benar,70.97
S6_SVGA,1.mp4,59.00,3,1,1,0,2,100.00%,33.33%,Sepi,Sepi,Benar,64.24
S6_SVGA,1.mp4,59.17,3,1,1,0,2,100.00%,33.33%,Sepi,Sepi,Benar,62.77
S6_SVGA,1.mp4,59.33,3,1,1,0,2,100.00%,33.33%,Sepi,Sepi,Benar,67.53
S6_SVGA,1.mp4,59.50,3,1,1,0,2,100.00%,33.33%,Sepi,Sepi,Benar,70.02
S6_SVGA,1.mp4,59.67,3,1,1,0,2,100.00%,33.33%,Sepi,Sepi,Benar,60.07
S6_SVGA,2.mp4,0.00,12,1,1,0,11,100.00%,8.33%,Ramai,Sepi,Salah,64.42
S6_SVGA,2.mp4,0.17,12,2,2,0,10,100.00%,16.67%,Ramai,Sepi,Salah,60.76
S6_SVGA,2.mp4,0.33,12,3,3,0,9,100.00%,25.00%,Ramai,Sepi,Salah,67.23
S6_SVGA,2.mp4,0.50,12,3,3,0,9,100.00%,25.00%,Ramai,Sepi,Salah,64.94
S6_SVGA,2.mp4,0.67,12,2,2,0,10,100.00%,16.67%,Ramai,Sepi,Salah,61.49
S6_SVGA,2.mp4,0.83,12,1,1,0,11,100.00%,8.33%,Ramai,Sepi,Salah,66.36
S6_SVGA,2.mp4,1.00,12,1,1,0,11,100.00%,8.33%,Ramai,Sepi,Salah,63.98
S6_SVGA,2.mp4,1.17,12,2,2,0,10,100.00%,16.67%,Ramai,Sepi,Salah,67.51
S6_SVGA,2.mp4,1.33,12,3,3,0,9,100.00%,25.00%,Ramai,Sepi,Salah,68.61
S6_SVGA,2.mp4,1.50,12,3,3,0,9,100.00%,25.00%,Ramai,Sepi,Salah,62.63
S6_SVGA,2.mp4,1.67,12,3,3,0,9,100.00%,25.00%,Ramai,Sepi,Salah,63.53
S6_SVGA,2.mp4,1.83,12,2,2,0,10,100.00%,16.67%,Ramai,Sepi,Salah,67.40
S6_SVGA,2.mp4,2.00,12,3,3,0,9,100.00%,25.00%,Ramai,Sepi,Salah,66.84
S6_SVGA,2.mp4,2.17,12,3,3,0,9,100.00%,25.00%,Ramai,Sepi,Salah,66.66
S6_SVGA,2.mp4,2.33,12,3,3,0,9,100.00%,25.00%,Ramai,Sepi,Salah,66.73
S6_SVGA,2.mp4,2.50,12,3,3,0,9,100.00%,25.00%,Ramai,Sepi,Salah,64.41
S6_SVGA,2.mp4,2.67,12,3,3,0,9,100.00%,25.00%,Ramai,Sepi,Salah,66.01
S6_SVGA,2.mp4,2.83,12,4,4,0,8,100.00%,33.33%,Ramai,Sepi,Salah,74.20
S6_SVGA,2.mp4,3.00,12,4,4,0,8,100.00%,33.33%,Ramai,Sepi,Salah,74.36
S6_SVGA,2.mp4,3.17,12,4,4,0,8,100.00%,33.33%,Ramai,Sepi,Salah,77.70
S6_SVGA,2.mp4,3.33,12,4,4,0,8,100.00%,33.33%,Ramai,Sepi,Salah,66.86
S6_SVGA,2.mp4,3.50,12,4,4,0,8,100.00%,33.33%,Ramai,Sepi,Salah,68.95
S6_SVGA,2.mp4,3.67,12,4,4,0,8,100.00%,33.33%,Ramai,Sepi,Salah,74.55
S6_SVGA,2.mp4,3.83,12,3,3,0,9,100.00%,25.00%,Ramai,Sepi,Salah,67.70
S6_SVGA,2.mp4,4.00,12,3,3,0,9,100.00%,25.00%,Ramai,Sepi,Salah,73.86
S6_SVGA,2.mp4,4.17,12,3,3,0,9,100.00%,25.00%,Ramai,Sepi,Salah,82.42
S6_SVGA,2.mp4,4.33,12,3,3,0,9,100.00%,25.00%,Ramai,Sepi,Salah,78.71
S6_SVGA,2.mp4,4.50,12,3,3,0,9,100.00%,25.00%,Ramai,Sepi,Salah,82.34
S6_SVGA,2.mp4,4.67,12,3,3,0,9,100.00%,25.00%,Ramai,Sepi,Salah,72.34
S6_SVGA,2.mp4,4.83,12,3,3,0,9,100.00%,25.00%,Ramai,Sepi,Salah,81.85
S6_SVGA,2.mp4,5.00,12,3,3,0,9,100.00%,25.00%,Ramai,Sepi,Salah,62.84
S6_SVGA,2.mp4,5.17,14,3,3,0,11,100.00%,21.43%,Ramai,Sepi,Salah,64.22
S6_SVGA,2.mp4,5.33,14,4,4,0,10,100.00%,28.57%,Ramai,Sepi,Salah,93.71
S6_SVGA,2.mp4,5.50,14,4,4,0,10,100.00%,28.57%,Ramai,Sepi,Salah,81.20
S6_SVGA,2.mp4,5.67,14,4,4,0,10,100.00%,28.57%,Ramai,Sepi,Salah,69.95
S6_SVGA,2.mp4,5.83,14,4,4,0,10,100.00%,28.57%,Ramai,Sepi,Salah,73.96
S6_SVGA,2.mp4,6.00,14,5,5,0,9,100.00%,35.71%,Ramai,Sedang,Salah,65.82
S6_SVGA,2.mp4,6.17,14,4,4,0,10,100.00%,28.57%,Ramai,Sepi,Salah,70.41
S6_SVGA,2.mp4,6.33,14,5,5,0,9,100.00%,35.71%,Ramai,Sedang,Salah,85.54
S6_SVGA,2.mp4,6.50,14,4,4,0,10,100.00%,28.57%,Ramai,Sepi,Salah,71.57
S6_SVGA,2.mp4,6.67,14,4,4,0,10,100.00%,28.57%,Ramai,Sepi,Salah,69.66
S6_SVGA,2.mp4,6.83,14,3,3,0,11,100.00%,21.43%,Ramai,Sepi,Salah,70.07
S6_SVGA,2.mp4,7.00,14,3,3,0,11,100.00%,21.43%,Ramai,Sepi,Salah,96.16
S6_SVGA,2.mp4,7.17,14,3,3,0,11,100.00%,21.43%,Ramai,Sepi,Salah,63.14
S6_SVGA,2.mp4,7.33,14,3,3,0,11,100.00%,21.43%,Ramai,Sepi,Salah,62.76
S6_SVGA,2.mp4,7.50,14,4,4,0,10,100.00%,28.57%,Ramai,Sepi,Salah,72.86
S6_SVGA,2.mp4,7.67,14,5,5,0,9,100.00%,35.71%,Ramai,Sedang,Salah,63.74
S6_SVGA,2.mp4,7.83,14,6,6,0,8,100.00%,42.86%,Ramai,Sedang,Salah,68.62
S6_SVGA,2.mp4,8.00,14,5,5,0,9,100.00%,35.71%,Ramai,Sedang,Salah,61.45
S6_SVGA,2.mp4,8.17,14,5,5,0,9,100.00%,35.71%,Ramai,Sedang,Salah,62.47
S6_SVGA,2.mp4,8.33,14,4,4,0,10,100.00%,28.57%,Ramai,Sepi,Salah,63.58
S6_SVGA,2.mp4,8.50,14,4,4,0,10,100.00%,28.57%,Ramai,Sepi,Salah,65.76
S6_SVGA,2.mp4,8.67,14,4,4,0,10,100.00%,28.57%,Ramai,Sepi,Salah,64.99
S6_SVGA,2.mp4,8.83,14,4,4,0,10,100.00%,28.57%,Ramai,Sepi,Salah,67.75
S6_SVGA,2.mp4,9.00,14,4,4,0,10,100.00%,28.57%,Ramai,Sepi,Salah,69.41
S6_SVGA,2.mp4,9.17,14,5,5,0,9,100.00%,35.71%,Ramai,Sedang,Salah,79.98
S6_SVGA,2.mp4,9.33,14,5,5,0,9,100.00%,35.71%,Ramai,Sedang,Salah,72.37
S6_SVGA,2.mp4,9.50,14,5,5,0,9,100.00%,35.71%,Ramai,Sedang,Salah,75.02
S6_SVGA,2.mp4,9.67,14,4,4,0,10,100.00%,28.57%,Ramai,Sepi,Salah,69.86
S6_SVGA,2.mp4,9.83,14,4,4,0,10,100.00%,28.57%,Ramai,Sepi,Salah,69.81
S6_SVGA,2.mp4,10.00,14,5,5,0,9,100.00%,35.71%,Ramai,Sedang,Salah,68.25
S6_SVGA,2.mp4,10.17,14,4,4,0,10,100.00%,28.57%,Ramai,Sepi,Salah,68.10
S6_SVGA,2.mp4,10.33,14,4,4,0,10,100.00%,28.57%,Ramai,Sepi,Salah,75.27
S6_SVGA,2.mp4,10.50,14,3,3,0,11,100.00%,21.43%,Ramai,Sepi,Salah,67.04
S6_SVGA,2.mp4,10.67,14,3,3,0,11,100.00%,21.43%,Ramai,Sepi,Salah,63.24
S6_SVGA,2.mp4,10.83,14,3,3,0,11,100.00%,21.43%,Ramai,Sepi,Salah,75.43
S6_SVGA,2.mp4,11.00,14,3,3,0,11,100.00%,21.43%,Ramai,Sepi,Salah,64.05
S6_SVGA,2.mp4,11.17,14,3,3,0,11,100.00%,21.43%,Ramai,Sepi,Salah,62.22
S6_SVGA,2.mp4,11.33,14,3,3,0,11,100.00%,21.43%,Ramai,Sepi,Salah,64.24
S6_SVGA,2.mp4,11.50,14,3,3,0,11,100.00%,21.43%,Ramai,Sepi,Salah,63.99
S6_SVGA,2.mp4,11.67,14,3,3,0,11,100.00%,21.43%,Ramai,Sepi,Salah,63.43
S6_SVGA,2.mp4,11.83,14,4,4,0,10,100.00%,28.57%,Ramai,Sepi,Salah,71.79
S6_SVGA,2.mp4,12.00,14,4,4,0,10,100.00%,28.57%,Ramai,Sepi,Salah,62.34
S6_SVGA,2.mp4,12.17,14,4,4,0,10,100.00%,28.57%,Ramai,Sepi,Salah,67.54
S6_SVGA,2.mp4,12.33,14,4,4,0,10,100.00%,28.57%,Ramai,Sepi,Salah,63.22
S6_SVGA,2.mp4,12.50,14,4,4,0,10,100.00%,28.57%,Ramai,Sepi,Salah,65.22
S6_SVGA,2.mp4,12.67,14,4,4,0,10,100.00%,28.57%,Ramai,Sepi,Salah,62.46
S6_SVGA,2.mp4,12.83,14,4,4,0,10,100.00%,28.57%,Ramai,Sepi,Salah,67.68
S6_SVGA,2.mp4,13.00,14,4,4,0,10,100.00%,28.57%,Ramai,Sepi,Salah,60.78
S6_SVGA,2.mp4,13.17,14,4,4,0,10,100.00%,28.57%,Ramai,Sepi,Salah,63.11
S6_SVGA,2.mp4,13.33,14,3,3,0,11,100.00%,21.43%,Ramai,Sepi,Salah,62.79
S6_SVGA,2.mp4,13.50,14,3,3,0,11,100.00%,21.43%,Ramai,Sepi,Salah,69.11
S6_SVGA,2.mp4,13.67,14,3,3,0,11,100.00%,21.43%,Ramai,Sepi,Salah,67.12
S6_SVGA,2.mp4,13.83,14,2,2,0,12,100.00%,14.29%,Ramai,Sepi,Salah,73.96
S6_SVGA,2.mp4,14.00,14,3,3,0,11,100.00%,21.43%,Ramai,Sepi,Salah,64.49
S6_SVGA,2.mp4,14.17,14,2,2,0,12,100.00%,14.29%,Ramai,Sepi,Salah,64.08
S6_SVGA,2.mp4,14.33,14,3,3,0,11,100.00%,21.43%,Ramai,Sepi,Salah,62.55
S6_SVGA,2.mp4,14.50,14,2,2,0,12,100.00%,14.29%,Ramai,Sepi,Salah,65.55
S6_SVGA,2.mp4,14.67,14,2,2,0,12,100.00%,14.29%,Ramai,Sepi,Salah,63.74
S6_SVGA,2.mp4,14.83,14,3,3,0,11,100.00%,21.43%,Ramai,Sepi,Salah,72.58
S6_SVGA,2.mp4,15.00,14,3,3,0,11,100.00%,21.43%,Ramai,Sepi,Salah,64.43
S6_SVGA,2.mp4,15.17,15,4,4,0,11,100.00%,26.67%,Ramai,Sepi,Salah,73.69
S6_SVGA,2.mp4,15.33,15,4,4,0,11,100.00%,26.67%,Ramai,Sepi,Salah,73.87
S6_SVGA,2.mp4,15.50,15,4,4,0,11,100.00%,26.67%,Ramai,Sepi,Salah,63.49
S6_SVGA,2.mp4,15.67,15,3,3,0,12,100.00%,20.00%,Ramai,Sepi,Salah,65.37
S6_SVGA,2.mp4,15.83,15,3,3,0,12,100.00%,20.00%,Ramai,Sepi,Salah,71.70
S6_SVGA,2.mp4,16.00,15,3,3,0,12,100.00%,20.00%,Ramai,Sepi,Salah,72.21
S6_SVGA,2.mp4,16.17,15,3,3,0,12,100.00%,20.00%,Ramai,Sepi,Salah,64.99
S6_SVGA,2.mp4,16.33,15,2,2,0,13,100.00%,13.33%,Ramai,Sepi,Salah,62.94
S6_SVGA,2.mp4,16.50,15,2,2,0,13,100.00%,13.33%,Ramai,Sepi,Salah,66.38
S6_SVGA,2.mp4,16.67,15,3,3,0,12,100.00%,20.00%,Ramai,Sepi,Salah,65.80
S6_SVGA,2.mp4,16.83,15,4,4,0,11,100.00%,26.67%,Ramai,Sepi,Salah,69.31
S6_SVGA,2.mp4,17.00,15,4,4,0,11,100.00%,26.67%,Ramai,Sepi,Salah,65.60
S6_SVGA,2.mp4,17.17,14,3,3,0,11,100.00%,21.43%,Ramai,Sepi,Salah,62.43
S6_SVGA,2.mp4,17.33,14,2,2,0,12,100.00%,14.29%,Ramai,Sepi,Salah,63.34
S6_SVGA,2.mp4,17.50,14,2,2,0,12,100.00%,14.29%,Ramai,Sepi,Salah,63.35
S6_SVGA,2.mp4,17.67,14,2,2,0,12,100.00%,14.29%,Ramai,Sepi,Salah,68.04
S6_SVGA,2.mp4,17.83,14,2,2,0,12,100.00%,14.29%,Ramai,Sepi,Salah,77.64
S6_SVGA,2.mp4,18.00,14,2,2,0,12,100.00%,14.29%,Ramai,Sepi,Salah,59.87
S6_SVGA,2.mp4,18.17,14,2,2,0,12,100.00%,14.29%,Ramai,Sepi,Salah,65.18
S6_SVGA,2.mp4,18.33,14,2,2,0,12,100.00%,14.29%,Ramai,Sepi,Salah,64.53
S6_SVGA,2.mp4,18.50,14,2,2,0,12,100.00%,14.29%,Ramai,Sepi,Salah,64.00
S6_SVGA,2.mp4,18.67,14,3,3,0,11,100.00%,21.43%,Ramai,Sepi,Salah,64.75
S6_SVGA,2.mp4,18.83,14,3,3,0,11,100.00%,21.43%,Ramai,Sepi,Salah,64.69
S6_SVGA,2.mp4,19.00,14,2,2,0,12,100.00%,14.29%,Ramai,Sepi,Salah,61.60
S6_SVGA,2.mp4,19.17,14,3,3,0,11,100.00%,21.43%,Ramai,Sepi,Salah,62.69
S6_SVGA,2.mp4,19.33,14,3,3,0,11,100.00%,21.43%,Ramai,Sepi,Salah,61.84
S6_SVGA,2.mp4,19.50,14,3,3,0,11,100.00%,21.43%,Ramai,Sepi,Salah,66.28
S6_SVGA,2.mp4,19.67,14,3,3,0,11,100.00%,21.43%,Ramai,Sepi,Salah,74.84
S6_SVGA,2.mp4,19.83,14,3,3,0,11,100.00%,21.43%,Ramai,Sepi,Salah,73.03
S6_SVGA,2.mp4,20.00,14,3,3,0,11,100.00%,21.43%,Ramai,Sepi,Salah,63.00
S6_SVGA,2.mp4,20.17,14,4,4,0,10,100.00%,28.57%,Ramai,Sepi,Salah,65.43
S6_SVGA,2.mp4,20.33,14,4,4,0,10,100.00%,28.57%,Ramai,Sepi,Salah,64.86
S6_SVGA,2.mp4,20.50,14,4,4,0,10,100.00%,28.57%,Ramai,Sepi,Salah,65.72
S6_SVGA,2.mp4,20.67,14,3,3,0,11,100.00%,21.43%,Ramai,Sepi,Salah,63.40
S6_SVGA,2.mp4,20.83,14,3,3,0,11,100.00%,21.43%,Ramai,Sepi,Salah,77.25
S6_SVGA,2.mp4,21.00,14,3,3,0,11,100.00%,21.43%,Ramai,Sepi,Salah,70.28
S6_SVGA,2.mp4,21.17,14,2,2,0,12,100.00%,14.29%,Ramai,Sepi,Salah,73.79
S6_SVGA,2.mp4,21.33,14,2,2,0,12,100.00%,14.29%,Ramai,Sepi,Salah,72.40
S6_SVGA,2.mp4,21.50,14,1,1,0,13,100.00%,7.14%,Ramai,Sepi,Salah,82.21
S6_SVGA,2.mp4,21.67,14,1,1,0,13,100.00%,7.14%,Ramai,Sepi,Salah,81.17
S6_SVGA,2.mp4,21.83,14,1,1,0,13,100.00%,7.14%,Ramai,Sepi,Salah,74.14
S6_SVGA,2.mp4,22.00,14,1,1,0,13,100.00%,7.14%,Ramai,Sepi,Salah,75.99
S6_SVGA,2.mp4,22.17,14,1,1,0,13,100.00%,7.14%,Ramai,Sepi,Salah,71.20
S6_SVGA,2.mp4,22.33,14,1,1,0,13,100.00%,7.14%,Ramai,Sepi,Salah,65.54
S6_SVGA,2.mp4,22.50,14,1,1,0,13,100.00%,7.14%,Ramai,Sepi,Salah,70.90
S6_SVGA,2.mp4,22.67,14,1,1,0,13,100.00%,7.14%,Ramai,Sepi,Salah,78.29
S6_SVGA,2.mp4,22.83,14,1,1,0,13,100.00%,7.14%,Ramai,Sepi,Salah,81.11
S6_SVGA,2.mp4,23.00,14,1,1,0,13,100.00%,7.14%,Ramai,Sepi,Salah,66.45
S6_SVGA,2.mp4,23.17,14,1,1,0,13,100.00%,7.14%,Ramai,Sepi,Salah,77.25
S6_SVGA,2.mp4,23.33,14,0,0,0,14,0.00%,0.00%,Ramai,Sepi,Salah,72.57
S6_SVGA,2.mp4,23.50,14,0,0,0,14,0.00%,0.00%,Ramai,Sepi,Salah,62.17
S6_SVGA,2.mp4,23.67,14,1,1,0,13,100.00%,7.14%,Ramai,Sepi,Salah,73.36
S6_SVGA,2.mp4,23.83,14,2,2,0,12,100.00%,14.29%,Ramai,Sepi,Salah,78.54
S6_SVGA,2.mp4,24.00,14,3,3,0,11,100.00%,21.43%,Ramai,Sepi,Salah,67.43
S6_SVGA,2.mp4,24.17,14,3,3,0,11,100.00%,21.43%,Ramai,Sepi,Salah,64.01
S6_SVGA,2.mp4,24.33,14,2,2,0,12,100.00%,14.29%,Ramai,Sepi,Salah,65.52
S6_SVGA,2.mp4,24.50,14,2,2,0,12,100.00%,14.29%,Ramai,Sepi,Salah,64.48
S6_SVGA,2.mp4,24.67,14,2,2,0,12,100.00%,14.29%,Ramai,Sepi,Salah,70.30
S6_SVGA,2.mp4,24.83,14,2,2,0,12,100.00%,14.29%,Ramai,Sepi,Salah,71.65
S6_SVGA,2.mp4,25.00,14,3,3,0,11,100.00%,21.43%,Ramai,Sepi,Salah,68.68
S6_SVGA,2.mp4,25.17,14,3,3,0,11,100.00%,21.43%,Ramai,Sepi,Salah,70.03
S6_SVGA,2.mp4,25.33,14,4,4,0,10,100.00%,28.57%,Ramai,Sepi,Salah,71.08
S6_SVGA,2.mp4,25.50,14,3,3,0,11,100.00%,21.43%,Ramai,Sepi,Salah,73.53
S6_SVGA,2.mp4,25.67,14,2,2,0,12,100.00%,14.29%,Ramai,Sepi,Salah,69.63
S6_SVGA,2.mp4,25.83,14,2,2,0,12,100.00%,14.29%,Ramai,Sepi,Salah,71.97
S6_SVGA,2.mp4,26.00,13,3,3,0,10,100.00%,23.08%,Ramai,Sepi,Salah,61.17
S6_SVGA,2.mp4,26.17,13,3,3,0,10,100.00%,23.08%,Ramai,Sepi,Salah,64.33
S6_SVGA,2.mp4,26.33,13,3,3,0,10,100.00%,23.08%,Ramai,Sepi,Salah,61.98
S6_SVGA,2.mp4,26.50,13,3,3,0,10,100.00%,23.08%,Ramai,Sepi,Salah,69.97
S6_SVGA,2.mp4,26.67,13,3,3,0,10,100.00%,23.08%,Ramai,Sepi,Salah,61.23
S6_SVGA,2.mp4,26.83,13,3,3,0,10,100.00%,23.08%,Ramai,Sepi,Salah,76.28
S6_SVGA,2.mp4,27.00,13,3,3,0,10,100.00%,23.08%,Ramai,Sepi,Salah,70.27
S6_SVGA,2.mp4,27.17,13,3,3,0,10,100.00%,23.08%,Ramai,Sepi,Salah,66.98
S6_SVGA,2.mp4,27.33,13,4,4,0,9,100.00%,30.77%,Ramai,Sepi,Salah,68.59
S6_SVGA,2.mp4,27.50,13,3,3,0,10,100.00%,23.08%,Ramai,Sepi,Salah,67.04
S6_SVGA,2.mp4,27.67,13,3,3,0,10,100.00%,23.08%,Ramai,Sepi,Salah,66.49
S6_SVGA,2.mp4,27.83,13,3,3,0,10,100.00%,23.08%,Ramai,Sepi,Salah,73.50
S6_SVGA,2.mp4,28.00,13,4,4,0,9,100.00%,30.77%,Ramai,Sepi,Salah,66.50
S6_SVGA,2.mp4,28.17,13,3,3,0,10,100.00%,23.08%,Ramai,Sepi,Salah,73.69
S6_SVGA,2.mp4,28.33,13,2,2,0,11,100.00%,15.38%,Ramai,Sepi,Salah,69.21
S6_SVGA,2.mp4,28.50,13,1,1,0,12,100.00%,7.69%,Ramai,Sepi,Salah,66.96
S6_SVGA,2.mp4,28.67,13,1,1,0,12,100.00%,7.69%,Ramai,Sepi,Salah,72.06
S6_SVGA,2.mp4,28.83,13,2,2,0,11,100.00%,15.38%,Ramai,Sepi,Salah,81.38
S6_SVGA,2.mp4,29.00,12,2,2,0,10,100.00%,16.67%,Ramai,Sepi,Salah,70.83
S6_SVGA,2.mp4,29.17,12,3,3,0,9,100.00%,25.00%,Ramai,Sepi,Salah,66.25
S6_SVGA,2.mp4,29.33,12,3,3,0,9,100.00%,25.00%,Ramai,Sepi,Salah,83.43
S6_SVGA,2.mp4,29.50,12,3,3,0,9,100.00%,25.00%,Ramai,Sepi,Salah,69.55
S6_SVGA,2.mp4,29.67,12,3,3,0,9,100.00%,25.00%,Ramai,Sepi,Salah,73.30
S6_SVGA,2.mp4,29.83,12,2,2,0,10,100.00%,16.67%,Ramai,Sepi,Salah,69.47
S6_SVGA,2.mp4,30.00,12,2,2,0,10,100.00%,16.67%,Ramai,Sepi,Salah,64.58
S6_SVGA,2.mp4,30.17,12,2,2,0,10,100.00%,16.67%,Ramai,Sepi,Salah,69.57
S6_SVGA,2.mp4,30.33,12,2,2,0,10,100.00%,16.67%,Ramai,Sepi,Salah,61.95
S6_SVGA,2.mp4,30.50,12,2,2,0,10,100.00%,16.67%,Ramai,Sepi,Salah,63.41
S6_SVGA,2.mp4,30.67,12,1,1,0,11,100.00%,8.33%,Ramai,Sepi,Salah,73.73
S6_SVGA,2.mp4,30.83,12,1,1,0,11,100.00%,8.33%,Ramai,Sepi,Salah,96.43
S6_SVGA,2.mp4,31.00,12,1,1,0,11,100.00%,8.33%,Ramai,Sepi,Salah,75.38
S6_SVGA,2.mp4,31.17,12,2,2,0,10,100.00%,16.67%,Ramai,Sepi,Salah,66.03
S6_SVGA,2.mp4,31.33,12,2,2,0,10,100.00%,16.67%,Ramai,Sepi,Salah,62.87
S6_SVGA,2.mp4,31.50,12,2,2,0,10,100.00%,16.67%,Ramai,Sepi,Salah,67.79
S6_SVGA,2.mp4,31.67,12,1,1,0,11,100.00%,8.33%,Ramai,Sepi,Salah,67.39
S6_SVGA,2.mp4,31.83,12,1,1,0,11,100.00%,8.33%,Ramai,Sepi,Salah,75.51
S6_SVGA,2.mp4,32.00,12,1,1,0,11,100.00%,8.33%,Ramai,Sepi,Salah,58.39
S6_SVGA,2.mp4,32.17,12,0,0,0,12,0.00%,0.00%,Ramai,Sepi,Salah,62.66
S6_SVGA,2.mp4,32.33,12,0,0,0,12,0.00%,0.00%,Ramai,Sepi,Salah,83.79
S6_SVGA,2.mp4,32.50,12,0,0,0,12,0.00%,0.00%,Ramai,Sepi,Salah,65.41
S6_SVGA,2.mp4,32.67,12,0,0,0,12,0.00%,0.00%,Ramai,Sepi,Salah,68.66
S6_SVGA,2.mp4,32.83,12,0,0,0,12,0.00%,0.00%,Ramai,Sepi,Salah,62.96
S6_SVGA,2.mp4,33.00,12,0,0,0,12,0.00%,0.00%,Ramai,Sepi,Salah,62.85
S6_SVGA,2.mp4,33.17,12,1,1,0,11,100.00%,8.33%,Ramai,Sepi,Salah,61.51
S6_SVGA,2.mp4,33.33,12,2,2,0,10,100.00%,16.67%,Ramai,Sepi,Salah,67.72
S6_SVGA,2.mp4,33.50,12,2,2,0,10,100.00%,16.67%,Ramai,Sepi,Salah,70.32
S6_SVGA,2.mp4,33.67,12,2,2,0,10,100.00%,16.67%,Ramai,Sepi,Salah,68.90
S6_SVGA,2.mp4,33.83,12,2,2,0,10,100.00%,16.67%,Ramai,Sepi,Salah,68.06
S6_SVGA,2.mp4,34.00,12,2,2,0,10,100.00%,16.67%,Ramai,Sepi,Salah,64.63
S6_SVGA,2.mp4,34.17,12,2,2,0,10,100.00%,16.67%,Ramai,Sepi,Salah,61.92
S6_SVGA,2.mp4,34.33,12,2,2,0,10,100.00%,16.67%,Ramai,Sepi,Salah,78.88
S6_SVGA,2.mp4,34.50,12,2,2,0,10,100.00%,16.67%,Ramai,Sepi,Salah,70.04
S6_SVGA,2.mp4,34.67,12,2,2,0,10,100.00%,16.67%,Ramai,Sepi,Salah,68.48
S6_SVGA,2.mp4,34.83,12,1,1,0,11,100.00%,8.33%,Ramai,Sepi,Salah,67.33
S6_SVGA,2.mp4,35.00,12,1,1,0,11,100.00%,8.33%,Ramai,Sepi,Salah,61.26
S6_SVGA,2.mp4,35.17,12,1,1,0,11,100.00%,8.33%,Ramai,Sepi,Salah,61.56
S6_SVGA,2.mp4,35.33,12,0,0,0,12,0.00%,0.00%,Ramai,Sepi,Salah,61.78
S6_SVGA,2.mp4,35.50,12,0,0,0,12,0.00%,0.00%,Ramai,Sepi,Salah,63.58
S6_SVGA,2.mp4,35.67,12,0,0,0,12,0.00%,0.00%,Ramai,Sepi,Salah,58.79
S6_SVGA,2.mp4,35.83,12,0,0,0,12,0.00%,0.00%,Ramai,Sepi,Salah,68.99
S6_SVGA,2.mp4,36.00,12,1,1,0,11,100.00%,8.33%,Ramai,Sepi,Salah,61.32
S6_SVGA,2.mp4,36.17,12,1,1,0,11,100.00%,8.33%,Ramai,Sepi,Salah,62.30
S6_SVGA,2.mp4,36.33,12,1,1,0,11,100.00%,8.33%,Ramai,Sepi,Salah,60.38
S6_SVGA,2.mp4,36.50,12,2,2,0,10,100.00%,16.67%,Ramai,Sepi,Salah,66.47
S6_SVGA,2.mp4,36.67,12,2,2,0,10,100.00%,16.67%,Ramai,Sepi,Salah,64.96
S6_SVGA,2.mp4,36.83,12,2,2,0,10,100.00%,16.67%,Ramai,Sepi,Salah,77.96
S6_SVGA,2.mp4,37.00,12,2,2,0,10,100.00%,16.67%,Ramai,Sepi,Salah,75.12
S6_SVGA,2.mp4,37.17,12,2,2,0,10,100.00%,16.67%,Ramai,Sepi,Salah,61.90
S6_SVGA,2.mp4,37.33,12,2,2,0,10,100.00%,16.67%,Ramai,Sepi,Salah,62.57
S6_SVGA,2.mp4,37.50,12,2,2,0,10,100.00%,16.67%,Ramai,Sepi,Salah,62.59
S6_SVGA,2.mp4,37.67,12,2,2,0,10,100.00%,16.67%,Ramai,Sepi,Salah,61.67
S6_SVGA,2.mp4,37.83,12,2,2,0,10,100.00%,16.67%,Ramai,Sepi,Salah,69.66
S6_SVGA,2.mp4,38.00,12,1,1,0,11,100.00%,8.33%,Ramai,Sepi,Salah,64.75
S6_SVGA,2.mp4,38.17,12,1,1,0,11,100.00%,8.33%,Ramai,Sepi,Salah,61.50
S6_SVGA,2.mp4,38.33,12,1,1,0,11,100.00%,8.33%,Ramai,Sepi,Salah,59.70
S6_SVGA,2.mp4,38.50,12,0,0,0,12,0.00%,0.00%,Ramai,Sepi,Salah,62.07
S6_SVGA,2.mp4,38.67,12,0,0,0,12,0.00%,0.00%,Ramai,Sepi,Salah,61.13
S6_SVGA,2.mp4,38.83,12,0,0,0,12,0.00%,0.00%,Ramai,Sepi,Salah,68.26
S6_SVGA,2.mp4,39.00,12,0,0,0,12,0.00%,0.00%,Ramai,Sepi,Salah,66.76
S6_SVGA,2.mp4,39.17,12,1,1,0,11,100.00%,8.33%,Ramai,Sepi,Salah,65.49
S6_SVGA,2.mp4,39.33,12,1,1,0,11,100.00%,8.33%,Ramai,Sepi,Salah,66.37
S6_SVGA,2.mp4,39.50,12,2,2,0,10,100.00%,16.67%,Ramai,Sepi,Salah,66.75
S6_SVGA,2.mp4,39.67,12,2,2,0,10,100.00%,16.67%,Ramai,Sepi,Salah,70.18
S6_SVGA,2.mp4,39.83,12,2,2,0,10,100.00%,16.67%,Ramai,Sepi,Salah,71.44
S6_SVGA,2.mp4,40.00,12,1,1,0,11,100.00%,8.33%,Ramai,Sepi,Salah,70.03
S6_VGA,1.mp4,0.00,5,2,2,0,3,100.00%,40.00%,Sedang,Sepi,Salah,63.28
S6_VGA,1.mp4,0.12,5,2,2,0,3,100.00%,40.00%,Sedang,Sepi,Salah,87.99
S6_VGA,1.mp4,0.25,5,2,2,0,3,100.00%,40.00%,Sedang,Sepi,Salah,63.49
S6_VGA,1.mp4,0.38,5,2,2,0,3,100.00%,40.00%,Sedang,Sepi,Salah,59.89
S6_VGA,1.mp4,0.50,5,2,2,0,3,100.00%,40.00%,Sedang,Sepi,Salah,60.19
S6_VGA,1.mp4,0.62,5,2,2,0,3,100.00%,40.00%,Sedang,Sepi,Salah,60.43
S6_VGA,1.mp4,0.75,5,2,2,0,3,100.00%,40.00%,Sedang,Sepi,Salah,67.71
S6_VGA,1.mp4,0.88,5,2,2,0,3,100.00%,40.00%,Sedang,Sepi,Salah,63.38
S6_VGA,1.mp4,1.00,5,3,3,0,2,100.00%,60.00%,Sedang,Sepi,Salah,55.85
S6_VGA,1.mp4,1.12,5,2,2,0,3,100.00%,40.00%,Sedang,Sepi,Salah,66.19
S6_VGA,1.mp4,1.25,5,3,3,0,2,100.00%,60.00%,Sedang,Sepi,Salah,66.00
S6_VGA,1.mp4,1.38,5,3,3,0,2,100.00%,60.00%,Sedang,Sepi,Salah,59.42
S6_VGA,1.mp4,1.50,5,3,3,0,2,100.00%,60.00%,Sedang,Sepi,Salah,56.19
S6_VGA,1.mp4,1.62,5,2,2,0,3,100.00%,40.00%,Sedang,Sepi,Salah,57.24
S6_VGA,1.mp4,1.75,5,2,2,0,3,100.00%,40.00%,Sedang,Sepi,Salah,56.63
S6_VGA,1.mp4,1.88,5,2,2,0,3,100.00%,40.00%,Sedang,Sepi,Salah,63.76
S6_VGA,1.mp4,2.00,5,3,3,0,2,100.00%,60.00%,Sedang,Sepi,Salah,60.35
S6_VGA,1.mp4,2.12,5,4,4,0,1,100.00%,80.00%,Sedang,Sepi,Salah,57.82
S6_VGA,1.mp4,2.25,5,4,4,0,1,100.00%,80.00%,Sedang,Sepi,Salah,56.62
S6_VGA,1.mp4,2.38,5,4,4,0,1,100.00%,80.00%,Sedang,Sepi,Salah,56.77
S6_VGA,1.mp4,2.50,5,4,4,0,1,100.00%,80.00%,Sedang,Sepi,Salah,58.62
S6_VGA,1.mp4,2.62,5,3,3,0,2,100.00%,60.00%,Sedang,Sepi,Salah,61.43
S6_VGA,1.mp4,2.75,5,3,3,0,2,100.00%,60.00%,Sedang,Sepi,Salah,56.59
S6_VGA,1.mp4,2.88,5,4,4,0,1,100.00%,80.00%,Sedang,Sepi,Salah,62.68
S6_VGA,1.mp4,3.00,5,4,4,0,1,100.00%,80.00%,Sedang,Sepi,Salah,57.11
S6_VGA,1.mp4,3.12,5,4,4,0,1,100.00%,80.00%,Sedang,Sepi,Salah,56.03
S6_VGA,1.mp4,3.25,5,4,4,0,1,100.00%,80.00%,Sedang,Sepi,Salah,55.59
S6_VGA,1.mp4,3.38,5,4,4,0,1,100.00%,80.00%,Sedang,Sepi,Salah,60.67
S6_VGA,1.mp4,3.50,5,4,4,0,1,100.00%,80.00%,Sedang,Sepi,Salah,59.43
S6_VGA,1.mp4,3.62,5,4,4,0,1,100.00%,80.00%,Sedang,Sepi,Salah,57.97
S6_VGA,1.mp4,3.75,5,4,4,0,1,100.00%,80.00%,Sedang,Sepi,Salah,61.27
S6_VGA,1.mp4,3.88,5,4,4,0,1,100.00%,80.00%,Sedang,Sepi,Salah,63.09
S6_VGA,1.mp4,4.00,5,4,4,0,1,100.00%,80.00%,Sedang,Sepi,Salah,58.75
S6_VGA,1.mp4,4.12,5,3,3,0,2,100.00%,60.00%,Sedang,Sepi,Salah,63.89
S6_VGA,1.mp4,4.25,5,3,3,0,2,100.00%,60.00%,Sedang,Sepi,Salah,59.36
S6_VGA,1.mp4,4.38,5,3,3,0,2,100.00%,60.00%,Sedang,Sepi,Salah,59.69
S6_VGA,1.mp4,4.50,5,3,3,0,2,100.00%,60.00%,Sedang,Sepi,Salah,55.01
S6_VGA,1.mp4,4.62,5,3,3,0,2,100.00%,60.00%,Sedang,Sepi,Salah,56.79
S6_VGA,1.mp4,4.75,5,3,3,0,2,100.00%,60.00%,Sedang,Sepi,Salah,59.09
S6_VGA,1.mp4,4.88,5,3,3,0,2,100.00%,60.00%,Sedang,Sepi,Salah,60.35
S6_VGA,1.mp4,5.00,5,3,3,0,2,100.00%,60.00%,Sedang,Sepi,Salah,55.92
S6_VGA,1.mp4,5.12,5,3,3,0,2,100.00%,60.00%,Sedang,Sepi,Salah,56.07
S6_VGA,1.mp4,5.25,5,3,3,0,2,100.00%,60.00%,Sedang,Sepi,Salah,61.48
S6_VGA,1.mp4,5.38,5,3,3,0,2,100.00%,60.00%,Sedang,Sepi,Salah,56.43
S6_VGA,1.mp4,5.50,5,3,3,0,2,100.00%,60.00%,Sedang,Sepi,Salah,56.49
S6_VGA,1.mp4,5.62,5,3,3,0,2,100.00%,60.00%,Sedang,Sepi,Salah,57.47
S6_VGA,1.mp4,5.75,5,3,3,0,2,100.00%,60.00%,Sedang,Sepi,Salah,55.94
S6_VGA,1.mp4,5.88,5,3,3,0,2,100.00%,60.00%,Sedang,Sepi,Salah,64.28
S6_VGA,1.mp4,6.00,5,3,3,0,2,100.00%,60.00%,Sedang,Sepi,Salah,55.29
S6_VGA,1.mp4,6.12,4,3,3,0,1,100.00%,75.00%,Sepi,Sepi,Benar,56.30
S6_VGA,1.mp4,6.25,4,3,3,0,1,100.00%,75.00%,Sepi,Sepi,Benar,55.34
S6_VGA,1.mp4,6.38,4,3,3,0,1,100.00%,75.00%,Sepi,Sepi,Benar,57.52
S6_VGA,1.mp4,6.50,4,3,3,0,1,100.00%,75.00%,Sepi,Sepi,Benar,60.05
S6_VGA,1.mp4,6.62,4,3,3,0,1,100.00%,75.00%,Sepi,Sepi,Benar,56.61
S6_VGA,1.mp4,6.75,4,2,2,0,2,100.00%,50.00%,Sepi,Sepi,Benar,60.98
S6_VGA,1.mp4,6.88,4,2,2,0,2,100.00%,50.00%,Sepi,Sepi,Benar,62.31
S6_VGA,1.mp4,7.00,4,2,2,0,2,100.00%,50.00%,Sepi,Sepi,Benar,56.67
S6_VGA,1.mp4,7.12,4,2,2,0,2,100.00%,50.00%,Sepi,Sepi,Benar,61.20
S6_VGA,1.mp4,7.25,4,2,2,0,2,100.00%,50.00%,Sepi,Sepi,Benar,57.45
S6_VGA,1.mp4,7.38,4,2,2,0,2,100.00%,50.00%,Sepi,Sepi,Benar,58.16
S6_VGA,1.mp4,7.50,4,2,2,0,2,100.00%,50.00%,Sepi,Sepi,Benar,55.38
S6_VGA,1.mp4,7.62,4,2,2,0,2,100.00%,50.00%,Sepi,Sepi,Benar,63.04
S6_VGA,1.mp4,7.75,4,2,2,0,2,100.00%,50.00%,Sepi,Sepi,Benar,70.04
S6_VGA,1.mp4,7.88,4,2,2,0,2,100.00%,50.00%,Sepi,Sepi,Benar,61.11
S6_VGA,1.mp4,8.00,4,2,2,0,2,100.00%,50.00%,Sepi,Sepi,Benar,56.56
S6_VGA,1.mp4,8.12,4,2,2,0,2,100.00%,50.00%,Sepi,Sepi,Benar,54.89
S6_VGA,1.mp4,8.25,4,2,2,0,2,100.00%,50.00%,Sepi,Sepi,Benar,63.56
S6_VGA,1.mp4,8.38,4,2,2,0,2,100.00%,50.00%,Sepi,Sepi,Benar,57.80
S6_VGA,1.mp4,8.50,4,2,2,0,2,100.00%,50.00%,Sepi,Sepi,Benar,59.59
S6_VGA,1.mp4,8.62,4,2,2,0,2,100.00%,50.00%,Sepi,Sepi,Benar,58.70
S6_VGA,1.mp4,8.75,4,2,2,0,2,100.00%,50.00%,Sepi,Sepi,Benar,64.80
S6_VGA,1.mp4,8.88,4,2,2,0,2,100.00%,50.00%,Sepi,Sepi,Benar,73.89
S6_VGA,1.mp4,9.00,4,2,2,0,2,100.00%,50.00%,Sepi,Sepi,Benar,63.39
S6_VGA,1.mp4,9.12,4,2,2,0,2,100.00%,50.00%,Sepi,Sepi,Benar,57.22
S6_VGA,1.mp4,9.25,4,2,2,0,2,100.00%,50.00%,Sepi,Sepi,Benar,56.37
S6_VGA,1.mp4,9.38,4,2,2,0,2,100.00%,50.00%,Sepi,Sepi,Benar,60.38
S6_VGA,1.mp4,9.50,4,2,2,0,2,100.00%,50.00%,Sepi,Sepi,Benar,68.49
S6_VGA,1.mp4,9.62,4,2,2,0,2,100.00%,50.00%,Sepi,Sepi,Benar,63.94
S6_VGA,1.mp4,9.75,4,2,2,0,2,100.00%,50.00%,Sepi,Sepi,Benar,67.20
S6_VGA,1.mp4,9.88,4,2,2,0,2,100.00%,50.00%,Sepi,Sepi,Benar,61.25
S6_VGA,1.mp4,10.00,4,2,2,0,2,100.00%,50.00%,Sepi,Sepi,Benar,63.51
S6_VGA,1.mp4,10.12,4,2,2,0,2,100.00%,50.00%,Sepi,Sepi,Benar,62.37
S6_VGA,1.mp4,10.25,4,2,2,0,2,100.00%,50.00%,Sepi,Sepi,Benar,59.17
S6_VGA,1.mp4,10.38,4,2,2,0,2,100.00%,50.00%,Sepi,Sepi,Benar,58.52
S6_VGA,1.mp4,10.50,4,2,2,0,2,100.00%,50.00%,Sepi,Sepi,Benar,69.69
S6_VGA,1.mp4,10.62,4,2,2,0,2,100.00%,50.00%,Sepi,Sepi,Benar,68.70
S6_VGA,1.mp4,10.75,4,2,2,0,2,100.00%,50.00%,Sepi,Sepi,Benar,63.37
S6_VGA,1.mp4,10.88,4,2,2,0,2,100.00%,50.00%,Sepi,Sepi,Benar,58.18
S6_VGA,1.mp4,11.00,4,2,2,0,2,100.00%,50.00%,Sepi,Sepi,Benar,60.97
S6_VGA,1.mp4,11.12,4,2,2,0,2,100.00%,50.00%,Sepi,Sepi,Benar,66.88
S6_VGA,1.mp4,11.25,4,3,3,0,1,100.00%,75.00%,Sepi,Sepi,Benar,60.89
S6_VGA,1.mp4,11.38,4,3,3,0,1,100.00%,75.00%,Sepi,Sepi,Benar,58.23
S6_VGA,1.mp4,11.50,4,3,3,0,1,100.00%,75.00%,Sepi,Sepi,Benar,57.98
S6_VGA,1.mp4,11.62,4,3,3,0,1,100.00%,75.00%,Sepi,Sepi,Benar,58.00
S6_VGA,1.mp4,11.75,4,3,3,0,1,100.00%,75.00%,Sepi,Sepi,Benar,64.76
S6_VGA,1.mp4,11.88,4,3,3,0,1,100.00%,75.00%,Sepi,Sepi,Benar,65.10
S6_VGA,1.mp4,12.00,4,3,3,0,1,100.00%,75.00%,Sepi,Sepi,Benar,58.66
S6_VGA,1.mp4,12.12,4,3,3,0,1,100.00%,75.00%,Sepi,Sepi,Benar,54.91
S6_VGA,1.mp4,12.25,4,3,3,0,1,100.00%,75.00%,Sepi,Sepi,Benar,57.23
S6_VGA,1.mp4,12.38,4,3,3,0,1,100.00%,75.00%,Sepi,Sepi,Benar,59.68
S6_VGA,1.mp4,12.50,4,3,3,0,1,100.00%,75.00%,Sepi,Sepi,Benar,55.51
S6_VGA,1.mp4,12.62,4,3,3,0,1,100.00%,75.00%,Sepi,Sepi,Benar,55.77
S6_VGA,1.mp4,12.75,4,3,3,0,1,100.00%,75.00%,Sepi,Sepi,Benar,86.31
S6_VGA,1.mp4,12.88,4,3,3,0,1,100.00%,75.00%,Sepi,Sepi,Benar,243.63
S6_VGA,1.mp4,13.00,4,3,3,0,1,100.00%,75.00%,Sepi,Sepi,Benar,57.89
S6_VGA,1.mp4,13.12,4,3,3,0,1,100.00%,75.00%,Sepi,Sepi,Benar,58.07
S6_VGA,1.mp4,13.25,4,3,3,0,1,100.00%,75.00%,Sepi,Sepi,Benar,59.97
S6_VGA,1.mp4,13.38,4,3,3,0,1,100.00%,75.00%,Sepi,Sepi,Benar,64.72
S6_VGA,1.mp4,13.50,4,3,3,0,1,100.00%,75.00%,Sepi,Sepi,Benar,58.28
S6_VGA,1.mp4,13.62,4,3,3,0,1,100.00%,75.00%,Sepi,Sepi,Benar,60.02
S6_VGA,1.mp4,13.75,4,3,3,0,1,100.00%,75.00%,Sepi,Sepi,Benar,64.26
S6_VGA,1.mp4,13.88,4,3,3,0,1,100.00%,75.00%,Sepi,Sepi,Benar,61.80
S6_VGA,1.mp4,14.00,4,3,3,0,1,100.00%,75.00%,Sepi,Sepi,Benar,60.54
S6_VGA,1.mp4,14.12,4,3,3,0,1,100.00%,75.00%,Sepi,Sepi,Benar,61.70
S6_VGA,1.mp4,14.25,4,3,3,0,1,100.00%,75.00%,Sepi,Sepi,Benar,59.96
S6_VGA,1.mp4,14.38,4,3,3,0,1,100.00%,75.00%,Sepi,Sepi,Benar,59.72
S6_VGA,1.mp4,14.50,4,3,3,0,1,100.00%,75.00%,Sepi,Sepi,Benar,59.78
S6_VGA,1.mp4,14.62,4,3,3,0,1,100.00%,75.00%,Sepi,Sepi,Benar,63.10
S6_VGA,1.mp4,14.75,4,3,3,0,1,100.00%,75.00%,Sepi,Sepi,Benar,64.44
S6_VGA,1.mp4,14.88,4,3,3,0,1,100.00%,75.00%,Sepi,Sepi,Benar,68.83
S6_VGA,1.mp4,15.00,4,3,3,0,1,100.00%,75.00%,Sepi,Sepi,Benar,88.32
S6_VGA,1.mp4,15.12,4,3,3,0,1,100.00%,75.00%,Sepi,Sepi,Benar,63.97
S6_VGA,1.mp4,15.25,4,3,3,0,1,100.00%,75.00%,Sepi,Sepi,Benar,66.57
S6_VGA,1.mp4,15.38,4,3,3,0,1,100.00%,75.00%,Sepi,Sepi,Benar,57.50
S6_VGA,1.mp4,15.50,4,3,3,0,1,100.00%,75.00%,Sepi,Sepi,Benar,69.73
S6_VGA,1.mp4,15.62,4,3,3,0,1,100.00%,75.00%,Sepi,Sepi,Benar,67.23
S6_VGA,1.mp4,15.75,4,3,3,0,1,100.00%,75.00%,Sepi,Sepi,Benar,59.78
S6_VGA,1.mp4,15.88,4,3,3,0,1,100.00%,75.00%,Sepi,Sepi,Benar,62.81
S6_VGA,1.mp4,16.00,4,3,3,0,1,100.00%,75.00%,Sepi,Sepi,Benar,56.02
S6_VGA,1.mp4,16.12,4,3,3,0,1,100.00%,75.00%,Sepi,Sepi,Benar,55.78
S6_VGA,1.mp4,16.25,4,3,3,0,1,100.00%,75.00%,Sepi,Sepi,Benar,66.62
S6_VGA,1.mp4,16.38,4,4,4,0,0,100.00%,100.00%,Sepi,Sepi,Benar,62.87
S6_VGA,1.mp4,16.50,4,4,4,0,0,100.00%,100.00%,Sepi,Sepi,Benar,58.68
S6_VGA,1.mp4,16.62,4,3,3,0,1,100.00%,75.00%,Sepi,Sepi,Benar,56.34
S6_VGA,1.mp4,16.75,4,3,3,0,1,100.00%,75.00%,Sepi,Sepi,Benar,59.43
S6_VGA,1.mp4,16.88,4,3,3,0,1,100.00%,75.00%,Sepi,Sepi,Benar,60.59
S6_VGA,1.mp4,17.00,4,3,3,0,1,100.00%,75.00%,Sepi,Sepi,Benar,66.36
S6_VGA,1.mp4,17.12,4,3,3,0,1,100.00%,75.00%,Sepi,Sepi,Benar,56.62
S6_VGA,1.mp4,17.25,4,3,3,0,1,100.00%,75.00%,Sepi,Sepi,Benar,57.44
S6_VGA,1.mp4,17.38,4,4,4,0,0,100.00%,100.00%,Sepi,Sepi,Benar,56.98
S6_VGA,1.mp4,17.50,4,4,4,0,0,100.00%,100.00%,Sepi,Sepi,Benar,55.48
S6_VGA,1.mp4,17.62,4,4,4,0,0,100.00%,100.00%,Sepi,Sepi,Benar,57.49
S6_VGA,1.mp4,17.75,4,4,4,0,0,100.00%,100.00%,Sepi,Sepi,Benar,64.30
S6_VGA,1.mp4,17.88,4,3,3,0,1,100.00%,75.00%,Sepi,Sepi,Benar,62.72
S6_VGA,1.mp4,18.00,4,3,3,0,1,100.00%,75.00%,Sepi,Sepi,Benar,56.84
S6_VGA,1.mp4,18.12,4,3,3,0,1,100.00%,75.00%,Sepi,Sepi,Benar,56.84
S6_VGA,1.mp4,18.25,4,3,3,0,1,100.00%,75.00%,Sepi,Sepi,Benar,55.65
S6_VGA,1.mp4,18.38,4,4,4,0,0,100.00%,100.00%,Sepi,Sepi,Benar,55.40
S6_VGA,1.mp4,18.50,4,4,4,0,0,100.00%,100.00%,Sepi,Sepi,Benar,56.78
S6_VGA,1.mp4,18.62,4,3,3,0,1,100.00%,75.00%,Sepi,Sepi,Benar,56.36
S6_VGA,1.mp4,18.75,4,3,3,0,1,100.00%,75.00%,Sepi,Sepi,Benar,56.57
S6_VGA,1.mp4,18.88,4,3,3,0,1,100.00%,75.00%,Sepi,Sepi,Benar,63.14
S6_VGA,1.mp4,19.00,4,3,3,0,1,100.00%,75.00%,Sepi,Sepi,Benar,54.24
S6_VGA,1.mp4,19.12,4,4,4,0,0,100.00%,100.00%,Sepi,Sepi,Benar,56.68
S6_VGA,1.mp4,19.25,4,3,3,0,1,100.00%,75.00%,Sepi,Sepi,Benar,57.24
S6_VGA,1.mp4,19.38,4,3,3,0,1,100.00%,75.00%,Sepi,Sepi,Benar,59.93
S6_VGA,1.mp4,19.50,4,2,2,0,2,100.00%,50.00%,Sepi,Sepi,Benar,58.48
S6_VGA,1.mp4,19.62,4,3,3,0,1,100.00%,75.00%,Sepi,Sepi,Benar,59.48
S6_VGA,1.mp4,19.75,4,3,3,0,1,100.00%,75.00%,Sepi,Sepi,Benar,63.97
S6_VGA,1.mp4,19.88,4,3,3,0,1,100.00%,75.00%,Sepi,Sepi,Benar,61.85
S6_VGA,1.mp4,20.00,4,3,3,0,1,100.00%,75.00%,Sepi,Sepi,Benar,55.70
S6_VGA,1.mp4,20.12,5,3,3,0,2,100.00%,60.00%,Sedang,Sepi,Salah,67.04
S6_VGA,1.mp4,20.25,5,4,4,0,1,100.00%,80.00%,Sedang,Sepi,Salah,75.90
S6_VGA,1.mp4,20.38,5,4,4,0,1,100.00%,80.00%,Sedang,Sepi,Salah,62.35
S6_VGA,1.mp4,20.50,5,4,4,0,1,100.00%,80.00%,Sedang,Sepi,Salah,59.07
S6_VGA,1.mp4,20.62,5,4,4,0,1,100.00%,80.00%,Sedang,Sepi,Salah,64.43
S6_VGA,1.mp4,20.75,5,4,4,0,1,100.00%,80.00%,Sedang,Sepi,Salah,70.44
S6_VGA,1.mp4,20.88,5,4,4,0,1,100.00%,80.00%,Sedang,Sepi,Salah,64.77
S6_VGA,1.mp4,21.00,5,4,4,0,1,100.00%,80.00%,Sedang,Sepi,Salah,58.21
S6_VGA,1.mp4,21.12,5,4,4,0,1,100.00%,80.00%,Sedang,Sepi,Salah,63.95
S6_VGA,1.mp4,21.25,5,4,4,0,1,100.00%,80.00%,Sedang,Sepi,Salah,60.33
S6_VGA,1.mp4,21.38,5,4,4,0,1,100.00%,80.00%,Sedang,Sepi,Salah,63.22
S6_VGA,1.mp4,21.50,5,4,4,0,1,100.00%,80.00%,Sedang,Sepi,Salah,63.79
S6_VGA,1.mp4,21.62,5,4,4,0,1,100.00%,80.00%,Sedang,Sepi,Salah,59.34
S6_VGA,1.mp4,21.75,5,4,4,0,1,100.00%,80.00%,Sedang,Sepi,Salah,60.26
S6_VGA,1.mp4,21.88,5,3,3,0,2,100.00%,60.00%,Sedang,Sepi,Salah,63.21
S6_VGA,1.mp4,22.00,5,3,3,0,2,100.00%,60.00%,Sedang,Sepi,Salah,58.83
S6_VGA,1.mp4,22.12,4,3,3,0,1,100.00%,75.00%,Sepi,Sepi,Benar,62.99
S6_VGA,1.mp4,22.25,4,3,3,0,1,100.00%,75.00%,Sepi,Sepi,Benar,57.26
S6_VGA,1.mp4,22.38,4,3,3,0,1,100.00%,75.00%,Sepi,Sepi,Benar,60.57
S6_VGA,1.mp4,22.50,4,3,3,0,1,100.00%,75.00%,Sepi,Sepi,Benar,59.09
S6_VGA,1.mp4,22.62,4,3,3,0,1,100.00%,75.00%,Sepi,Sepi,Benar,58.24
S6_VGA,1.mp4,22.75,4,3,3,0,1,100.00%,75.00%,Sepi,Sepi,Benar,57.42
S6_VGA,1.mp4,22.88,4,3,3,0,1,100.00%,75.00%,Sepi,Sepi,Benar,58.55
S6_VGA,1.mp4,23.00,4,3,3,0,1,100.00%,75.00%,Sepi,Sepi,Benar,56.28
S6_VGA,1.mp4,23.12,4,3,3,0,1,100.00%,75.00%,Sepi,Sepi,Benar,54.97
S6_VGA,1.mp4,23.25,4,3,3,0,1,100.00%,75.00%,Sepi,Sepi,Benar,55.42
S6_VGA,1.mp4,23.38,4,3,3,0,1,100.00%,75.00%,Sepi,Sepi,Benar,56.17
S6_VGA,1.mp4,23.50,4,3,3,0,1,100.00%,75.00%,Sepi,Sepi,Benar,55.61
S6_VGA,1.mp4,23.62,4,2,2,0,2,100.00%,50.00%,Sepi,Sepi,Benar,58.64
S6_VGA,1.mp4,23.75,4,2,2,0,2,100.00%,50.00%,Sepi,Sepi,Benar,61.22
S6_VGA,1.mp4,23.88,4,2,2,0,2,100.00%,50.00%,Sepi,Sepi,Benar,62.54
S6_VGA,1.mp4,24.00,4,2,2,0,2,100.00%,50.00%,Sepi,Sepi,Benar,56.53
S6_VGA,1.mp4,24.12,4,2,2,0,2,100.00%,50.00%,Sepi,Sepi,Benar,54.70
S6_VGA,1.mp4,24.25,4,2,2,0,2,100.00%,50.00%,Sepi,Sepi,Benar,54.82
S6_VGA,1.mp4,24.38,4,2,2,0,2,100.00%,50.00%,Sepi,Sepi,Benar,56.68
S6_VGA,1.mp4,24.50,4,2,2,0,2,100.00%,50.00%,Sepi,Sepi,Benar,56.88
S6_VGA,1.mp4,24.62,4,2,2,0,2,100.00%,50.00%,Sepi,Sepi,Benar,55.58
S6_VGA,1.mp4,24.75,4,1,1,0,3,100.00%,25.00%,Sepi,Sepi,Benar,56.15
S6_VGA,1.mp4,24.88,4,2,2,0,2,100.00%,50.00%,Sepi,Sepi,Benar,65.12
S6_VGA,1.mp4,25.00,4,1,1,0,3,100.00%,25.00%,Sepi,Sepi,Benar,55.53
S6_VGA,1.mp4,25.12,4,1,1,0,3,100.00%,25.00%,Sepi,Sepi,Benar,56.91
S6_VGA,1.mp4,25.25,4,1,1,0,3,100.00%,25.00%,Sepi,Sepi,Benar,56.85
S6_VGA,1.mp4,25.38,4,2,2,0,2,100.00%,50.00%,Sepi,Sepi,Benar,60.56
S6_VGA,1.mp4,25.50,4,2,2,0,2,100.00%,50.00%,Sepi,Sepi,Benar,58.86
S6_VGA,1.mp4,25.62,4,2,2,0,2,100.00%,50.00%,Sepi,Sepi,Benar,59.51
S6_VGA,1.mp4,25.75,4,2,2,0,2,100.00%,50.00%,Sepi,Sepi,Benar,63.38
S6_VGA,1.mp4,25.88,4,2,2,0,2,100.00%,50.00%,Sepi,Sepi,Benar,69.59
S6_VGA,1.mp4,26.00,4,2,2,0,2,100.00%,50.00%,Sepi,Sepi,Benar,60.91
S6_VGA,1.mp4,26.12,4,2,2,0,2,100.00%,50.00%,Sepi,Sepi,Benar,66.73
S6_VGA,1.mp4,26.25,4,2,2,0,2,100.00%,50.00%,Sepi,Sepi,Benar,60.74
S6_VGA,1.mp4,26.38,4,3,3,0,1,100.00%,75.00%,Sepi,Sepi,Benar,62.55
S6_VGA,1.mp4,26.50,4,3,3,0,1,100.00%,75.00%,Sepi,Sepi,Benar,77.54
S6_VGA,1.mp4,26.62,4,3,3,0,1,100.00%,75.00%,Sepi,Sepi,Benar,65.77
S6_VGA,1.mp4,26.75,4,2,2,0,2,100.00%,50.00%,Sepi,Sepi,Benar,64.00
S6_VGA,1.mp4,26.88,4,2,2,0,2,100.00%,50.00%,Sepi,Sepi,Benar,66.73
S6_VGA,1.mp4,27.00,4,2,2,0,2,100.00%,50.00%,Sepi,Sepi,Benar,55.89
S6_VGA,1.mp4,27.12,4,2,2,0,2,100.00%,50.00%,Sepi,Sepi,Benar,65.75
S6_VGA,1.mp4,27.25,4,2,2,0,2,100.00%,50.00%,Sepi,Sepi,Benar,60.16
S6_VGA,1.mp4,27.38,4,2,2,0,2,100.00%,50.00%,Sepi,Sepi,Benar,65.18
S6_VGA,1.mp4,27.50,4,2,2,0,2,100.00%,50.00%,Sepi,Sepi,Benar,60.06
S6_VGA,1.mp4,27.62,4,2,2,0,2,100.00%,50.00%,Sepi,Sepi,Benar,56.85
S6_VGA,1.mp4,27.75,4,2,2,0,2,100.00%,50.00%,Sepi,Sepi,Benar,57.62
S6_VGA,1.mp4,27.88,4,2,2,0,2,100.00%,50.00%,Sepi,Sepi,Benar,61.19
S6_VGA,1.mp4,28.00,4,2,2,0,2,100.00%,50.00%,Sepi,Sepi,Benar,57.40
S6_VGA,1.mp4,28.12,4,1,1,0,3,100.00%,25.00%,Sepi,Sepi,Benar,59.70
S6_VGA,1.mp4,28.25,4,1,1,0,3,100.00%,25.00%,Sepi,Sepi,Benar,58.72
S6_VGA,1.mp4,28.38,4,1,1,0,3,100.00%,25.00%,Sepi,Sepi,Benar,57.86
S6_VGA,1.mp4,28.50,4,1,1,0,3,100.00%,25.00%,Sepi,Sepi,Benar,55.25
S6_VGA,1.mp4,28.62,4,1,1,0,3,100.00%,25.00%,Sepi,Sepi,Benar,55.38
S6_VGA,1.mp4,28.75,4,1,1,0,3,100.00%,25.00%,Sepi,Sepi,Benar,59.58
S6_VGA,1.mp4,28.88,4,1,1,0,3,100.00%,25.00%,Sepi,Sepi,Benar,57.21
S6_VGA,1.mp4,29.00,4,1,1,0,3,100.00%,25.00%,Sepi,Sepi,Benar,54.10
S6_VGA,1.mp4,29.12,4,1,1,0,3,100.00%,25.00%,Sepi,Sepi,Benar,55.82
S6_VGA,1.mp4,29.25,4,1,1,0,3,100.00%,25.00%,Sepi,Sepi,Benar,56.71
S6_VGA,1.mp4,29.38,4,1,1,0,3,100.00%,25.00%,Sepi,Sepi,Benar,58.82
S6_VGA,1.mp4,29.50,4,1,1,0,3,100.00%,25.00%,Sepi,Sepi,Benar,63.30
S6_VGA,1.mp4,29.62,4,1,1,0,3,100.00%,25.00%,Sepi,Sepi,Benar,56.55
S6_VGA,1.mp4,29.75,4,1,1,0,3,100.00%,25.00%,Sepi,Sepi,Benar,56.20
S6_VGA,1.mp4,29.88,4,1,1,0,3,100.00%,25.00%,Sepi,Sepi,Benar,62.76
S6_VGA,1.mp4,30.00,4,1,1,0,3,100.00%,25.00%,Sepi,Sepi,Benar,55.45
S6_VGA,1.mp4,30.12,4,1,1,0,3,100.00%,25.00%,Sepi,Sepi,Benar,54.21
S6_VGA,1.mp4,30.25,4,2,2,0,2,100.00%,50.00%,Sepi,Sepi,Benar,55.63
S6_VGA,1.mp4,30.38,4,2,2,0,2,100.00%,50.00%,Sepi,Sepi,Benar,55.81
S6_VGA,1.mp4,30.50,4,2,2,0,2,100.00%,50.00%,Sepi,Sepi,Benar,55.42
S6_VGA,1.mp4,30.62,4,2,2,0,2,100.00%,50.00%,Sepi,Sepi,Benar,57.17
S6_VGA,1.mp4,30.75,4,3,3,0,1,100.00%,75.00%,Sepi,Sepi,Benar,61.18
S6_VGA,1.mp4,30.88,4,3,3,0,1,100.00%,75.00%,Sepi,Sepi,Benar,60.18
S6_VGA,1.mp4,31.00,4,2,2,0,2,100.00%,50.00%,Sepi,Sepi,Benar,57.29
S6_VGA,1.mp4,31.12,4,2,2,0,2,100.00%,50.00%,Sepi,Sepi,Benar,58.59
S6_VGA,1.mp4,31.25,4,3,3,0,1,100.00%,75.00%,Sepi,Sepi,Benar,56.77
S6_VGA,1.mp4,31.38,4,3,3,0,1,100.00%,75.00%,Sepi,Sepi,Benar,55.57
S6_VGA,1.mp4,31.50,4,3,3,0,1,100.00%,75.00%,Sepi,Sepi,Benar,58.83
S6_VGA,1.mp4,31.62,4,3,3,0,1,100.00%,75.00%,Sepi,Sepi,Benar,56.00
S6_VGA,1.mp4,31.75,4,2,2,0,2,100.00%,50.00%,Sepi,Sepi,Benar,57.32
S6_VGA,1.mp4,31.88,4,2,2,0,2,100.00%,50.00%,Sepi,Sepi,Benar,64.93
S6_VGA,1.mp4,32.00,4,1,1,0,3,100.00%,25.00%,Sepi,Sepi,Benar,56.98
S6_VGA,1.mp4,32.12,3,1,1,0,2,100.00%,33.33%,Sepi,Sepi,Benar,64.29
S6_VGA,1.mp4,32.25,3,2,2,0,1,100.00%,66.67%,Sepi,Sepi,Benar,57.00
S6_VGA,1.mp4,32.38,3,2,2,0,1,100.00%,66.67%,Sepi,Sepi,Benar,59.97
S6_VGA,1.mp4,32.50,3,2,2,0,1,100.00%,66.67%,Sepi,Sepi,Benar,57.01
S6_VGA,1.mp4,32.62,3,2,2,0,1,100.00%,66.67%,Sepi,Sepi,Benar,64.52
S6_VGA,1.mp4,32.75,3,2,2,0,1,100.00%,66.67%,Sepi,Sepi,Benar,62.39
S6_VGA,1.mp4,32.88,3,2,2,0,1,100.00%,66.67%,Sepi,Sepi,Benar,62.21
S6_VGA,1.mp4,33.00,3,1,1,0,2,100.00%,33.33%,Sepi,Sepi,Benar,57.14
S6_VGA,1.mp4,33.12,3,1,1,0,2,100.00%,33.33%,Sepi,Sepi,Benar,59.44
S6_VGA,1.mp4,33.25,3,1,1,0,2,100.00%,33.33%,Sepi,Sepi,Benar,55.38
S6_VGA,1.mp4,33.38,3,1,1,0,2,100.00%,33.33%,Sepi,Sepi,Benar,55.05
S6_VGA,1.mp4,33.50,3,1,1,0,2,100.00%,33.33%,Sepi,Sepi,Benar,54.63
S6_VGA,1.mp4,33.62,3,2,2,0,1,100.00%,66.67%,Sepi,Sepi,Benar,56.31
S6_VGA,1.mp4,33.75,3,1,1,0,2,100.00%,33.33%,Sepi,Sepi,Benar,58.62
S6_VGA,1.mp4,33.88,3,1,1,0,2,100.00%,33.33%,Sepi,Sepi,Benar,61.57
S6_VGA,1.mp4,34.00,3,1,1,0,2,100.00%,33.33%,Sepi,Sepi,Benar,62.19
S6_VGA,1.mp4,34.12,3,1,1,0,2,100.00%,33.33%,Sepi,Sepi,Benar,55.94
S6_VGA,1.mp4,34.25,3,1,1,0,2,100.00%,33.33%,Sepi,Sepi,Benar,55.24
S6_VGA,1.mp4,34.38,3,1,1,0,2,100.00%,33.33%,Sepi,Sepi,Benar,56.55
S6_VGA,1.mp4,34.50,3,1,1,0,2,100.00%,33.33%,Sepi,Sepi,Benar,57.51
S6_VGA,1.mp4,34.62,3,1,1,0,2,100.00%,33.33%,Sepi,Sepi,Benar,57.44
S6_VGA,1.mp4,34.75,3,1,1,0,2,100.00%,33.33%,Sepi,Sepi,Benar,56.44
S6_VGA,1.mp4,34.88,3,2,2,0,1,100.00%,66.67%,Sepi,Sepi,Benar,58.71
S6_VGA,1.mp4,35.00,3,2,2,0,1,100.00%,66.67%,Sepi,Sepi,Benar,72.17
S6_VGA,1.mp4,35.12,3,2,2,0,1,100.00%,66.67%,Sepi,Sepi,Benar,57.33
S6_VGA,1.mp4,35.25,3,2,2,0,1,100.00%,66.67%,Sepi,Sepi,Benar,55.72
S6_VGA,1.mp4,35.38,3,2,2,0,1,100.00%,66.67%,Sepi,Sepi,Benar,61.78
S6_VGA,1.mp4,35.50,3,2,2,0,1,100.00%,66.67%,Sepi,Sepi,Benar,57.25
S6_VGA,1.mp4,35.62,3,2,2,0,1,100.00%,66.67%,Sepi,Sepi,Benar,67.12
S6_VGA,1.mp4,35.75,3,2,2,0,1,100.00%,66.67%,Sepi,Sepi,Benar,72.26
S6_VGA,1.mp4,35.88,3,2,2,0,1,100.00%,66.67%,Sepi,Sepi,Benar,68.58
S6_VGA,1.mp4,36.00,3,2,2,0,1,100.00%,66.67%,Sepi,Sepi,Benar,58.36
S6_VGA,1.mp4,36.12,3,2,2,0,1,100.00%,66.67%,Sepi,Sepi,Benar,57.64
S6_VGA,1.mp4,36.25,3,2,2,0,1,100.00%,66.67%,Sepi,Sepi,Benar,60.03
S6_VGA,1.mp4,36.38,3,2,2,0,1,100.00%,66.67%,Sepi,Sepi,Benar,56.91
S6_VGA,1.mp4,36.50,3,2,2,0,1,100.00%,66.67%,Sepi,Sepi,Benar,70.66
S6_VGA,1.mp4,36.62,3,3,3,0,0,100.00%,100.00%,Sepi,Sepi,Benar,59.17
S6_VGA,1.mp4,36.75,3,2,2,0,1,100.00%,66.67%,Sepi,Sepi,Benar,58.23
S6_VGA,1.mp4,36.88,3,2,2,0,1,100.00%,66.67%,Sepi,Sepi,Benar,80.52
S6_VGA,1.mp4,37.00,3,2,2,0,1,100.00%,66.67%,Sepi,Sepi,Benar,58.50
S6_VGA,1.mp4,37.12,3,2,2,0,1,100.00%,66.67%,Sepi,Sepi,Benar,57.44
S6_VGA,1.mp4,37.25,3,2,2,0,1,100.00%,66.67%,Sepi,Sepi,Benar,57.60
S6_VGA,1.mp4,37.38,3,2,2,0,1,100.00%,66.67%,Sepi,Sepi,Benar,58.17
S6_VGA,1.mp4,37.50,3,2,2,0,1,100.00%,66.67%,Sepi,Sepi,Benar,59.45
S6_VGA,1.mp4,37.62,3,2,2,0,1,100.00%,66.67%,Sepi,Sepi,Benar,56.89
S6_VGA,1.mp4,37.75,3,2,2,0,1,100.00%,66.67%,Sepi,Sepi,Benar,56.98
S6_VGA,1.mp4,37.88,3,2,2,0,1,100.00%,66.67%,Sepi,Sepi,Benar,59.58
S6_VGA,1.mp4,38.00,3,2,2,0,1,100.00%,66.67%,Sepi,Sepi,Benar,56.91
S6_VGA,1.mp4,38.12,3,2,2,0,1,100.00%,66.67%,Sepi,Sepi,Benar,58.80
S6_VGA,1.mp4,38.25,3,2,2,0,1,100.00%,66.67%,Sepi,Sepi,Benar,57.03
S6_VGA,1.mp4,38.38,3,3,3,0,0,100.00%,100.00%,Sepi,Sepi,Benar,58.48
S6_VGA,1.mp4,38.50,3,3,3,0,0,100.00%,100.00%,Sepi,Sepi,Benar,56.07
S6_VGA,1.mp4,38.62,3,3,3,0,0,100.00%,100.00%,Sepi,Sepi,Benar,56.16
S6_VGA,1.mp4,38.75,3,3,3,0,0,100.00%,100.00%,Sepi,Sepi,Benar,59.47
S6_VGA,1.mp4,38.88,3,2,2,0,1,100.00%,66.67%,Sepi,Sepi,Benar,60.38
S6_VGA,1.mp4,39.00,3,2,2,0,1,100.00%,66.67%,Sepi,Sepi,Benar,63.13
S6_VGA,1.mp4,39.12,3,2,2,0,1,100.00%,66.67%,Sepi,Sepi,Benar,59.72
S6_VGA,1.mp4,39.25,3,2,2,0,1,100.00%,66.67%,Sepi,Sepi,Benar,57.60
S6_VGA,1.mp4,39.38,3,3,3,0,0,100.00%,100.00%,Sepi,Sepi,Benar,54.58
S6_VGA,1.mp4,39.50,3,3,3,0,0,100.00%,100.00%,Sepi,Sepi,Benar,58.36
S6_VGA,1.mp4,39.62,3,2,2,0,1,100.00%,66.67%,Sepi,Sepi,Benar,56.58
S6_VGA,1.mp4,39.75,3,2,2,0,1,100.00%,66.67%,Sepi,Sepi,Benar,65.07
S6_VGA,1.mp4,39.88,3,3,3,0,0,100.00%,100.00%,Sepi,Sepi,Benar,61.39
S6_VGA,1.mp4,40.00,3,3,3,0,0,100.00%,100.00%,Sepi,Sepi,Benar,58.08
S6_VGA,1.mp4,40.12,3,3,3,0,0,100.00%,100.00%,Sepi,Sepi,Benar,55.65
S6_VGA,1.mp4,40.25,3,3,3,0,0,100.00%,100.00%,Sepi,Sepi,Benar,56.77
S6_VGA,1.mp4,40.38,3,3,3,0,0,100.00%,100.00%,Sepi,Sepi,Benar,62.01
S6_VGA,1.mp4,40.50,3,3,3,0,0,100.00%,100.00%,Sepi,Sepi,Benar,61.42
S6_VGA,1.mp4,40.62,3,3,3,0,0,100.00%,100.00%,Sepi,Sepi,Benar,56.10
S6_VGA,1.mp4,40.75,3,2,2,0,1,100.00%,66.67%,Sepi,Sepi,Benar,59.10
S6_VGA,1.mp4,40.88,3,2,2,0,1,100.00%,66.67%,Sepi,Sepi,Benar,65.65
S6_VGA,1.mp4,41.00,3,2,2,0,1,100.00%,66.67%,Sepi,Sepi,Benar,57.02
S6_VGA,1.mp4,41.12,3,1,1,0,2,100.00%,33.33%,Sepi,Sepi,Benar,59.13
S6_VGA,1.mp4,41.25,3,1,1,0,2,100.00%,33.33%,Sepi,Sepi,Benar,55.92
S6_VGA,1.mp4,41.38,3,1,1,0,2,100.00%,33.33%,Sepi,Sepi,Benar,55.74
S6_VGA,1.mp4,41.50,3,1,1,0,2,100.00%,33.33%,Sepi,Sepi,Benar,55.35
S6_VGA,1.mp4,41.62,3,1,1,0,2,100.00%,33.33%,Sepi,Sepi,Benar,93.21
S6_VGA,1.mp4,41.75,3,1,1,0,2,100.00%,33.33%,Sepi,Sepi,Benar,85.42
S6_VGA,1.mp4,41.88,3,1,1,0,2,100.00%,33.33%,Sepi,Sepi,Benar,72.27
S6_VGA,1.mp4,42.00,3,1,1,0,2,100.00%,33.33%,Sepi,Sepi,Benar,63.72
S6_VGA,1.mp4,42.12,3,1,1,0,2,100.00%,33.33%,Sepi,Sepi,Benar,57.98
S6_VGA,1.mp4,42.25,3,1,1,0,2,100.00%,33.33%,Sepi,Sepi,Benar,57.77
S6_VGA,1.mp4,42.38,3,1,1,0,2,100.00%,33.33%,Sepi,Sepi,Benar,55.88
S6_VGA,1.mp4,42.50,3,1,1,0,2,100.00%,33.33%,Sepi,Sepi,Benar,58.93
S6_VGA,1.mp4,42.62,3,1,1,0,2,100.00%,33.33%,Sepi,Sepi,Benar,60.74
S6_VGA,1.mp4,42.75,3,1,1,0,2,100.00%,33.33%,Sepi,Sepi,Benar,88.30
S6_VGA,1.mp4,42.88,3,2,2,0,1,100.00%,66.67%,Sepi,Sepi,Benar,70.45
S6_VGA,1.mp4,43.00,3,2,2,0,1,100.00%,66.67%,Sepi,Sepi,Benar,63.94
S6_VGA,1.mp4,43.12,3,2,2,0,1,100.00%,66.67%,Sepi,Sepi,Benar,61.11
S6_VGA,1.mp4,43.25,3,2,2,0,1,100.00%,66.67%,Sepi,Sepi,Benar,62.88
S6_VGA,1.mp4,43.38,3,2,2,0,1,100.00%,66.67%,Sepi,Sepi,Benar,58.27
S6_VGA,1.mp4,43.50,3,2,2,0,1,100.00%,66.67%,Sepi,Sepi,Benar,59.73
S6_VGA,1.mp4,43.62,3,2,2,0,1,100.00%,66.67%,Sepi,Sepi,Benar,60.34
S6_VGA,1.mp4,43.75,3,2,2,0,1,100.00%,66.67%,Sepi,Sepi,Benar,57.57
S6_VGA,1.mp4,43.88,3,2,2,0,1,100.00%,66.67%,Sepi,Sepi,Benar,67.48
S6_VGA,1.mp4,44.00,3,1,1,0,2,100.00%,33.33%,Sepi,Sepi,Benar,56.27
S6_VGA,1.mp4,44.12,3,1,1,0,2,100.00%,33.33%,Sepi,Sepi,Benar,51.70
S6_VGA,1.mp4,44.25,3,0,0,0,3,0.00%,0.00%,Sepi,Sepi,Benar,54.67
S6_VGA,1.mp4,44.38,3,0,0,0,3,0.00%,0.00%,Sepi,Sepi,Benar,51.29
S6_VGA,1.mp4,44.50,3,0,0,0,3,0.00%,0.00%,Sepi,Sepi,Benar,59.44
S6_VGA,1.mp4,44.62,3,1,1,0,2,100.00%,33.33%,Sepi,Sepi,Benar,60.82
S6_VGA,1.mp4,44.75,3,1,1,0,2,100.00%,33.33%,Sepi,Sepi,Benar,61.60
S6_VGA,1.mp4,44.88,3,1,1,0,2,100.00%,33.33%,Sepi,Sepi,Benar,62.52
S6_VGA,1.mp4,45.00,3,1,1,0,2,100.00%,33.33%,Sepi,Sepi,Benar,60.57
S6_VGA,1.mp4,45.12,3,1,1,0,2,100.00%,33.33%,Sepi,Sepi,Benar,58.34
S6_VGA,1.mp4,45.25,3,1,1,0,2,100.00%,33.33%,Sepi,Sepi,Benar,58.25
S6_VGA,1.mp4,45.38,3,1,1,0,2,100.00%,33.33%,Sepi,Sepi,Benar,58.02
S6_VGA,1.mp4,45.50,3,1,1,0,2,100.00%,33.33%,Sepi,Sepi,Benar,51.19
S6_VGA,1.mp4,45.62,3,1,1,0,2,100.00%,33.33%,Sepi,Sepi,Benar,59.95
S6_VGA,1.mp4,45.75,3,0,0,0,3,0.00%,0.00%,Sepi,Sepi,Benar,59.66
S6_VGA,1.mp4,45.88,3,1,1,0,2,100.00%,33.33%,Sepi,Sepi,Benar,63.31
S6_VGA,1.mp4,46.00,3,0,0,0,3,0.00%,0.00%,Sepi,Sepi,Benar,57.94
S6_VGA,1.mp4,46.12,3,0,0,0,3,0.00%,0.00%,Sepi,Sepi,Benar,53.08
S6_VGA,1.mp4,46.25,3,0,0,0,3,0.00%,0.00%,Sepi,Sepi,Benar,52.03
S6_VGA,1.mp4,46.38,3,0,0,0,3,0.00%,0.00%,Sepi,Sepi,Benar,54.96
S6_VGA,1.mp4,46.50,3,0,0,0,3,0.00%,0.00%,Sepi,Sepi,Benar,52.19
S6_VGA,1.mp4,46.62,3,1,1,0,2,100.00%,33.33%,Sepi,Sepi,Benar,55.63
S6_VGA,1.mp4,46.75,3,1,1,0,2,100.00%,33.33%,Sepi,Sepi,Benar,56.73
S6_VGA,1.mp4,46.88,3,1,1,0,2,100.00%,33.33%,Sepi,Sepi,Benar,58.82
S6_VGA,1.mp4,47.00,3,1,1,0,2,100.00%,33.33%,Sepi,Sepi,Benar,55.22
S6_VGA,1.mp4,47.12,3,1,1,0,2,100.00%,33.33%,Sepi,Sepi,Benar,59.46
S6_VGA,1.mp4,47.25,3,1,1,0,2,100.00%,33.33%,Sepi,Sepi,Benar,53.14
S6_VGA,1.mp4,47.38,3,0,0,0,3,0.00%,0.00%,Sepi,Sepi,Benar,55.83
S6_VGA,1.mp4,47.50,3,0,0,0,3,0.00%,0.00%,Sepi,Sepi,Benar,61.00
S6_VGA,1.mp4,47.62,3,1,1,0,2,100.00%,33.33%,Sepi,Sepi,Benar,57.95
S6_VGA,1.mp4,47.75,3,1,1,0,2,100.00%,33.33%,Sepi,Sepi,Benar,57.80
S6_VGA,1.mp4,47.88,3,1,1,0,2,100.00%,33.33%,Sepi,Sepi,Benar,60.80
S6_VGA,1.mp4,48.00,3,1,1,0,2,100.00%,33.33%,Sepi,Sepi,Benar,54.05
S6_VGA,1.mp4,48.12,3,1,1,0,2,100.00%,33.33%,Sepi,Sepi,Benar,54.97
S6_VGA,1.mp4,48.25,3,1,1,0,2,100.00%,33.33%,Sepi,Sepi,Benar,55.90
S6_VGA,1.mp4,48.38,3,1,1,0,2,100.00%,33.33%,Sepi,Sepi,Benar,54.65
S6_VGA,1.mp4,48.50,3,1,1,0,2,100.00%,33.33%,Sepi,Sepi,Benar,55.88
S6_VGA,1.mp4,48.62,3,1,1,0,2,100.00%,33.33%,Sepi,Sepi,Benar,56.99
S6_VGA,1.mp4,48.75,3,1,1,0,2,100.00%,33.33%,Sepi,Sepi,Benar,57.26
S6_VGA,1.mp4,48.88,3,1,1,0,2,100.00%,33.33%,Sepi,Sepi,Benar,64.21
S6_VGA,1.mp4,49.00,3,1,1,0,2,100.00%,33.33%,Sepi,Sepi,Benar,52.11
S6_VGA,1.mp4,49.12,3,1,1,0,2,100.00%,33.33%,Sepi,Sepi,Benar,56.17
S6_VGA,1.mp4,49.25,3,0,0,0,3,0.00%,0.00%,Sepi,Sepi,Benar,56.47
S6_VGA,1.mp4,49.38,3,1,1,0,2,100.00%,33.33%,Sepi,Sepi,Benar,59.87
S6_VGA,1.mp4,49.50,3,0,0,0,3,0.00%,0.00%,Sepi,Sepi,Benar,54.24
S6_VGA,1.mp4,49.62,3,0,0,0,3,0.00%,0.00%,Sepi,Sepi,Benar,52.83
S6_VGA,1.mp4,49.75,3,0,0,0,3,0.00%,0.00%,Sepi,Sepi,Benar,58.41
S6_VGA,1.mp4,49.88,3,0,0,0,3,0.00%,0.00%,Sepi,Sepi,Benar,61.60
S6_VGA,1.mp4,50.00,3,0,0,0,3,0.00%,0.00%,Sepi,Sepi,Benar,57.27
S6_VGA,1.mp4,50.12,3,0,0,0,3,0.00%,0.00%,Sepi,Sepi,Benar,52.40
S6_VGA,1.mp4,50.25,3,1,1,0,2,100.00%,33.33%,Sepi,Sepi,Benar,54.78
S6_VGA,1.mp4,50.38,3,1,1,0,2,100.00%,33.33%,Sepi,Sepi,Benar,54.52
S6_VGA,1.mp4,50.50,3,1,1,0,2,100.00%,33.33%,Sepi,Sepi,Benar,60.82
S6_VGA,1.mp4,50.62,3,1,1,0,2,100.00%,33.33%,Sepi,Sepi,Benar,56.55
S6_VGA,1.mp4,50.75,3,0,0,0,3,0.00%,0.00%,Sepi,Sepi,Benar,53.64
S6_VGA,1.mp4,50.88,3,0,0,0,3,0.00%,0.00%,Sepi,Sepi,Benar,57.74
S6_VGA,1.mp4,51.00,3,0,0,0,3,0.00%,0.00%,Sepi,Sepi,Benar,56.59
S6_VGA,1.mp4,51.12,3,0,0,0,3,0.00%,0.00%,Sepi,Sepi,Benar,53.89
S6_VGA,1.mp4,51.25,3,1,1,0,2,100.00%,33.33%,Sepi,Sepi,Benar,56.25
S6_VGA,1.mp4,51.38,3,1,1,0,2,100.00%,33.33%,Sepi,Sepi,Benar,54.66
S6_VGA,1.mp4,51.50,3,1,1,0,2,100.00%,33.33%,Sepi,Sepi,Benar,56.21
S6_VGA,1.mp4,51.62,3,1,1,0,2,100.00%,33.33%,Sepi,Sepi,Benar,51.98
S6_VGA,1.mp4,51.75,3,0,0,0,3,0.00%,0.00%,Sepi,Sepi,Benar,57.17
S6_VGA,1.mp4,51.88,3,0,0,0,3,0.00%,0.00%,Sepi,Sepi,Benar,55.87
S6_VGA,1.mp4,52.00,3,0,0,0,3,0.00%,0.00%,Sepi,Sepi,Benar,52.95
S6_VGA,1.mp4,52.12,3,0,0,0,3,0.00%,0.00%,Sepi,Sepi,Benar,51.08
S6_VGA,1.mp4,52.25,3,0,0,0,3,0.00%,0.00%,Sepi,Sepi,Benar,52.22
S6_VGA,1.mp4,52.38,3,0,0,0,3,0.00%,0.00%,Sepi,Sepi,Benar,55.04
S6_VGA,1.mp4,52.50,3,1,1,0,2,100.00%,33.33%,Sepi,Sepi,Benar,54.20
S6_VGA,1.mp4,52.62,3,1,1,0,2,100.00%,33.33%,Sepi,Sepi,Benar,53.54
S6_VGA,1.mp4,52.75,3,0,0,0,3,0.00%,0.00%,Sepi,Sepi,Benar,53.00
S6_VGA,1.mp4,52.88,3,1,1,0,2,100.00%,33.33%,Sepi,Sepi,Benar,60.23
S6_VGA,1.mp4,53.00,3,1,1,0,2,100.00%,33.33%,Sepi,Sepi,Benar,53.82
S6_VGA,1.mp4,53.12,3,1,1,0,2,100.00%,33.33%,Sepi,Sepi,Benar,63.49
S6_VGA,1.mp4,53.25,3,1,1,0,2,100.00%,33.33%,Sepi,Sepi,Benar,56.25
S6_VGA,1.mp4,53.38,3,1,1,0,2,100.00%,33.33%,Sepi,Sepi,Benar,54.80
S6_VGA,1.mp4,53.50,3,1,1,0,2,100.00%,33.33%,Sepi,Sepi,Benar,52.57
S6_VGA,1.mp4,53.62,3,0,0,0,3,0.00%,0.00%,Sepi,Sepi,Benar,55.48
S6_VGA,1.mp4,53.75,3,0,0,0,3,0.00%,0.00%,Sepi,Sepi,Benar,64.25
S6_VGA,1.mp4,53.88,3,1,1,0,2,100.00%,33.33%,Sepi,Sepi,Benar,72.68
S6_VGA,1.mp4,54.00,3,1,1,0,2,100.00%,33.33%,Sepi,Sepi,Benar,56.39
S6_VGA,1.mp4,54.12,3,1,1,0,2,100.00%,33.33%,Sepi,Sepi,Benar,63.06
S6_VGA,1.mp4,54.25,3,1,1,0,2,100.00%,33.33%,Sepi,Sepi,Benar,53.62
S6_VGA,1.mp4,54.38,3,1,1,0,2,100.00%,33.33%,Sepi,Sepi,Benar,51.61
S6_VGA,1.mp4,54.50,3,1,1,0,2,100.00%,33.33%,Sepi,Sepi,Benar,56.56
S6_VGA,1.mp4,54.62,3,1,1,0,2,100.00%,33.33%,Sepi,Sepi,Benar,58.68
S6_VGA,1.mp4,54.75,3,1,1,0,2,100.00%,33.33%,Sepi,Sepi,Benar,63.83
S6_VGA,1.mp4,54.88,3,1,1,0,2,100.00%,33.33%,Sepi,Sepi,Benar,63.47
S6_VGA,1.mp4,55.00,3,1,1,0,2,100.00%,33.33%,Sepi,Sepi,Benar,58.03
S6_VGA,1.mp4,55.12,3,1,1,0,2,100.00%,33.33%,Sepi,Sepi,Benar,56.07
S6_VGA,1.mp4,55.25,3,1,1,0,2,100.00%,33.33%,Sepi,Sepi,Benar,54.84
S6_VGA,1.mp4,55.38,3,1,1,0,2,100.00%,33.33%,Sepi,Sepi,Benar,57.26
S6_VGA,1.mp4,55.50,3,1,1,0,2,100.00%,33.33%,Sepi,Sepi,Benar,55.32
S6_VGA,1.mp4,55.62,3,1,1,0,2,100.00%,33.33%,Sepi,Sepi,Benar,57.56
S6_VGA,1.mp4,55.75,3,1,1,0,2,100.00%,33.33%,Sepi,Sepi,Benar,64.39
S6_VGA,1.mp4,55.88,3,1,1,0,2,100.00%,33.33%,Sepi,Sepi,Benar,60.31
S6_VGA,1.mp4,56.00,3,1,1,0,2,100.00%,33.33%,Sepi,Sepi,Benar,53.48
S6_VGA,1.mp4,56.12,3,1,1,0,2,100.00%,33.33%,Sepi,Sepi,Benar,52.88
S6_VGA,1.mp4,56.25,3,1,1,0,2,100.00%,33.33%,Sepi,Sepi,Benar,50.56
S6_VGA,1.mp4,56.38,3,0,0,0,3,0.00%,0.00%,Sepi,Sepi,Benar,51.21
S6_VGA,1.mp4,56.50,3,0,0,0,3,0.00%,0.00%,Sepi,Sepi,Benar,53.76
S6_VGA,1.mp4,56.62,3,0,0,0,3,0.00%,0.00%,Sepi,Sepi,Benar,53.89
S6_VGA,1.mp4,56.75,3,1,1,0,2,100.00%,33.33%,Sepi,Sepi,Benar,55.67
S6_VGA,1.mp4,56.88,3,1,1,0,2,100.00%,33.33%,Sepi,Sepi,Benar,58.77
S6_VGA,1.mp4,57.00,3,1,1,0,2,100.00%,33.33%,Sepi,Sepi,Benar,50.96
S6_VGA,1.mp4,57.12,3,0,0,0,3,0.00%,0.00%,Sepi,Sepi,Benar,50.09
S6_VGA,1.mp4,57.25,3,0,0,0,3,0.00%,0.00%,Sepi,Sepi,Benar,55.12
S6_VGA,1.mp4,57.38,3,1,1,0,2,100.00%,33.33%,Sepi,Sepi,Benar,59.86
S6_VGA,1.mp4,57.50,3,1,1,0,2,100.00%,33.33%,Sepi,Sepi,Benar,58.22
S6_VGA,1.mp4,57.62,3,1,1,0,2,100.00%,33.33%,Sepi,Sepi,Benar,57.54
S6_VGA,1.mp4,57.75,3,1,1,0,2,100.00%,33.33%,Sepi,Sepi,Benar,58.43
S6_VGA,1.mp4,57.88,3,1,1,0,2,100.00%,33.33%,Sepi,Sepi,Benar,60.97
S6_VGA,1.mp4,58.00,3,1,1,0,2,100.00%,33.33%,Sepi,Sepi,Benar,52.87
S6_VGA,1.mp4,58.12,3,1,1,0,2,100.00%,33.33%,Sepi,Sepi,Benar,56.20
S6_VGA,1.mp4,58.25,3,1,1,0,2,100.00%,33.33%,Sepi,Sepi,Benar,53.65
S6_VGA,1.mp4,58.38,3,1,1,0,2,100.00%,33.33%,Sepi,Sepi,Benar,54.30
S6_VGA,1.mp4,58.50,3,1,1,0,2,100.00%,33.33%,Sepi,Sepi,Benar,59.89
S6_VGA,1.mp4,58.62,3,1,1,0,2,100.00%,33.33%,Sepi,Sepi,Benar,58.78
S6_VGA,1.mp4,58.75,3,1,1,0,2,100.00%,33.33%,Sepi,Sepi,Benar,58.44
S6_VGA,1.mp4,58.88,3,1,1,0,2,100.00%,33.33%,Sepi,Sepi,Benar,62.01
S6_VGA,1.mp4,59.00,3,1,1,0,2,100.00%,33.33%,Sepi,Sepi,Benar,56.06
S6_VGA,1.mp4,59.12,3,1,1,0,2,100.00%,33.33%,Sepi,Sepi,Benar,57.56
S6_VGA,1.mp4,59.25,3,1,1,0,2,100.00%,33.33%,Sepi,Sepi,Benar,54.79
S6_VGA,1.mp4,59.38,3,1,1,0,2,100.00%,33.33%,Sepi,Sepi,Benar,55.71
S6_VGA,1.mp4,59.50,3,1,1,0,2,100.00%,33.33%,Sepi,Sepi,Benar,55.80
S6_VGA,1.mp4,59.62,3,1,1,0,2,100.00%,33.33%,Sepi,Sepi,Benar,53.55
S6_VGA,2.mp4,0.00,12,2,2,0,10,100.00%,16.67%,Ramai,Sepi,Salah,55.41
S6_VGA,2.mp4,0.12,12,3,3,0,9,100.00%,25.00%,Ramai,Sepi,Salah,56.17
S6_VGA,2.mp4,0.25,12,4,4,0,8,100.00%,33.33%,Ramai,Sepi,Salah,58.27
S6_VGA,2.mp4,0.38,12,3,3,0,9,100.00%,25.00%,Ramai,Sepi,Salah,60.26
S6_VGA,2.mp4,0.50,12,2,2,0,10,100.00%,16.67%,Ramai,Sepi,Salah,54.70
S6_VGA,2.mp4,0.62,12,1,1,0,11,100.00%,8.33%,Ramai,Sepi,Salah,51.94
S6_VGA,2.mp4,0.75,12,1,1,0,11,100.00%,8.33%,Ramai,Sepi,Salah,56.61
S6_VGA,2.mp4,0.88,12,2,2,0,10,100.00%,16.67%,Ramai,Sepi,Salah,59.60
S6_VGA,2.mp4,1.00,12,3,3,0,9,100.00%,25.00%,Ramai,Sepi,Salah,55.40
S6_VGA,2.mp4,1.12,12,2,2,0,10,100.00%,16.67%,Ramai,Sepi,Salah,54.06
S6_VGA,2.mp4,1.25,12,1,1,0,11,100.00%,8.33%,Ramai,Sepi,Salah,58.52
S6_VGA,2.mp4,1.38,12,1,1,0,11,100.00%,8.33%,Ramai,Sepi,Salah,56.38
S6_VGA,2.mp4,1.50,12,1,1,0,11,100.00%,8.33%,Ramai,Sepi,Salah,51.24
S6_VGA,2.mp4,1.62,12,1,1,0,11,100.00%,8.33%,Ramai,Sepi,Salah,51.74
S6_VGA,2.mp4,1.75,12,0,0,0,12,0.00%,0.00%,Ramai,Sepi,Salah,51.41
S6_VGA,2.mp4,1.88,12,0,0,0,12,0.00%,0.00%,Ramai,Sepi,Salah,61.25
S6_VGA,2.mp4,2.00,12,1,1,0,11,100.00%,8.33%,Ramai,Sepi,Salah,60.57
S6_VGA,2.mp4,2.12,12,2,2,0,10,100.00%,16.67%,Ramai,Sepi,Salah,55.45
S6_VGA,2.mp4,2.25,12,3,3,0,9,100.00%,25.00%,Ramai,Sepi,Salah,55.36
S6_VGA,2.mp4,2.38,12,2,2,0,10,100.00%,16.67%,Ramai,Sepi,Salah,56.86
S6_VGA,2.mp4,2.50,12,3,3,0,9,100.00%,25.00%,Ramai,Sepi,Salah,58.54
S6_VGA,2.mp4,2.62,12,3,3,0,9,100.00%,25.00%,Ramai,Sepi,Salah,56.57
S6_VGA,2.mp4,2.75,12,3,3,0,9,100.00%,25.00%,Ramai,Sepi,Salah,57.81
S6_VGA,2.mp4,2.88,12,3,3,0,9,100.00%,25.00%,Ramai,Sepi,Salah,69.75
S6_VGA,2.mp4,3.00,12,3,3,0,9,100.00%,25.00%,Ramai,Sepi,Salah,59.47
S6_VGA,2.mp4,3.12,12,3,3,0,9,100.00%,25.00%,Ramai,Sepi,Salah,57.37
S6_VGA,2.mp4,3.25,12,3,3,0,9,100.00%,25.00%,Ramai,Sepi,Salah,55.23
S6_VGA,2.mp4,3.38,12,3,3,0,9,100.00%,25.00%,Ramai,Sepi,Salah,56.23
S6_VGA,2.mp4,3.50,12,3,3,0,9,100.00%,25.00%,Ramai,Sepi,Salah,56.17
S6_VGA,2.mp4,3.62,12,3,3,0,9,100.00%,25.00%,Ramai,Sepi,Salah,58.64
S6_VGA,2.mp4,3.75,12,3,3,0,9,100.00%,25.00%,Ramai,Sepi,Salah,60.18
S6_VGA,2.mp4,3.88,12,3,3,0,9,100.00%,25.00%,Ramai,Sepi,Salah,56.79
S6_VGA,2.mp4,4.00,12,3,3,0,9,100.00%,25.00%,Ramai,Sepi,Salah,58.45
S6_VGA,2.mp4,4.12,12,3,3,0,9,100.00%,25.00%,Ramai,Sepi,Salah,55.25
S6_VGA,2.mp4,4.25,12,3,3,0,9,100.00%,25.00%,Ramai,Sepi,Salah,54.82
S6_VGA,2.mp4,4.38,12,3,3,0,9,100.00%,25.00%,Ramai,Sepi,Salah,55.96
S6_VGA,2.mp4,4.50,12,3,3,0,9,100.00%,25.00%,Ramai,Sepi,Salah,57.22
S6_VGA,2.mp4,4.62,12,3,3,0,9,100.00%,25.00%,Ramai,Sepi,Salah,57.90
S6_VGA,2.mp4,4.75,12,3,3,0,9,100.00%,25.00%,Ramai,Sepi,Salah,57.61
S6_VGA,2.mp4,4.88,12,4,4,0,8,100.00%,33.33%,Ramai,Sepi,Salah,60.30
S6_VGA,2.mp4,5.00,12,4,4,0,8,100.00%,33.33%,Ramai,Sepi,Salah,55.48
S6_VGA,2.mp4,5.12,14,3,3,0,11,100.00%,21.43%,Ramai,Sepi,Salah,54.12
S6_VGA,2.mp4,5.25,14,3,3,0,11,100.00%,21.43%,Ramai,Sepi,Salah,64.40
S6_VGA,2.mp4,5.38,14,4,4,0,10,100.00%,28.57%,Ramai,Sepi,Salah,58.49
S6_VGA,2.mp4,5.50,14,4,4,0,10,100.00%,28.57%,Ramai,Sepi,Salah,65.89
S6_VGA,2.mp4,5.62,14,4,4,0,10,100.00%,28.57%,Ramai,Sepi,Salah,60.20
S6_VGA,2.mp4,5.75,14,4,4,0,10,100.00%,28.57%,Ramai,Sepi,Salah,61.27
S6_VGA,2.mp4,5.88,14,4,4,0,10,100.00%,28.57%,Ramai,Sepi,Salah,67.19
S6_VGA,2.mp4,6.00,14,4,4,0,10,100.00%,28.57%,Ramai,Sepi,Salah,65.90
S6_VGA,2.mp4,6.12,14,4,4,0,10,100.00%,28.57%,Ramai,Sepi,Salah,64.02
S6_VGA,2.mp4,6.25,14,3,3,0,11,100.00%,21.43%,Ramai,Sepi,Salah,76.06
S6_VGA,2.mp4,6.38,14,3,3,0,11,100.00%,21.43%,Ramai,Sepi,Salah,58.50
S6_VGA,2.mp4,6.50,14,3,3,0,11,100.00%,21.43%,Ramai,Sepi,Salah,55.46
S6_VGA,2.mp4,6.62,14,3,3,0,11,100.00%,21.43%,Ramai,Sepi,Salah,58.02
S6_VGA,2.mp4,6.75,14,3,3,0,11,100.00%,21.43%,Ramai,Sepi,Salah,63.29
S6_VGA,2.mp4,6.88,14,3,3,0,11,100.00%,21.43%,Ramai,Sepi,Salah,62.49
S6_VGA,2.mp4,7.00,14,2,2,0,12,100.00%,14.29%,Ramai,Sepi,Salah,58.92
S6_VGA,2.mp4,7.12,14,2,2,0,12,100.00%,14.29%,Ramai,Sepi,Salah,61.85
S6_VGA,2.mp4,7.25,14,2,2,0,12,100.00%,14.29%,Ramai,Sepi,Salah,57.70
S6_VGA,2.mp4,7.38,14,3,3,0,11,100.00%,21.43%,Ramai,Sepi,Salah,59.40
S6_VGA,2.mp4,7.50,14,4,4,0,10,100.00%,28.57%,Ramai,Sepi,Salah,71.02
S6_VGA,2.mp4,7.62,14,5,5,0,9,100.00%,35.71%,Ramai,Sedang,Salah,63.92
S6_VGA,2.mp4,7.75,14,5,5,0,9,100.00%,35.71%,Ramai,Sedang,Salah,63.58
S6_VGA,2.mp4,7.88,14,5,5,0,9,100.00%,35.71%,Ramai,Sedang,Salah,59.33
S6_VGA,2.mp4,8.00,14,5,5,0,9,100.00%,35.71%,Ramai,Sedang,Salah,61.78
S6_VGA,2.mp4,8.12,14,5,5,0,9,100.00%,35.71%,Ramai,Sedang,Salah,64.60
S6_VGA,2.mp4,8.25,14,5,5,0,9,100.00%,35.71%,Ramai,Sedang,Salah,65.36
S6_VGA,2.mp4,8.38,14,5,5,0,9,100.00%,35.71%,Ramai,Sedang,Salah,74.05
S6_VGA,2.mp4,8.50,14,4,4,0,10,100.00%,28.57%,Ramai,Sepi,Salah,66.55
S6_VGA,2.mp4,8.62,14,4,4,0,10,100.00%,28.57%,Ramai,Sepi,Salah,64.03
S6_VGA,2.mp4,8.75,14,4,4,0,10,100.00%,28.57%,Ramai,Sepi,Salah,60.44
S6_VGA,2.mp4,8.88,14,4,4,0,10,100.00%,28.57%,Ramai,Sepi,Salah,65.48
S6_VGA,2.mp4,9.00,14,3,3,0,11,100.00%,21.43%,Ramai,Sepi,Salah,61.31
S6_VGA,2.mp4,9.12,14,3,3,0,11,100.00%,21.43%,Ramai,Sepi,Salah,62.41
S6_VGA,2.mp4,9.25,14,4,4,0,10,100.00%,28.57%,Ramai,Sepi,Salah,62.86
S6_VGA,2.mp4,9.38,14,4,4,0,10,100.00%,28.57%,Ramai,Sepi,Salah,60.89
S6_VGA,2.mp4,9.50,14,4,4,0,10,100.00%,28.57%,Ramai,Sepi,Salah,65.55
S6_VGA,2.mp4,9.62,14,4,4,0,10,100.00%,28.57%,Ramai,Sepi,Salah,59.20
S6_VGA,2.mp4,9.75,14,4,4,0,10,100.00%,28.57%,Ramai,Sepi,Salah,63.77
S6_VGA,2.mp4,9.88,14,3,3,0,11,100.00%,21.43%,Ramai,Sepi,Salah,64.47
S6_VGA,2.mp4,10.00,14,3,3,0,11,100.00%,21.43%,Ramai,Sepi,Salah,54.30
S6_VGA,2.mp4,10.12,14,3,3,0,11,100.00%,21.43%,Ramai,Sepi,Salah,57.03
S6_VGA,2.mp4,10.25,14,3,3,0,11,100.00%,21.43%,Ramai,Sepi,Salah,55.56
S6_VGA,2.mp4,10.38,14,3,3,0,11,100.00%,21.43%,Ramai,Sepi,Salah,54.97
S6_VGA,2.mp4,10.50,14,4,4,0,10,100.00%,28.57%,Ramai,Sepi,Salah,55.87
S6_VGA,2.mp4,10.62,14,4,4,0,10,100.00%,28.57%,Ramai,Sepi,Salah,55.78
S6_VGA,2.mp4,10.75,14,4,4,0,10,100.00%,28.57%,Ramai,Sepi,Salah,54.88
S6_VGA,2.mp4,10.88,14,4,4,0,10,100.00%,28.57%,Ramai,Sepi,Salah,58.60
S6_VGA,2.mp4,11.00,14,4,4,0,10,100.00%,28.57%,Ramai,Sepi,Salah,55.53
S6_VGA,2.mp4,11.12,14,3,3,0,11,100.00%,21.43%,Ramai,Sepi,Salah,54.44
S6_VGA,2.mp4,11.25,14,3,3,0,11,100.00%,21.43%,Ramai,Sepi,Salah,54.94
S6_VGA,2.mp4,11.38,14,3,3,0,11,100.00%,21.43%,Ramai,Sepi,Salah,55.70
S6_VGA,2.mp4,11.50,14,3,3,0,11,100.00%,21.43%,Ramai,Sepi,Salah,59.96
S6_VGA,2.mp4,11.62,14,3,3,0,11,100.00%,21.43%,Ramai,Sepi,Salah,55.43
S6_VGA,2.mp4,11.75,14,3,3,0,11,100.00%,21.43%,Ramai,Sepi,Salah,55.92
S6_VGA,2.mp4,11.88,14,3,3,0,11,100.00%,21.43%,Ramai,Sepi,Salah,57.02
S6_VGA,2.mp4,12.00,14,2,2,0,12,100.00%,14.29%,Ramai,Sepi,Salah,55.09
S6_VGA,2.mp4,12.12,14,2,2,0,12,100.00%,14.29%,Ramai,Sepi,Salah,57.64
S6_VGA,2.mp4,12.25,14,2,2,0,12,100.00%,14.29%,Ramai,Sepi,Salah,67.10
S6_VGA,2.mp4,12.38,14,2,2,0,12,100.00%,14.29%,Ramai,Sepi,Salah,65.79
S6_VGA,2.mp4,12.50,14,3,3,0,11,100.00%,21.43%,Ramai,Sepi,Salah,58.52
S6_VGA,2.mp4,12.62,14,3,3,0,11,100.00%,21.43%,Ramai,Sepi,Salah,60.17
S6_VGA,2.mp4,12.75,14,3,3,0,11,100.00%,21.43%,Ramai,Sepi,Salah,56.66
S6_VGA,2.mp4,12.88,14,3,3,0,11,100.00%,21.43%,Ramai,Sepi,Salah,59.17
S6_VGA,2.mp4,13.00,14,3,3,0,11,100.00%,21.43%,Ramai,Sepi,Salah,54.03
S6_VGA,2.mp4,13.12,14,3,3,0,11,100.00%,21.43%,Ramai,Sepi,Salah,55.04
S6_VGA,2.mp4,13.25,14,2,2,0,12,100.00%,14.29%,Ramai,Sepi,Salah,54.92
S6_VGA,2.mp4,13.38,14,2,2,0,12,100.00%,14.29%,Ramai,Sepi,Salah,51.28
S6_VGA,2.mp4,13.50,14,2,2,0,12,100.00%,14.29%,Ramai,Sepi,Salah,51.06
S6_VGA,2.mp4,13.62,14,2,2,0,12,100.00%,14.29%,Ramai,Sepi,Salah,52.32
S6_VGA,2.mp4,13.75,14,3,3,0,11,100.00%,21.43%,Ramai,Sepi,Salah,55.58
S6_VGA,2.mp4,13.88,14,2,2,0,12,100.00%,14.29%,Ramai,Sepi,Salah,59.72
S6_VGA,2.mp4,14.00,14,2,2,0,12,100.00%,14.29%,Ramai,Sepi,Salah,55.86
S6_VGA,2.mp4,14.12,14,2,2,0,12,100.00%,14.29%,Ramai,Sepi,Salah,53.94
S6_VGA,2.mp4,14.25,14,2,2,0,12,100.00%,14.29%,Ramai,Sepi,Salah,54.64
S6_VGA,2.mp4,14.38,14,2,2,0,12,100.00%,14.29%,Ramai,Sepi,Salah,56.76
S6_VGA,2.mp4,14.50,14,3,3,0,11,100.00%,21.43%,Ramai,Sepi,Salah,57.85
S6_VGA,2.mp4,14.62,14,3,3,0,11,100.00%,21.43%,Ramai,Sepi,Salah,57.11
S6_VGA,2.mp4,14.75,14,2,2,0,12,100.00%,14.29%,Ramai,Sepi,Salah,60.60
S6_VGA,2.mp4,14.88,14,2,2,0,12,100.00%,14.29%,Ramai,Sepi,Salah,64.93
S6_VGA,2.mp4,15.00,14,1,1,0,13,100.00%,7.14%,Ramai,Sepi,Salah,54.91
S6_VGA,2.mp4,15.12,15,1,1,0,14,100.00%,6.67%,Ramai,Sepi,Salah,50.95
S6_VGA,2.mp4,15.25,15,1,1,0,14,100.00%,6.67%,Ramai,Sepi,Salah,59.71
S6_VGA,2.mp4,15.38,15,2,2,0,13,100.00%,13.33%,Ramai,Sepi,Salah,53.36
S6_VGA,2.mp4,15.50,15,3,3,0,12,100.00%,20.00%,Ramai,Sepi,Salah,57.38
S6_VGA,2.mp4,15.62,15,3,3,0,12,100.00%,20.00%,Ramai,Sepi,Salah,56.83
S6_VGA,2.mp4,15.75,15,3,3,0,12,100.00%,20.00%,Ramai,Sepi,Salah,57.02
S6_VGA,2.mp4,15.88,15,3,3,0,12,100.00%,20.00%,Ramai,Sepi,Salah,61.06
S6_VGA,2.mp4,16.00,15,3,3,0,12,100.00%,20.00%,Ramai,Sepi,Salah,57.07
S6_VGA,2.mp4,16.12,15,3,3,0,12,100.00%,20.00%,Ramai,Sepi,Salah,62.21
S6_VGA,2.mp4,16.25,15,2,2,0,13,100.00%,13.33%,Ramai,Sepi,Salah,57.25
S6_VGA,2.mp4,16.38,15,2,2,0,13,100.00%,13.33%,Ramai,Sepi,Salah,56.96
S6_VGA,2.mp4,16.50,15,2,2,0,13,100.00%,13.33%,Ramai,Sepi,Salah,56.54
S6_VGA,2.mp4,16.62,15,2,2,0,13,100.00%,13.33%,Ramai,Sepi,Salah,56.88
S6_VGA,2.mp4,16.75,15,3,3,0,12,100.00%,20.00%,Ramai,Sepi,Salah,54.28
S6_VGA,2.mp4,16.88,15,3,3,0,12,100.00%,20.00%,Ramai,Sepi,Salah,61.74
S6_VGA,2.mp4,17.00,15,2,2,0,13,100.00%,13.33%,Ramai,Sepi,Salah,54.78
S6_VGA,2.mp4,17.12,14,2,2,0,12,100.00%,14.29%,Ramai,Sepi,Salah,55.85
S6_VGA,2.mp4,17.25,14,2,2,0,12,100.00%,14.29%,Ramai,Sepi,Salah,57.41
S6_VGA,2.mp4,17.38,14,2,2,0,12,100.00%,14.29%,Ramai,Sepi,Salah,56.40
S6_VGA,2.mp4,17.50,14,2,2,0,12,100.00%,14.29%,Ramai,Sepi,Salah,55.58
S6_VGA,2.mp4,17.62,14,3,3,0,11,100.00%,21.43%,Ramai,Sepi,Salah,56.31
S6_VGA,2.mp4,17.75,14,3,3,0,11,100.00%,21.43%,Ramai,Sepi,Salah,57.09
S6_VGA,2.mp4,17.88,14,3,3,0,11,100.00%,21.43%,Ramai,Sepi,Salah,58.01
S6_VGA,2.mp4,18.00,14,2,2,0,12,100.00%,14.29%,Ramai,Sepi,Salah,53.82
S6_VGA,2.mp4,18.12,14,2,2,0,12,100.00%,14.29%,Ramai,Sepi,Salah,56.97
S6_VGA,2.mp4,18.25,14,1,1,0,13,100.00%,7.14%,Ramai,Sepi,Salah,61.38
S6_VGA,2.mp4,18.38,14,2,2,0,12,100.00%,14.29%,Ramai,Sepi,Salah,54.77
S6_VGA,2.mp4,18.50,14,2,2,0,12,100.00%,14.29%,Ramai,Sepi,Salah,54.38
S6_VGA,2.mp4,18.62,14,2,2,0,12,100.00%,14.29%,Ramai,Sepi,Salah,56.42
S6_VGA,2.mp4,18.75,14,3,3,0,11,100.00%,21.43%,Ramai,Sepi,Salah,57.41
S6_VGA,2.mp4,18.88,14,3,3,0,11,100.00%,21.43%,Ramai,Sepi,Salah,58.88
S6_VGA,2.mp4,19.00,14,2,2,0,12,100.00%,14.29%,Ramai,Sepi,Salah,56.11
S6_VGA,2.mp4,19.12,14,2,2,0,12,100.00%,14.29%,Ramai,Sepi,Salah,59.37
S6_VGA,2.mp4,19.25,14,1,1,0,13,100.00%,7.14%,Ramai,Sepi,Salah,61.45
S6_VGA,2.mp4,19.38,14,1,1,0,13,100.00%,7.14%,Ramai,Sepi,Salah,58.41
S6_VGA,2.mp4,19.50,14,2,2,0,12,100.00%,14.29%,Ramai,Sepi,Salah,55.54
S6_VGA,2.mp4,19.62,14,2,2,0,12,100.00%,14.29%,Ramai,Sepi,Salah,62.49
S6_VGA,2.mp4,19.75,14,2,2,0,12,100.00%,14.29%,Ramai,Sepi,Salah,57.39
S6_VGA,2.mp4,19.88,14,2,2,0,12,100.00%,14.29%,Ramai,Sepi,Salah,62.64
S6_VGA,2.mp4,20.00,14,2,2,0,12,100.00%,14.29%,Ramai,Sepi,Salah,63.81
S6_VGA,2.mp4,20.12,14,3,3,0,11,100.00%,21.43%,Ramai,Sepi,Salah,58.63
S6_VGA,2.mp4,20.25,14,3,3,0,11,100.00%,21.43%,Ramai,Sepi,Salah,66.38
S6_VGA,2.mp4,20.38,14,2,2,0,12,100.00%,14.29%,Ramai,Sepi,Salah,61.75
S6_VGA,2.mp4,20.50,14,2,2,0,12,100.00%,14.29%,Ramai,Sepi,Salah,57.64
S6_VGA,2.mp4,20.62,14,2,2,0,12,100.00%,14.29%,Ramai,Sepi,Salah,55.78
S6_VGA,2.mp4,20.75,14,2,2,0,12,100.00%,14.29%,Ramai,Sepi,Salah,56.23
S6_VGA,2.mp4,20.88,14,2,2,0,12,100.00%,14.29%,Ramai,Sepi,Salah,59.22
S6_VGA,2.mp4,21.00,14,2,2,0,12,100.00%,14.29%,Ramai,Sepi,Salah,55.59
S6_VGA,2.mp4,21.12,14,2,2,0,12,100.00%,14.29%,Ramai,Sepi,Salah,56.33
S6_VGA,2.mp4,21.25,14,2,2,0,12,100.00%,14.29%,Ramai,Sepi,Salah,57.55
S6_VGA,2.mp4,21.38,14,2,2,0,12,100.00%,14.29%,Ramai,Sepi,Salah,59.18
S6_VGA,2.mp4,21.50,14,1,1,0,13,100.00%,7.14%,Ramai,Sepi,Salah,86.42
S6_VGA,2.mp4,21.62,14,1,1,0,13,100.00%,7.14%,Ramai,Sepi,Salah,81.74
S6_VGA,2.mp4,21.75,14,2,2,0,12,100.00%,14.29%,Ramai,Sepi,Salah,58.01
S6_VGA,2.mp4,21.88,14,2,2,0,12,100.00%,14.29%,Ramai,Sepi,Salah,63.03
S6_VGA,2.mp4,22.00,14,1,1,0,13,100.00%,7.14%,Ramai,Sepi,Salah,51.39
S6_VGA,2.mp4,22.12,14,0,0,0,14,0.00%,0.00%,Ramai,Sepi,Salah,53.88
S6_VGA,2.mp4,22.25,14,0,0,0,14,0.00%,0.00%,Ramai,Sepi,Salah,52.21
S6_VGA,2.mp4,22.38,14,0,0,0,14,0.00%,0.00%,Ramai,Sepi,Salah,56.16
S6_VGA,2.mp4,22.50,14,0,0,0,14,0.00%,0.00%,Ramai,Sepi,Salah,51.32
S6_VGA,2.mp4,22.62,14,0,0,0,14,0.00%,0.00%,Ramai,Sepi,Salah,50.90
S6_VGA,2.mp4,22.75,14,0,0,0,14,0.00%,0.00%,Ramai,Sepi,Salah,56.40
S6_VGA,2.mp4,22.88,14,0,0,0,14,0.00%,0.00%,Ramai,Sepi,Salah,59.53
S6_VGA,2.mp4,23.00,14,0,0,0,14,0.00%,0.00%,Ramai,Sepi,Salah,50.54
S6_VGA,2.mp4,23.12,14,0,0,0,14,0.00%,0.00%,Ramai,Sepi,Salah,51.78
S6_VGA,2.mp4,23.25,14,1,1,0,13,100.00%,7.14%,Ramai,Sepi,Salah,58.44
S6_VGA,2.mp4,23.38,14,1,1,0,13,100.00%,7.14%,Ramai,Sepi,Salah,56.34
S6_VGA,2.mp4,23.50,14,1,1,0,13,100.00%,7.14%,Ramai,Sepi,Salah,55.32
S6_VGA,2.mp4,23.62,14,2,2,0,12,100.00%,14.29%,Ramai,Sepi,Salah,55.54
S6_VGA,2.mp4,23.75,14,2,2,0,12,100.00%,14.29%,Ramai,Sepi,Salah,111.86
S6_VGA,2.mp4,23.88,14,3,3,0,11,100.00%,21.43%,Ramai,Sepi,Salah,52.95
S6_VGA,2.mp4,24.00,14,3,3,0,11,100.00%,21.43%,Ramai,Sepi,Salah,41.00
S6_VGA,2.mp4,24.12,14,2,2,0,12,100.00%,14.29%,Ramai,Sepi,Salah,40.72
S6_VGA,2.mp4,24.25,14,2,2,0,12,100.00%,14.29%,Ramai,Sepi,Salah,42.62
S6_VGA,2.mp4,24.38,14,2,2,0,12,100.00%,14.29%,Ramai,Sepi,Salah,42.79
S6_VGA,2.mp4,24.50,14,2,2,0,12,100.00%,14.29%,Ramai,Sepi,Salah,42.37
S6_VGA,2.mp4,24.62,14,2,2,0,12,100.00%,14.29%,Ramai,Sepi,Salah,41.52
S6_VGA,2.mp4,24.75,14,2,2,0,12,100.00%,14.29%,Ramai,Sepi,Salah,41.37
S6_VGA,2.mp4,24.88,14,2,2,0,12,100.00%,14.29%,Ramai,Sepi,Salah,42.18
S6_VGA,2.mp4,25.00,14,2,2,0,12,100.00%,14.29%,Ramai,Sepi,Salah,39.04
S6_VGA,2.mp4,25.12,14,2,2,0,12,100.00%,14.29%,Ramai,Sepi,Salah,41.53
S6_VGA,2.mp4,25.25,14,2,2,0,12,100.00%,14.29%,Ramai,Sepi,Salah,43.88
S6_VGA,2.mp4,25.38,14,3,3,0,11,100.00%,21.43%,Ramai,Sepi,Salah,42.70
S6_VGA,2.mp4,25.50,14,3,3,0,11,100.00%,21.43%,Ramai,Sepi,Salah,42.58
S6_VGA,2.mp4,25.62,14,3,3,0,11,100.00%,21.43%,Ramai,Sepi,Salah,41.70
S6_VGA,2.mp4,25.75,14,3,3,0,11,100.00%,21.43%,Ramai,Sepi,Salah,41.56
S6_VGA,2.mp4,25.88,14,3,3,0,11,100.00%,21.43%,Ramai,Sepi,Salah,46.07
S6_VGA,2.mp4,26.00,14,3,3,0,11,100.00%,21.43%,Ramai,Sepi,Salah,41.41
S6_VGA,2.mp4,26.12,13,3,3,0,10,100.00%,23.08%,Ramai,Sepi,Salah,42.22
S6_VGA,2.mp4,26.25,13,3,3,0,10,100.00%,23.08%,Ramai,Sepi,Salah,39.49
S6_VGA,2.mp4,26.38,13,3,3,0,10,100.00%,23.08%,Ramai,Sepi,Salah,39.84
S6_VGA,2.mp4,26.50,13,2,2,0,11,100.00%,15.38%,Ramai,Sepi,Salah,42.70
S6_VGA,2.mp4,26.62,13,2,2,0,11,100.00%,15.38%,Ramai,Sepi,Salah,45.23
S6_VGA,2.mp4,26.75,13,2,2,0,11,100.00%,15.38%,Ramai,Sepi,Salah,40.38
S6_VGA,2.mp4,26.88,13,2,2,0,11,100.00%,15.38%,Ramai,Sepi,Salah,43.10
S6_VGA,2.mp4,27.00,13,2,2,0,11,100.00%,15.38%,Ramai,Sepi,Salah,40.26
S6_VGA,2.mp4,27.12,13,2,2,0,11,100.00%,15.38%,Ramai,Sepi,Salah,41.01
S6_VGA,2.mp4,27.25,13,2,2,0,11,100.00%,15.38%,Ramai,Sepi,Salah,41.61
S6_VGA,2.mp4,27.38,13,3,3,0,10,100.00%,23.08%,Ramai,Sepi,Salah,47.28
S6_VGA,2.mp4,27.50,13,3,3,0,10,100.00%,23.08%,Ramai,Sepi,Salah,46.48
S6_VGA,2.mp4,27.62,13,3,3,0,10,100.00%,23.08%,Ramai,Sepi,Salah,41.62
S6_VGA,2.mp4,27.75,13,3,3,0,10,100.00%,23.08%,Ramai,Sepi,Salah,40.43
S6_VGA,2.mp4,27.88,13,3,3,0,10,100.00%,23.08%,Ramai,Sepi,Salah,53.00
S6_VGA,2.mp4,28.00,13,3,3,0,10,100.00%,23.08%,Ramai,Sepi,Salah,39.51
S6_VGA,2.mp4,28.12,13,3,3,0,10,100.00%,23.08%,Ramai,Sepi,Salah,44.84
S6_VGA,2.mp4,28.25,13,2,2,0,11,100.00%,15.38%,Ramai,Sepi,Salah,44.14
S6_VGA,2.mp4,28.38,13,1,1,0,12,100.00%,7.69%,Ramai,Sepi,Salah,40.82
S6_VGA,2.mp4,28.50,13,1,1,0,12,100.00%,7.69%,Ramai,Sepi,Salah,43.34
S6_VGA,2.mp4,28.62,13,1,1,0,12,100.00%,7.69%,Ramai,Sepi,Salah,50.82
S6_VGA,2.mp4,28.75,13,2,2,0,11,100.00%,15.38%,Ramai,Sepi,Salah,45.32
S6_VGA,2.mp4,28.88,13,2,2,0,11,100.00%,15.38%,Ramai,Sepi,Salah,51.19
S6_VGA,2.mp4,29.00,13,2,2,0,11,100.00%,15.38%,Ramai,Sepi,Salah,43.16
S6_VGA,2.mp4,29.12,12,2,2,0,10,100.00%,16.67%,Ramai,Sepi,Salah,45.37
S6_VGA,2.mp4,29.25,12,2,2,0,10,100.00%,16.67%,Ramai,Sepi,Salah,41.81
S6_VGA,2.mp4,29.38,12,2,2,0,10,100.00%,16.67%,Ramai,Sepi,Salah,43.95
S6_VGA,2.mp4,29.50,12,2,2,0,10,100.00%,16.67%,Ramai,Sepi,Salah,44.54
S6_VGA,2.mp4,29.62,12,2,2,0,10,100.00%,16.67%,Ramai,Sepi,Salah,40.34
S6_VGA,2.mp4,29.75,12,2,2,0,10,100.00%,16.67%,Ramai,Sepi,Salah,48.46
S6_VGA,2.mp4,29.88,12,1,1,0,11,100.00%,8.33%,Ramai,Sepi,Salah,45.29
S6_VGA,2.mp4,30.00,12,1,1,0,11,100.00%,8.33%,Ramai,Sepi,Salah,44.73
S6_VGA,2.mp4,30.12,12,1,1,0,11,100.00%,8.33%,Ramai,Sepi,Salah,41.44
S6_VGA,2.mp4,30.25,12,2,2,0,10,100.00%,16.67%,Ramai,Sepi,Salah,41.60
S6_VGA,2.mp4,30.38,12,2,2,0,10,100.00%,16.67%,Ramai,Sepi,Salah,40.89
S6_VGA,2.mp4,30.50,12,1,1,0,11,100.00%,8.33%,Ramai,Sepi,Salah,40.67
S6_VGA,2.mp4,30.62,12,1,1,0,11,100.00%,8.33%,Ramai,Sepi,Salah,40.98
S6_VGA,2.mp4,30.75,12,0,0,0,12,0.00%,0.00%,Ramai,Sepi,Salah,36.82
S6_VGA,2.mp4,30.88,12,0,0,0,12,0.00%,0.00%,Ramai,Sepi,Salah,44.09
S6_VGA,2.mp4,31.00,12,0,0,0,12,0.00%,0.00%,Ramai,Sepi,Salah,40.31
S6_VGA,2.mp4,31.12,12,0,0,0,12,0.00%,0.00%,Ramai,Sepi,Salah,38.98
S6_VGA,2.mp4,31.25,12,0,0,0,12,0.00%,0.00%,Ramai,Sepi,Salah,37.29
S6_VGA,2.mp4,31.38,12,0,0,0,12,0.00%,0.00%,Ramai,Sepi,Salah,38.12
S6_VGA,2.mp4,31.50,12,0,0,0,12,0.00%,0.00%,Ramai,Sepi,Salah,40.20
S6_VGA,2.mp4,31.62,12,1,1,0,11,100.00%,8.33%,Ramai,Sepi,Salah,40.53
S6_VGA,2.mp4,31.75,12,1,1,0,11,100.00%,8.33%,Ramai,Sepi,Salah,40.26
S6_VGA,2.mp4,31.88,12,0,0,0,12,0.00%,0.00%,Ramai,Sepi,Salah,42.04
S6_VGA,2.mp4,32.00,12,0,0,0,12,0.00%,0.00%,Ramai,Sepi,Salah,37.57
S6_VGA,2.mp4,32.12,12,0,0,0,12,0.00%,0.00%,Ramai,Sepi,Salah,43.52
S6_VGA,2.mp4,32.25,12,0,0,0,12,0.00%,0.00%,Ramai,Sepi,Salah,41.93
S6_VGA,2.mp4,32.38,12,0,0,0,12,0.00%,0.00%,Ramai,Sepi,Salah,38.58
S6_VGA,2.mp4,32.50,12,0,0,0,12,0.00%,0.00%,Ramai,Sepi,Salah,46.79
S6_VGA,2.mp4,32.62,12,0,0,0,12,0.00%,0.00%,Ramai,Sepi,Salah,42.01
S6_VGA,2.mp4,32.75,12,0,0,0,12,0.00%,0.00%,Ramai,Sepi,Salah,48.76
S6_VGA,2.mp4,32.88,12,0,0,0,12,0.00%,0.00%,Ramai,Sepi,Salah,40.99
S6_VGA,2.mp4,33.00,12,0,0,0,12,0.00%,0.00%,Ramai,Sepi,Salah,39.39
S6_VGA,2.mp4,33.12,12,0,0,0,12,0.00%,0.00%,Ramai,Sepi,Salah,39.31
S6_VGA,2.mp4,33.25,12,0,0,0,12,0.00%,0.00%,Ramai,Sepi,Salah,38.72
S6_VGA,2.mp4,33.38,12,0,0,0,12,0.00%,0.00%,Ramai,Sepi,Salah,48.55
S6_VGA,2.mp4,33.50,12,1,1,0,11,100.00%,8.33%,Ramai,Sepi,Salah,47.85
S6_VGA,2.mp4,33.62,12,1,1,0,11,100.00%,8.33%,Ramai,Sepi,Salah,47.41
S6_VGA,2.mp4,33.75,12,1,1,0,11,100.00%,8.33%,Ramai,Sepi,Salah,40.51
S6_VGA,2.mp4,33.88,12,1,1,0,11,100.00%,8.33%,Ramai,Sepi,Salah,48.36
S6_VGA,2.mp4,34.00,12,1,1,0,11,100.00%,8.33%,Ramai,Sepi,Salah,42.96
S6_VGA,2.mp4,34.12,12,1,1,0,11,100.00%,8.33%,Ramai,Sepi,Salah,45.22
S6_VGA,2.mp4,34.25,12,2,2,0,10,100.00%,16.67%,Ramai,Sepi,Salah,43.32
S6_VGA,2.mp4,34.38,12,2,2,0,10,100.00%,16.67%,Ramai,Sepi,Salah,42.48
S6_VGA,2.mp4,34.50,12,2,2,0,10,100.00%,16.67%,Ramai,Sepi,Salah,41.94
S6_VGA,2.mp4,34.62,12,2,2,0,10,100.00%,16.67%,Ramai,Sepi,Salah,44.16
S6_VGA,2.mp4,34.75,12,2,2,0,10,100.00%,16.67%,Ramai,Sepi,Salah,39.78
S6_VGA,2.mp4,34.88,12,2,2,0,10,100.00%,16.67%,Ramai,Sepi,Salah,45.10
S6_VGA,2.mp4,35.00,12,1,1,0,11,100.00%,8.33%,Ramai,Sepi,Salah,42.56
S6_VGA,2.mp4,35.12,12,1,1,0,11,100.00%,8.33%,Ramai,Sepi,Salah,40.69
S6_VGA,2.mp4,35.25,12,1,1,0,11,100.00%,8.33%,Ramai,Sepi,Salah,37.49
S6_VGA,2.mp4,35.38,12,0,0,0,12,0.00%,0.00%,Ramai,Sepi,Salah,37.77
S6_VGA,2.mp4,35.50,12,0,0,0,12,0.00%,0.00%,Ramai,Sepi,Salah,38.72
S6_VGA,2.mp4,35.62,12,0,0,0,12,0.00%,0.00%,Ramai,Sepi,Salah,38.70
S6_VGA,2.mp4,35.75,12,0,0,0,12,0.00%,0.00%,Ramai,Sepi,Salah,39.05
S6_VGA,2.mp4,35.88,12,0,0,0,12,0.00%,0.00%,Ramai,Sepi,Salah,45.75
S6_VGA,2.mp4,36.00,12,1,1,0,11,100.00%,8.33%,Ramai,Sepi,Salah,40.03
S6_VGA,2.mp4,36.12,12,1,1,0,11,100.00%,8.33%,Ramai,Sepi,Salah,39.66
S6_VGA,2.mp4,36.25,12,1,1,0,11,100.00%,8.33%,Ramai,Sepi,Salah,39.47
S6_VGA,2.mp4,36.38,12,1,1,0,11,100.00%,8.33%,Ramai,Sepi,Salah,41.20
S6_VGA,2.mp4,36.50,12,2,2,0,10,100.00%,16.67%,Ramai,Sepi,Salah,41.28
S6_VGA,2.mp4,36.62,12,2,2,0,10,100.00%,16.67%,Ramai,Sepi,Salah,43.24
S6_VGA,2.mp4,36.75,12,2,2,0,10,100.00%,16.67%,Ramai,Sepi,Salah,46.35
S6_VGA,2.mp4,36.88,12,2,2,0,10,100.00%,16.67%,Ramai,Sepi,Salah,62.99
S6_VGA,2.mp4,37.00,12,1,1,0,11,100.00%,8.33%,Ramai,Sepi,Salah,50.44
S6_VGA,2.mp4,37.12,12,1,1,0,11,100.00%,8.33%,Ramai,Sepi,Salah,59.66
S6_VGA,2.mp4,37.25,12,1,1,0,11,100.00%,8.33%,Ramai,Sepi,Salah,43.21
S6_VGA,2.mp4,37.38,12,1,1,0,11,100.00%,8.33%,Ramai,Sepi,Salah,43.04
S6_VGA,2.mp4,37.50,12,2,2,0,10,100.00%,16.67%,Ramai,Sepi,Salah,43.76
S6_VGA,2.mp4,37.62,12,2,2,0,10,100.00%,16.67%,Ramai,Sepi,Salah,40.02
S6_VGA,2.mp4,37.75,12,2,2,0,10,100.00%,16.67%,Ramai,Sepi,Salah,39.81
S6_VGA,2.mp4,37.88,12,1,1,0,11,100.00%,8.33%,Ramai,Sepi,Salah,43.77
S6_VGA,2.mp4,38.00,12,1,1,0,11,100.00%,8.33%,Ramai,Sepi,Salah,39.34
S6_VGA,2.mp4,38.12,12,1,1,0,11,100.00%,8.33%,Ramai,Sepi,Salah,45.62
S6_VGA,2.mp4,38.25,12,1,1,0,11,100.00%,8.33%,Ramai,Sepi,Salah,43.48
S6_VGA,2.mp4,38.38,12,1,1,0,11,100.00%,8.33%,Ramai,Sepi,Salah,52.49
S6_VGA,2.mp4,38.50,12,1,1,0,11,100.00%,8.33%,Ramai,Sepi,Salah,51.20
S6_VGA,2.mp4,38.62,12,1,1,0,11,100.00%,8.33%,Ramai,Sepi,Salah,46.52
S6_VGA,2.mp4,38.75,12,0,0,0,12,0.00%,0.00%,Ramai,Sepi,Salah,39.63
S6_VGA,2.mp4,38.88,12,0,0,0,12,0.00%,0.00%,Ramai,Sepi,Salah,49.05
S6_VGA,2.mp4,39.00,12,0,0,0,12,0.00%,0.00%,Ramai,Sepi,Salah,39.54
S6_VGA,2.mp4,39.12,12,1,1,0,11,100.00%,8.33%,Ramai,Sepi,Salah,42.56
S6_VGA,2.mp4,39.25,12,1,1,0,11,100.00%,8.33%,Ramai,Sepi,Salah,43.24
S6_VGA,2.mp4,39.38,12,1,1,0,11,100.00%,8.33%,Ramai,Sepi,Salah,41.79
S6_VGA,2.mp4,39.50,12,1,1,0,11,100.00%,8.33%,Ramai,Sepi,Salah,45.75
S6_VGA,2.mp4,39.62,12,1,1,0,11,100.00%,8.33%,Ramai,Sepi,Salah,51.86
S6_VGA,2.mp4,39.75,12,1,1,0,11,100.00%,8.33%,Ramai,Sepi,Salah,51.00
S6_VGA,2.mp4,39.88,12,1,1,0,11,100.00%,8.33%,Ramai,Sepi,Salah,51.87
S6_QVGA,1.mp4,0.00,5,1,1,0,4,100.00%,20.00%,Sedang,Sepi,Salah,46.33
S6_QVGA,1.mp4,0.10,5,1,1,0,4,100.00%,20.00%,Sedang,Sepi,Salah,51.98
S6_QVGA,1.mp4,0.20,5,1,1,0,4,100.00%,20.00%,Sedang,Sepi,Salah,47.70
S6_QVGA,1.mp4,0.30,5,1,1,0,4,100.00%,20.00%,Sedang,Sepi,Salah,38.55
S6_QVGA,1.mp4,0.40,5,1,1,0,4,100.00%,20.00%,Sedang,Sepi,Salah,38.11
S6_QVGA,1.mp4,0.50,5,1,1,0,4,100.00%,20.00%,Sedang,Sepi,Salah,38.12
S6_QVGA,1.mp4,0.60,5,2,2,0,3,100.00%,40.00%,Sedang,Sepi,Salah,39.89
S6_QVGA,1.mp4,0.70,5,2,2,0,3,100.00%,40.00%,Sedang,Sepi,Salah,37.69
S6_QVGA,1.mp4,0.80,5,1,1,0,4,100.00%,20.00%,Sedang,Sepi,Salah,39.06
S6_QVGA,1.mp4,0.90,5,1,1,0,4,100.00%,20.00%,Sedang,Sepi,Salah,40.50
S6_QVGA,1.mp4,1.00,5,1,1,0,4,100.00%,20.00%,Sedang,Sepi,Salah,36.84
S6_QVGA,1.mp4,1.10,5,2,2,0,3,100.00%,40.00%,Sedang,Sepi,Salah,36.05
S6_QVGA,1.mp4,1.20,5,2,2,0,3,100.00%,40.00%,Sedang,Sepi,Salah,36.47
S6_QVGA,1.mp4,1.30,5,1,1,0,4,100.00%,20.00%,Sedang,Sepi,Salah,37.66
S6_QVGA,1.mp4,1.40,5,1,1,0,4,100.00%,20.00%,Sedang,Sepi,Salah,36.55
S6_QVGA,1.mp4,1.50,5,2,2,0,3,100.00%,40.00%,Sedang,Sepi,Salah,39.05
S6_QVGA,1.mp4,1.60,5,2,2,0,3,100.00%,40.00%,Sedang,Sepi,Salah,35.80
S6_QVGA,1.mp4,1.70,5,2,2,0,3,100.00%,40.00%,Sedang,Sepi,Salah,39.34
S6_QVGA,1.mp4,1.80,5,2,2,0,3,100.00%,40.00%,Sedang,Sepi,Salah,38.49
S6_QVGA,1.mp4,1.90,5,2,2,0,3,100.00%,40.00%,Sedang,Sepi,Salah,58.75
S6_QVGA,1.mp4,2.00,5,2,2,0,3,100.00%,40.00%,Sedang,Sepi,Salah,37.11
S6_QVGA,1.mp4,2.10,5,2,2,0,3,100.00%,40.00%,Sedang,Sepi,Salah,42.24
S6_QVGA,1.mp4,2.20,5,2,2,0,3,100.00%,40.00%,Sedang,Sepi,Salah,63.10
S6_QVGA,1.mp4,2.30,5,2,2,0,3,100.00%,40.00%,Sedang,Sepi,Salah,76.01
S6_QVGA,1.mp4,2.40,5,2,2,0,3,100.00%,40.00%,Sedang,Sepi,Salah,53.09
S6_QVGA,1.mp4,2.50,5,2,2,0,3,100.00%,40.00%,Sedang,Sepi,Salah,55.49
S6_QVGA,1.mp4,2.60,5,3,3,0,2,100.00%,60.00%,Sedang,Sepi,Salah,53.28
S6_QVGA,1.mp4,2.70,5,2,2,0,3,100.00%,40.00%,Sedang,Sepi,Salah,54.65
S6_QVGA,1.mp4,2.80,5,3,3,0,2,100.00%,60.00%,Sedang,Sepi,Salah,54.03
S6_QVGA,1.mp4,2.90,5,2,2,0,3,100.00%,40.00%,Sedang,Sepi,Salah,55.79
S6_QVGA,1.mp4,3.00,5,2,2,0,3,100.00%,40.00%,Sedang,Sepi,Salah,191.33
S6_QVGA,1.mp4,3.10,5,2,2,0,3,100.00%,40.00%,Sedang,Sepi,Salah,65.51
S6_QVGA,1.mp4,3.20,5,3,3,0,2,100.00%,60.00%,Sedang,Sepi,Salah,60.86
S6_QVGA,1.mp4,3.30,5,3,3,0,2,100.00%,60.00%,Sedang,Sepi,Salah,60.97
S6_QVGA,1.mp4,3.40,5,2,2,0,3,100.00%,40.00%,Sedang,Sepi,Salah,61.83
S6_QVGA,1.mp4,3.50,5,2,2,0,3,100.00%,40.00%,Sedang,Sepi,Salah,56.32
S6_QVGA,1.mp4,3.60,5,1,1,0,4,100.00%,20.00%,Sedang,Sepi,Salah,58.22
S6_QVGA,1.mp4,3.70,5,1,1,0,4,100.00%,20.00%,Sedang,Sepi,Salah,57.23
S6_QVGA,1.mp4,3.80,5,2,2,0,3,100.00%,40.00%,Sedang,Sepi,Salah,56.52
S6_QVGA,1.mp4,3.90,5,2,2,0,3,100.00%,40.00%,Sedang,Sepi,Salah,59.34
S6_QVGA,1.mp4,4.00,5,3,3,0,2,100.00%,60.00%,Sedang,Sepi,Salah,56.41
S6_QVGA,1.mp4,4.10,5,3,3,0,2,100.00%,60.00%,Sedang,Sepi,Salah,54.90
S6_QVGA,1.mp4,4.20,5,3,3,0,2,100.00%,60.00%,Sedang,Sepi,Salah,56.01
S6_QVGA,1.mp4,4.30,5,3,3,0,2,100.00%,60.00%,Sedang,Sepi,Salah,56.32
S6_QVGA,1.mp4,4.40,5,3,3,0,2,100.00%,60.00%,Sedang,Sepi,Salah,54.06
S6_QVGA,1.mp4,4.50,5,3,3,0,2,100.00%,60.00%,Sedang,Sepi,Salah,56.66
S6_QVGA,1.mp4,4.60,5,3,3,0,2,100.00%,60.00%,Sedang,Sepi,Salah,56.51
S6_QVGA,1.mp4,4.70,5,2,2,0,3,100.00%,40.00%,Sedang,Sepi,Salah,53.10
S6_QVGA,1.mp4,4.80,5,2,2,0,3,100.00%,40.00%,Sedang,Sepi,Salah,57.07
S6_QVGA,1.mp4,4.90,5,2,2,0,3,100.00%,40.00%,Sedang,Sepi,Salah,56.16
S6_QVGA,1.mp4,5.00,5,2,2,0,3,100.00%,40.00%,Sedang,Sepi,Salah,53.64
S6_QVGA,1.mp4,5.10,5,3,3,0,2,100.00%,60.00%,Sedang,Sepi,Salah,53.32
S6_QVGA,1.mp4,5.20,5,2,2,0,3,100.00%,40.00%,Sedang,Sepi,Salah,55.00
S6_QVGA,1.mp4,5.30,5,3,3,0,2,100.00%,60.00%,Sedang,Sepi,Salah,53.45
S6_QVGA,1.mp4,5.40,5,3,3,0,2,100.00%,60.00%,Sedang,Sepi,Salah,51.50
S6_QVGA,1.mp4,5.50,5,3,3,0,2,100.00%,60.00%,Sedang,Sepi,Salah,66.88
S6_QVGA,1.mp4,5.60,5,3,3,0,2,100.00%,60.00%,Sedang,Sepi,Salah,53.69
S6_QVGA,1.mp4,5.70,5,3,3,0,2,100.00%,60.00%,Sedang,Sepi,Salah,53.08
S6_QVGA,1.mp4,5.80,5,2,2,0,3,100.00%,40.00%,Sedang,Sepi,Salah,52.68
S6_QVGA,1.mp4,5.90,5,2,2,0,3,100.00%,40.00%,Sedang,Sepi,Salah,54.63
S6_QVGA,1.mp4,6.00,5,1,1,0,4,100.00%,20.00%,Sedang,Sepi,Salah,51.89
S6_QVGA,1.mp4,6.10,4,1,1,0,3,100.00%,25.00%,Sepi,Sepi,Benar,53.15
S6_QVGA,1.mp4,6.20,4,2,2,0,2,100.00%,50.00%,Sepi,Sepi,Benar,51.00
S6_QVGA,1.mp4,6.30,4,2,2,0,2,100.00%,50.00%,Sepi,Sepi,Benar,49.92
S6_QVGA,1.mp4,6.40,4,2,2,0,2,100.00%,50.00%,Sepi,Sepi,Benar,49.93
S6_QVGA,1.mp4,6.50,4,2,2,0,2,100.00%,50.00%,Sepi,Sepi,Benar,52.35
S6_QVGA,1.mp4,6.60,4,2,2,0,2,100.00%,50.00%,Sepi,Sepi,Benar,51.69
S6_QVGA,1.mp4,6.70,4,2,2,0,2,100.00%,50.00%,Sepi,Sepi,Benar,51.23
S6_QVGA,1.mp4,6.80,4,2,2,0,2,100.00%,50.00%,Sepi,Sepi,Benar,52.72
S6_QVGA,1.mp4,6.90,4,2,2,0,2,100.00%,50.00%,Sepi,Sepi,Benar,50.38
S6_QVGA,1.mp4,7.00,4,1,1,0,3,100.00%,25.00%,Sepi,Sepi,Benar,51.50
S6_QVGA,1.mp4,7.10,4,1,1,0,3,100.00%,25.00%,Sepi,Sepi,Benar,93.94
S6_QVGA,1.mp4,7.20,4,2,2,0,2,100.00%,50.00%,Sepi,Sepi,Benar,53.34
S6_QVGA,1.mp4,7.30,4,2,2,0,2,100.00%,50.00%,Sepi,Sepi,Benar,51.78
S6_QVGA,1.mp4,7.40,4,2,2,0,2,100.00%,50.00%,Sepi,Sepi,Benar,51.48
S6_QVGA,1.mp4,7.50,4,2,2,0,2,100.00%,50.00%,Sepi,Sepi,Benar,51.89
S6_QVGA,1.mp4,7.60,4,2,2,0,2,100.00%,50.00%,Sepi,Sepi,Benar,52.49
S6_QVGA,1.mp4,7.70,4,2,2,0,2,100.00%,50.00%,Sepi,Sepi,Benar,51.58
S6_QVGA,1.mp4,7.80,4,2,2,0,2,100.00%,50.00%,Sepi,Sepi,Benar,52.90
S6_QVGA,1.mp4,7.90,4,2,2,0,2,100.00%,50.00%,Sepi,Sepi,Benar,59.30
S6_QVGA,1.mp4,8.00,4,2,2,0,2,100.00%,50.00%,Sepi,Sepi,Benar,49.25
S6_QVGA,1.mp4,8.10,4,2,2,0,2,100.00%,50.00%,Sepi,Sepi,Benar,51.94
S6_QVGA,1.mp4,8.20,4,2,2,0,2,100.00%,50.00%,Sepi,Sepi,Benar,54.27
S6_QVGA,1.mp4,8.30,4,2,2,0,2,100.00%,50.00%,Sepi,Sepi,Benar,50.80
S6_QVGA,1.mp4,8.40,4,2,2,0,2,100.00%,50.00%,Sepi,Sepi,Benar,51.70
S6_QVGA,1.mp4,8.50,4,1,1,0,3,100.00%,25.00%,Sepi,Sepi,Benar,51.64
S6_QVGA,1.mp4,8.60,4,1,1,0,3,100.00%,25.00%,Sepi,Sepi,Benar,52.40
S6_QVGA,1.mp4,8.70,4,1,1,0,3,100.00%,25.00%,Sepi,Sepi,Benar,53.61
S6_QVGA,1.mp4,8.80,4,1,1,0,3,100.00%,25.00%,Sepi,Sepi,Benar,53.65
S6_QVGA,1.mp4,8.90,4,2,2,0,2,100.00%,50.00%,Sepi,Sepi,Benar,53.47
S6_QVGA,1.mp4,9.00,4,1,1,0,3,100.00%,25.00%,Sepi,Sepi,Benar,49.54
S6_QVGA,1.mp4,9.10,4,1,1,0,3,100.00%,25.00%,Sepi,Sepi,Benar,56.00
S6_QVGA,1.mp4,9.20,4,1,1,0,3,100.00%,25.00%,Sepi,Sepi,Benar,53.05
S6_QVGA,1.mp4,9.30,4,1,1,0,3,100.00%,25.00%,Sepi,Sepi,Benar,50.23
S6_QVGA,1.mp4,9.40,4,0,0,0,4,0.00%,0.00%,Sepi,Sepi,Benar,49.74
S6_QVGA,1.mp4,9.50,4,0,0,0,4,0.00%,0.00%,Sepi,Sepi,Benar,48.41
S6_QVGA,1.mp4,9.60,4,0,0,0,4,0.00%,0.00%,Sepi,Sepi,Benar,52.10
S6_QVGA,1.mp4,9.70,4,1,1,0,3,100.00%,25.00%,Sepi,Sepi,Benar,55.33
S6_QVGA,1.mp4,9.80,4,1,1,0,3,100.00%,25.00%,Sepi,Sepi,Benar,54.52
S6_QVGA,1.mp4,9.90,4,1,1,0,3,100.00%,25.00%,Sepi,Sepi,Benar,61.35
S6_QVGA,1.mp4,10.00,4,1,1,0,3,100.00%,25.00%,Sepi,Sepi,Benar,53.98
S6_QVGA,1.mp4,10.10,4,2,2,0,2,100.00%,50.00%,Sepi,Sepi,Benar,53.77
S6_QVGA,1.mp4,10.20,4,2,2,0,2,100.00%,50.00%,Sepi,Sepi,Benar,52.30
S6_QVGA,1.mp4,10.30,4,2,2,0,2,100.00%,50.00%,Sepi,Sepi,Benar,53.19
S6_QVGA,1.mp4,10.40,4,2,2,0,2,100.00%,50.00%,Sepi,Sepi,Benar,50.33
S6_QVGA,1.mp4,10.50,4,2,2,0,2,100.00%,50.00%,Sepi,Sepi,Benar,51.42
S6_QVGA,1.mp4,10.60,4,2,2,0,2,100.00%,50.00%,Sepi,Sepi,Benar,56.06
S6_QVGA,1.mp4,10.70,4,2,2,0,2,100.00%,50.00%,Sepi,Sepi,Benar,50.01
S6_QVGA,1.mp4,10.80,4,2,2,0,2,100.00%,50.00%,Sepi,Sepi,Benar,52.85
S6_QVGA,1.mp4,10.90,4,2,2,0,2,100.00%,50.00%,Sepi,Sepi,Benar,57.48
S6_QVGA,1.mp4,11.00,4,2,2,0,2,100.00%,50.00%,Sepi,Sepi,Benar,50.70
S6_QVGA,1.mp4,11.10,4,2,2,0,2,100.00%,50.00%,Sepi,Sepi,Benar,50.25
S6_QVGA,1.mp4,11.20,4,3,3,0,1,100.00%,75.00%,Sepi,Sepi,Benar,52.07
S6_QVGA,1.mp4,11.30,4,3,3,0,1,100.00%,75.00%,Sepi,Sepi,Benar,51.86
S6_QVGA,1.mp4,11.40,4,3,3,0,1,100.00%,75.00%,Sepi,Sepi,Benar,49.19
S6_QVGA,1.mp4,11.50,4,3,3,0,1,100.00%,75.00%,Sepi,Sepi,Benar,49.81
S6_QVGA,1.mp4,11.60,4,3,3,0,1,100.00%,75.00%,Sepi,Sepi,Benar,51.20
S6_QVGA,1.mp4,11.70,4,3,3,0,1,100.00%,75.00%,Sepi,Sepi,Benar,50.85
S6_QVGA,1.mp4,11.80,4,3,3,0,1,100.00%,75.00%,Sepi,Sepi,Benar,50.32
S6_QVGA,1.mp4,11.90,4,3,3,0,1,100.00%,75.00%,Sepi,Sepi,Benar,52.97
S6_QVGA,1.mp4,12.00,4,3,3,0,1,100.00%,75.00%,Sepi,Sepi,Benar,52.16
S6_QVGA,1.mp4,12.10,4,3,3,0,1,100.00%,75.00%,Sepi,Sepi,Benar,57.58
S6_QVGA,1.mp4,12.20,4,3,3,0,1,100.00%,75.00%,Sepi,Sepi,Benar,54.94
S6_QVGA,1.mp4,12.30,4,3,3,0,1,100.00%,75.00%,Sepi,Sepi,Benar,53.03
S6_QVGA,1.mp4,12.40,4,3,3,0,1,100.00%,75.00%,Sepi,Sepi,Benar,53.24
S6_QVGA,1.mp4,12.50,4,3,3,0,1,100.00%,75.00%,Sepi,Sepi,Benar,51.99
S6_QVGA,1.mp4,12.60,4,3,3,0,1,100.00%,75.00%,Sepi,Sepi,Benar,54.68
S6_QVGA,1.mp4,12.70,4,3,3,0,1,100.00%,75.00%,Sepi,Sepi,Benar,55.05
S6_QVGA,1.mp4,12.80,4,3,3,0,1,100.00%,75.00%,Sepi,Sepi,Benar,54.35
S6_QVGA,1.mp4,12.90,4,3,3,0,1,100.00%,75.00%,Sepi,Sepi,Benar,56.13
S6_QVGA,1.mp4,13.00,4,3,3,0,1,100.00%,75.00%,Sepi,Sepi,Benar,53.09
S6_QVGA,1.mp4,13.10,4,3,3,0,1,100.00%,75.00%,Sepi,Sepi,Benar,56.51
S6_QVGA,1.mp4,13.20,4,3,3,0,1,100.00%,75.00%,Sepi,Sepi,Benar,54.36
S6_QVGA,1.mp4,13.30,4,3,3,0,1,100.00%,75.00%,Sepi,Sepi,Benar,53.09
S6_QVGA,1.mp4,13.40,4,3,3,0,1,100.00%,75.00%,Sepi,Sepi,Benar,54.60
S6_QVGA,1.mp4,13.50,4,3,3,0,1,100.00%,75.00%,Sepi,Sepi,Benar,53.41
S6_QVGA,1.mp4,13.60,4,3,3,0,1,100.00%,75.00%,Sepi,Sepi,Benar,52.31
S6_QVGA,1.mp4,13.70,4,3,3,0,1,100.00%,75.00%,Sepi,Sepi,Benar,51.72
S6_QVGA,1.mp4,13.80,4,3,3,0,1,100.00%,75.00%,Sepi,Sepi,Benar,52.05
S6_QVGA,1.mp4,13.90,4,3,3,0,1,100.00%,75.00%,Sepi,Sepi,Benar,53.58
S6_QVGA,1.mp4,14.00,4,3,3,0,1,100.00%,75.00%,Sepi,Sepi,Benar,49.20
S6_QVGA,1.mp4,14.10,4,3,3,0,1,100.00%,75.00%,Sepi,Sepi,Benar,52.28
S6_QVGA,1.mp4,14.20,4,3,3,0,1,100.00%,75.00%,Sepi,Sepi,Benar,51.39
S6_QVGA,1.mp4,14.30,4,3,3,0,1,100.00%,75.00%,Sepi,Sepi,Benar,49.60
S6_QVGA,1.mp4,14.40,4,3,3,0,1,100.00%,75.00%,Sepi,Sepi,Benar,51.56
S6_QVGA,1.mp4,14.50,4,3,3,0,1,100.00%,75.00%,Sepi,Sepi,Benar,52.99
S6_QVGA,1.mp4,14.60,4,3,3,0,1,100.00%,75.00%,Sepi,Sepi,Benar,55.39
S6_QVGA,1.mp4,14.70,4,3,3,0,1,100.00%,75.00%,Sepi,Sepi,Benar,51.42
S6_QVGA,1.mp4,14.80,4,2,2,0,2,100.00%,50.00%,Sepi,Sepi,Benar,51.18
S6_QVGA,1.mp4,14.90,4,2,2,0,2,100.00%,50.00%,Sepi,Sepi,Benar,53.28
S6_QVGA,1.mp4,15.00,4,2,2,0,2,100.00%,50.00%,Sepi,Sepi,Benar,50.50
S6_QVGA,1.mp4,15.10,4,3,3,0,1,100.00%,75.00%,Sepi,Sepi,Benar,52.20
S6_QVGA,1.mp4,15.20,4,2,2,0,2,100.00%,50.00%,Sepi,Sepi,Benar,53.86
S6_QVGA,1.mp4,15.30,4,3,3,0,1,100.00%,75.00%,Sepi,Sepi,Benar,55.53
S6_QVGA,1.mp4,15.40,4,3,3,0,1,100.00%,75.00%,Sepi,Sepi,Benar,51.84
S6_QVGA,1.mp4,15.50,4,3,3,0,1,100.00%,75.00%,Sepi,Sepi,Benar,52.98
S6_QVGA,1.mp4,15.60,4,3,3,0,1,100.00%,75.00%,Sepi,Sepi,Benar,55.14
S6_QVGA,1.mp4,15.70,4,3,3,0,1,100.00%,75.00%,Sepi,Sepi,Benar,55.10
S6_QVGA,1.mp4,15.80,4,2,2,0,2,100.00%,50.00%,Sepi,Sepi,Benar,52.36
S6_QVGA,1.mp4,15.90,4,2,2,0,2,100.00%,50.00%,Sepi,Sepi,Benar,54.52
S6_QVGA,1.mp4,16.00,4,3,3,0,1,100.00%,75.00%,Sepi,Sepi,Benar,53.82
S6_QVGA,1.mp4,16.10,4,3,3,0,1,100.00%,75.00%,Sepi,Sepi,Benar,50.25
S6_QVGA,1.mp4,16.20,4,3,3,0,1,100.00%,75.00%,Sepi,Sepi,Benar,53.14
S6_QVGA,1.mp4,16.30,4,3,3,0,1,100.00%,75.00%,Sepi,Sepi,Benar,53.14
S6_QVGA,1.mp4,16.40,4,3,3,0,1,100.00%,75.00%,Sepi,Sepi,Benar,53.09
S6_QVGA,1.mp4,16.50,4,3,3,0,1,100.00%,75.00%,Sepi,Sepi,Benar,55.45
S6_QVGA,1.mp4,16.60,4,3,3,0,1,100.00%,75.00%,Sepi,Sepi,Benar,54.33
S6_QVGA,1.mp4,16.70,4,3,3,0,1,100.00%,75.00%,Sepi,Sepi,Benar,51.14
S6_QVGA,1.mp4,16.80,4,3,3,0,1,100.00%,75.00%,Sepi,Sepi,Benar,53.11
S6_QVGA,1.mp4,16.90,4,3,3,0,1,100.00%,75.00%,Sepi,Sepi,Benar,54.46
S6_QVGA,1.mp4,17.00,4,3,3,0,1,100.00%,75.00%,Sepi,Sepi,Benar,53.33
S6_QVGA,1.mp4,17.10,4,3,3,0,1,100.00%,75.00%,Sepi,Sepi,Benar,51.31
S6_QVGA,1.mp4,17.20,4,3,3,0,1,100.00%,75.00%,Sepi,Sepi,Benar,51.59
S6_QVGA,1.mp4,17.30,4,4,4,0,0,100.00%,100.00%,Sepi,Sepi,Benar,56.89
S6_QVGA,1.mp4,17.40,4,4,4,0,0,100.00%,100.00%,Sepi,Sepi,Benar,53.46
S6_QVGA,1.mp4,17.50,4,4,4,0,0,100.00%,100.00%,Sepi,Sepi,Benar,55.68
S6_QVGA,1.mp4,17.60,4,4,4,0,0,100.00%,100.00%,Sepi,Sepi,Benar,56.41
S6_QVGA,1.mp4,17.70,4,4,4,0,0,100.00%,100.00%,Sepi,Sepi,Benar,54.75
S6_QVGA,1.mp4,17.80,4,4,4,0,0,100.00%,100.00%,Sepi,Sepi,Benar,53.97
S6_QVGA,1.mp4,17.90,4,3,3,0,1,100.00%,75.00%,Sepi,Sepi,Benar,55.94
S6_QVGA,1.mp4,18.00,4,3,3,0,1,100.00%,75.00%,Sepi,Sepi,Benar,51.42
S6_QVGA,1.mp4,18.10,4,3,3,0,1,100.00%,75.00%,Sepi,Sepi,Benar,49.72
S6_QVGA,1.mp4,18.20,4,3,3,0,1,100.00%,75.00%,Sepi,Sepi,Benar,51.57
S6_QVGA,1.mp4,18.30,4,3,3,0,1,100.00%,75.00%,Sepi,Sepi,Benar,51.04
S6_QVGA,1.mp4,18.40,4,3,3,0,1,100.00%,75.00%,Sepi,Sepi,Benar,51.51
S6_QVGA,1.mp4,18.50,4,3,3,0,1,100.00%,75.00%,Sepi,Sepi,Benar,54.80
S6_QVGA,1.mp4,18.60,4,3,3,0,1,100.00%,75.00%,Sepi,Sepi,Benar,56.95
S6_QVGA,1.mp4,18.70,4,3,3,0,1,100.00%,75.00%,Sepi,Sepi,Benar,54.77
S6_QVGA,1.mp4,18.80,4,3,3,0,1,100.00%,75.00%,Sepi,Sepi,Benar,50.70
S6_QVGA,1.mp4,18.90,4,3,3,0,1,100.00%,75.00%,Sepi,Sepi,Benar,52.87
S6_QVGA,1.mp4,19.00,4,3,3,0,1,100.00%,75.00%,Sepi,Sepi,Benar,53.44
S6_QVGA,1.mp4,19.10,4,3,3,0,1,100.00%,75.00%,Sepi,Sepi,Benar,59.03
S6_QVGA,1.mp4,19.20,4,3,3,0,1,100.00%,75.00%,Sepi,Sepi,Benar,55.20
S6_QVGA,1.mp4,19.30,4,3,3,0,1,100.00%,75.00%,Sepi,Sepi,Benar,51.21
S6_QVGA,1.mp4,19.40,4,3,3,0,1,100.00%,75.00%,Sepi,Sepi,Benar,54.44
S6_QVGA,1.mp4,19.50,4,3,3,0,1,100.00%,75.00%,Sepi,Sepi,Benar,54.71
S6_QVGA,1.mp4,19.60,4,3,3,0,1,100.00%,75.00%,Sepi,Sepi,Benar,55.41
S6_QVGA,1.mp4,19.70,4,3,3,0,1,100.00%,75.00%,Sepi,Sepi,Benar,56.21
S6_QVGA,1.mp4,19.80,4,3,3,0,1,100.00%,75.00%,Sepi,Sepi,Benar,56.34
S6_QVGA,1.mp4,19.90,4,3,3,0,1,100.00%,75.00%,Sepi,Sepi,Benar,57.76
S6_QVGA,1.mp4,20.00,5,3,3,0,2,100.00%,60.00%,Sedang,Sepi,Salah,57.88
S6_QVGA,1.mp4,20.10,5,3,3,0,2,100.00%,60.00%,Sedang,Sepi,Salah,56.30
S6_QVGA,1.mp4,20.20,5,4,4,0,1,100.00%,80.00%,Sedang,Sepi,Salah,82.54
S6_QVGA,1.mp4,20.30,5,4,4,0,1,100.00%,80.00%,Sedang,Sepi,Salah,58.25
S6_QVGA,1.mp4,20.40,5,4,4,0,1,100.00%,80.00%,Sedang,Sepi,Salah,57.70
S6_QVGA,1.mp4,20.50,5,4,4,0,1,100.00%,80.00%,Sedang,Sepi,Salah,52.68
S6_QVGA,1.mp4,20.60,5,4,4,0,1,100.00%,80.00%,Sedang,Sepi,Salah,56.08
S6_QVGA,1.mp4,20.70,5,3,3,0,2,100.00%,60.00%,Sedang,Sepi,Salah,55.57
S6_QVGA,1.mp4,20.80,5,3,3,0,2,100.00%,60.00%,Sedang,Sepi,Salah,57.28
S6_QVGA,1.mp4,20.90,5,3,3,0,2,100.00%,60.00%,Sedang,Sepi,Salah,56.88
S6_QVGA,1.mp4,21.00,5,3,3,0,2,100.00%,60.00%,Sedang,Sepi,Salah,56.33
S6_QVGA,1.mp4,21.10,5,4,4,0,1,100.00%,80.00%,Sedang,Sepi,Salah,56.56
S6_QVGA,1.mp4,21.20,5,4,4,0,1,100.00%,80.00%,Sedang,Sepi,Salah,58.86
S6_QVGA,1.mp4,21.30,5,4,4,0,1,100.00%,80.00%,Sedang,Sepi,Salah,57.10
S6_QVGA,1.mp4,21.40,5,4,4,0,1,100.00%,80.00%,Sedang,Sepi,Salah,54.97
S6_QVGA,1.mp4,21.50,5,3,3,0,2,100.00%,60.00%,Sedang,Sepi,Salah,59.72
S6_QVGA,1.mp4,21.60,5,3,3,0,2,100.00%,60.00%,Sedang,Sepi,Salah,59.15
S6_QVGA,1.mp4,21.70,5,3,3,0,2,100.00%,60.00%,Sedang,Sepi,Salah,59.63
S6_QVGA,1.mp4,21.80,5,2,2,0,3,100.00%,40.00%,Sedang,Sepi,Salah,55.98
S6_QVGA,1.mp4,21.90,5,1,1,0,4,100.00%,20.00%,Sedang,Sepi,Salah,56.44
S6_QVGA,1.mp4,22.00,4,2,2,0,2,100.00%,50.00%,Sepi,Sepi,Benar,56.52
S6_QVGA,1.mp4,22.10,4,2,2,0,2,100.00%,50.00%,Sepi,Sepi,Benar,55.29
S6_QVGA,1.mp4,22.20,4,2,2,0,2,100.00%,50.00%,Sepi,Sepi,Benar,55.48
S6_QVGA,1.mp4,22.30,4,1,1,0,3,100.00%,25.00%,Sepi,Sepi,Benar,54.32
S6_QVGA,1.mp4,22.40,4,1,1,0,3,100.00%,25.00%,Sepi,Sepi,Benar,51.74
S6_QVGA,1.mp4,22.50,4,1,1,0,3,100.00%,25.00%,Sepi,Sepi,Benar,54.64
S6_QVGA,1.mp4,22.60,4,1,1,0,3,100.00%,25.00%,Sepi,Sepi,Benar,51.75
S6_QVGA,1.mp4,22.70,4,1,1,0,3,100.00%,25.00%,Sepi,Sepi,Benar,57.19
S6_QVGA,1.mp4,22.80,4,1,1,0,3,100.00%,25.00%,Sepi,Sepi,Benar,52.41
S6_QVGA,1.mp4,22.90,4,1,1,0,3,100.00%,25.00%,Sepi,Sepi,Benar,54.64
S6_QVGA,1.mp4,23.00,4,1,1,0,3,100.00%,25.00%,Sepi,Sepi,Benar,51.78
S6_QVGA,1.mp4,23.10,4,1,1,0,3,100.00%,25.00%,Sepi,Sepi,Benar,53.76
S6_QVGA,1.mp4,23.20,4,1,1,0,3,100.00%,25.00%,Sepi,Sepi,Benar,55.93
S6_QVGA,1.mp4,23.30,4,1,1,0,3,100.00%,25.00%,Sepi,Sepi,Benar,56.44
S6_QVGA,1.mp4,23.40,4,1,1,0,3,100.00%,25.00%,Sepi,Sepi,Benar,52.04
S6_QVGA,1.mp4,23.50,4,1,1,0,3,100.00%,25.00%,Sepi,Sepi,Benar,47.40
S6_QVGA,1.mp4,23.60,4,1,1,0,3,100.00%,25.00%,Sepi,Sepi,Benar,52.08
S6_QVGA,1.mp4,23.70,4,1,1,0,3,100.00%,25.00%,Sepi,Sepi,Benar,53.65
S6_QVGA,1.mp4,23.80,4,2,2,0,2,100.00%,50.00%,Sepi,Sepi,Benar,51.55
S6_QVGA,1.mp4,23.90,4,2,2,0,2,100.00%,50.00%,Sepi,Sepi,Benar,54.87
S6_QVGA,1.mp4,24.00,4,2,2,0,2,100.00%,50.00%,Sepi,Sepi,Benar,54.32
S6_QVGA,1.mp4,24.10,4,1,1,0,3,100.00%,25.00%,Sepi,Sepi,Benar,55.26
S6_QVGA,1.mp4,24.20,4,1,1,0,3,100.00%,25.00%,Sepi,Sepi,Benar,59.83
S6_QVGA,1.mp4,24.30,4,1,1,0,3,100.00%,25.00%,Sepi,Sepi,Benar,52.64
S6_QVGA,1.mp4,24.40,4,1,1,0,3,100.00%,25.00%,Sepi,Sepi,Benar,49.71
S6_QVGA,1.mp4,24.50,4,0,0,0,4,0.00%,0.00%,Sepi,Sepi,Benar,49.40
S6_QVGA,1.mp4,24.60,4,0,0,0,4,0.00%,0.00%,Sepi,Sepi,Benar,54.80
S6_QVGA,1.mp4,24.70,4,0,0,0,4,0.00%,0.00%,Sepi,Sepi,Benar,49.98
S6_QVGA,1.mp4,24.80,4,0,0,0,4,0.00%,0.00%,Sepi,Sepi,Benar,49.53
S6_QVGA,1.mp4,24.90,4,0,0,0,4,0.00%,0.00%,Sepi,Sepi,Benar,52.48
S6_QVGA,1.mp4,25.00,4,0,0,0,4,0.00%,0.00%,Sepi,Sepi,Benar,49.44
S6_QVGA,1.mp4,25.10,4,0,0,0,4,0.00%,0.00%,Sepi,Sepi,Benar,57.07
S6_QVGA,1.mp4,25.20,4,0,0,0,4,0.00%,0.00%,Sepi,Sepi,Benar,56.99
S6_QVGA,1.mp4,25.30,4,0,0,0,4,0.00%,0.00%,Sepi,Sepi,Benar,48.88
S6_QVGA,1.mp4,25.40,4,1,1,0,3,100.00%,25.00%,Sepi,Sepi,Benar,105.82
S6_QVGA,1.mp4,25.50,4,1,1,0,3,100.00%,25.00%,Sepi,Sepi,Benar,45.53
S6_QVGA,1.mp4,25.60,4,2,2,0,2,100.00%,50.00%,Sepi,Sepi,Benar,44.80
S6_QVGA,1.mp4,25.70,4,2,2,0,2,100.00%,50.00%,Sepi,Sepi,Benar,39.08
S6_QVGA,1.mp4,25.80,4,2,2,0,2,100.00%,50.00%,Sepi,Sepi,Benar,42.54
S6_QVGA,1.mp4,25.90,4,2,2,0,2,100.00%,50.00%,Sepi,Sepi,Benar,38.68
S6_QVGA,1.mp4,26.00,4,2,2,0,2,100.00%,50.00%,Sepi,Sepi,Benar,38.81
S6_QVGA,1.mp4,26.10,4,2,2,0,2,100.00%,50.00%,Sepi,Sepi,Benar,38.73
S6_QVGA,1.mp4,26.20,4,2,2,0,2,100.00%,50.00%,Sepi,Sepi,Benar,39.53
S6_QVGA,1.mp4,26.30,4,2,2,0,2,100.00%,50.00%,Sepi,Sepi,Benar,39.72
S6_QVGA,1.mp4,26.40,4,1,1,0,3,100.00%,25.00%,Sepi,Sepi,Benar,40.90
S6_QVGA,1.mp4,26.50,4,1,1,0,3,100.00%,25.00%,Sepi,Sepi,Benar,40.27
S6_QVGA,1.mp4,26.60,4,1,1,0,3,100.00%,25.00%,Sepi,Sepi,Benar,40.89
S6_QVGA,1.mp4,26.70,4,1,1,0,3,100.00%,25.00%,Sepi,Sepi,Benar,38.32
S6_QVGA,1.mp4,26.80,4,2,2,0,2,100.00%,50.00%,Sepi,Sepi,Benar,53.94
S6_QVGA,1.mp4,26.90,4,2,2,0,2,100.00%,50.00%,Sepi,Sepi,Benar,53.80
S6_QVGA,1.mp4,27.00,4,2,2,0,2,100.00%,50.00%,Sepi,Sepi,Benar,50.65
S6_QVGA,1.mp4,27.10,4,2,2,0,2,100.00%,50.00%,Sepi,Sepi,Benar,56.88
S6_QVGA,1.mp4,27.20,4,2,2,0,2,100.00%,50.00%,Sepi,Sepi,Benar,56.08
S6_QVGA,1.mp4,27.30,4,2,2,0,2,100.00%,50.00%,Sepi,Sepi,Benar,56.00
S6_QVGA,1.mp4,27.40,4,2,2,0,2,100.00%,50.00%,Sepi,Sepi,Benar,65.82
S6_QVGA,1.mp4,27.50,4,2,2,0,2,100.00%,50.00%,Sepi,Sepi,Benar,53.66
S6_QVGA,1.mp4,27.60,4,2,2,0,2,100.00%,50.00%,Sepi,Sepi,Benar,50.23
S6_QVGA,1.mp4,27.70,4,2,2,0,2,100.00%,50.00%,Sepi,Sepi,Benar,50.51
S6_QVGA,1.mp4,27.80,4,1,1,0,3,100.00%,25.00%,Sepi,Sepi,Benar,47.62
S6_QVGA,1.mp4,27.90,4,1,1,0,3,100.00%,25.00%,Sepi,Sepi,Benar,50.00
S6_QVGA,1.mp4,28.00,4,0,0,0,4,0.00%,0.00%,Sepi,Sepi,Benar,50.43
S6_QVGA,1.mp4,28.10,4,0,0,0,4,0.00%,0.00%,Sepi,Sepi,Benar,49.60
S6_QVGA,1.mp4,28.20,4,0,0,0,4,0.00%,0.00%,Sepi,Sepi,Benar,49.38
S6_QVGA,1.mp4,28.30,4,0,0,0,4,0.00%,0.00%,Sepi,Sepi,Benar,53.26
S6_QVGA,1.mp4,28.40,4,1,1,0,3,100.00%,25.00%,Sepi,Sepi,Benar,53.79
S6_QVGA,1.mp4,28.50,4,1,1,0,3,100.00%,25.00%,Sepi,Sepi,Benar,53.51
S6_QVGA,1.mp4,28.60,4,1,1,0,3,100.00%,25.00%,Sepi,Sepi,Benar,54.06
S6_QVGA,1.mp4,28.70,4,1,1,0,3,100.00%,25.00%,Sepi,Sepi,Benar,48.21
S6_QVGA,1.mp4,28.80,4,0,0,0,4,0.00%,0.00%,Sepi,Sepi,Benar,54.24
S6_QVGA,1.mp4,28.90,4,0,0,0,4,0.00%,0.00%,Sepi,Sepi,Benar,50.06
S6_QVGA,1.mp4,29.00,4,0,0,0,4,0.00%,0.00%,Sepi,Sepi,Benar,51.54
S6_QVGA,1.mp4,29.10,4,0,0,0,4,0.00%,0.00%,Sepi,Sepi,Benar,52.04
S6_QVGA,1.mp4,29.20,4,0,0,0,4,0.00%,0.00%,Sepi,Sepi,Benar,50.35
S6_QVGA,1.mp4,29.30,4,0,0,0,4,0.00%,0.00%,Sepi,Sepi,Benar,51.23
S6_QVGA,1.mp4,29.40,4,0,0,0,4,0.00%,0.00%,Sepi,Sepi,Benar,50.64
S6_QVGA,1.mp4,29.50,4,0,0,0,4,0.00%,0.00%,Sepi,Sepi,Benar,49.89
S6_QVGA,1.mp4,29.60,4,0,0,0,4,0.00%,0.00%,Sepi,Sepi,Benar,49.55
S6_QVGA,1.mp4,29.70,4,0,0,0,4,0.00%,0.00%,Sepi,Sepi,Benar,50.72
S6_QVGA,1.mp4,29.80,4,0,0,0,4,0.00%,0.00%,Sepi,Sepi,Benar,48.85
S6_QVGA,1.mp4,29.90,4,0,0,0,4,0.00%,0.00%,Sepi,Sepi,Benar,50.77
S6_QVGA,1.mp4,30.00,4,0,0,0,4,0.00%,0.00%,Sepi,Sepi,Benar,47.81
S6_QVGA,1.mp4,30.10,4,0,0,0,4,0.00%,0.00%,Sepi,Sepi,Benar,49.05
S6_QVGA,1.mp4,30.20,4,0,0,0,4,0.00%,0.00%,Sepi,Sepi,Benar,56.06
S6_QVGA,1.mp4,30.30,4,0,0,0,4,0.00%,0.00%,Sepi,Sepi,Benar,49.93
S6_QVGA,1.mp4,30.40,4,0,0,0,4,0.00%,0.00%,Sepi,Sepi,Benar,51.38
S6_QVGA,1.mp4,30.50,4,0,0,0,4,0.00%,0.00%,Sepi,Sepi,Benar,49.89
S6_QVGA,1.mp4,30.60,4,0,0,0,4,0.00%,0.00%,Sepi,Sepi,Benar,50.52
S6_QVGA,1.mp4,30.70,4,0,0,0,4,0.00%,0.00%,Sepi,Sepi,Benar,52.77
S6_QVGA,1.mp4,30.80,4,1,1,0,3,100.00%,25.00%,Sepi,Sepi,Benar,54.97
S6_QVGA,1.mp4,30.90,4,1,1,0,3,100.00%,25.00%,Sepi,Sepi,Benar,54.76
S6_QVGA,1.mp4,31.00,4,1,1,0,3,100.00%,25.00%,Sepi,Sepi,Benar,52.54
S6_QVGA,1.mp4,31.10,4,1,1,0,3,100.00%,25.00%,Sepi,Sepi,Benar,51.92
S6_QVGA,1.mp4,31.20,4,2,2,0,2,100.00%,50.00%,Sepi,Sepi,Benar,55.01
S6_QVGA,1.mp4,31.30,4,2,2,0,2,100.00%,50.00%,Sepi,Sepi,Benar,52.85
S6_QVGA,1.mp4,31.40,4,1,1,0,3,100.00%,25.00%,Sepi,Sepi,Benar,54.77
S6_QVGA,1.mp4,31.50,4,1,1,0,3,100.00%,25.00%,Sepi,Sepi,Benar,54.92
S6_QVGA,1.mp4,31.60,4,1,1,0,3,100.00%,25.00%,Sepi,Sepi,Benar,53.73
S6_QVGA,1.mp4,31.70,4,2,2,0,2,100.00%,50.00%,Sepi,Sepi,Benar,58.15
S6_QVGA,1.mp4,31.80,4,2,2,0,2,100.00%,50.00%,Sepi,Sepi,Benar,56.04
S6_QVGA,1.mp4,31.90,4,2,2,0,2,100.00%,50.00%,Sepi,Sepi,Benar,63.74
S6_QVGA,1.mp4,32.00,3,1,1,0,2,100.00%,33.33%,Sepi,Sepi,Benar,54.60
S6_QVGA,1.mp4,32.10,3,1,1,0,2,100.00%,33.33%,Sepi,Sepi,Benar,53.61
S6_QVGA,1.mp4,32.20,3,1,1,0,2,100.00%,33.33%,Sepi,Sepi,Benar,52.70
S6_QVGA,1.mp4,32.30,3,1,1,0,2,100.00%,33.33%,Sepi,Sepi,Benar,52.69
S6_QVGA,1.mp4,32.40,3,1,1,0,2,100.00%,33.33%,Sepi,Sepi,Benar,51.49
S6_QVGA,1.mp4,32.50,3,1,1,0,2,100.00%,33.33%,Sepi,Sepi,Benar,52.12
S6_QVGA,1.mp4,32.60,3,1,1,0,2,100.00%,33.33%,Sepi,Sepi,Benar,50.41
S6_QVGA,1.mp4,32.70,3,1,1,0,2,100.00%,33.33%,Sepi,Sepi,Benar,50.47
S6_QVGA,1.mp4,32.80,3,1,1,0,2,100.00%,33.33%,Sepi,Sepi,Benar,53.91
S6_QVGA,1.mp4,32.90,3,1,1,0,2,100.00%,33.33%,Sepi,Sepi,Benar,53.13
S6_QVGA,1.mp4,33.00,3,1,1,0,2,100.00%,33.33%,Sepi,Sepi,Benar,53.64
S6_QVGA,1.mp4,33.10,3,1,1,0,2,100.00%,33.33%,Sepi,Sepi,Benar,49.05
S6_QVGA,1.mp4,33.20,3,1,1,0,2,100.00%,33.33%,Sepi,Sepi,Benar,51.10
S6_QVGA,1.mp4,33.30,3,1,1,0,2,100.00%,33.33%,Sepi,Sepi,Benar,50.85
S6_QVGA,1.mp4,33.40,3,1,1,0,2,100.00%,33.33%,Sepi,Sepi,Benar,51.82
S6_QVGA,1.mp4,33.50,3,1,1,0,2,100.00%,33.33%,Sepi,Sepi,Benar,52.69
S6_QVGA,1.mp4,33.60,3,1,1,0,2,100.00%,33.33%,Sepi,Sepi,Benar,54.39
S6_QVGA,1.mp4,33.70,3,1,1,0,2,100.00%,33.33%,Sepi,Sepi,Benar,49.27
S6_QVGA,1.mp4,33.80,3,1,1,0,2,100.00%,33.33%,Sepi,Sepi,Benar,50.18
S6_QVGA,1.mp4,33.90,3,2,2,0,1,100.00%,66.67%,Sepi,Sepi,Benar,51.52
S6_QVGA,1.mp4,34.00,3,2,2,0,1,100.00%,66.67%,Sepi,Sepi,Benar,50.32
S6_QVGA,1.mp4,34.10,3,2,2,0,1,100.00%,66.67%,Sepi,Sepi,Benar,50.75
S6_QVGA,1.mp4,34.20,3,1,1,0,2,100.00%,33.33%,Sepi,Sepi,Benar,50.67
S6_QVGA,1.mp4,34.30,3,1,1,0,2,100.00%,33.33%,Sepi,Sepi,Benar,52.24
S6_QVGA,1.mp4,34.40,3,1,1,0,2,100.00%,33.33%,Sepi,Sepi,Benar,53.61
S6_QVGA,1.mp4,34.50,3,1,1,0,2,100.00%,33.33%,Sepi,Sepi,Benar,50.18
S6_QVGA,1.mp4,34.60,3,1,1,0,2,100.00%,33.33%,Sepi,Sepi,Benar,57.07
S6_QVGA,1.mp4,34.70,3,1,1,0,2,100.00%,33.33%,Sepi,Sepi,Benar,57.77
S6_QVGA,1.mp4,34.80,3,1,1,0,2,100.00%,33.33%,Sepi,Sepi,Benar,56.12
S6_QVGA,1.mp4,34.90,3,1,1,0,2,100.00%,33.33%,Sepi,Sepi,Benar,56.16
S6_QVGA,1.mp4,35.00,3,1,1,0,2,100.00%,33.33%,Sepi,Sepi,Benar,50.75
S6_QVGA,1.mp4,35.10,3,1,1,0,2,100.00%,33.33%,Sepi,Sepi,Benar,53.98
S6_QVGA,1.mp4,35.20,3,1,1,0,2,100.00%,33.33%,Sepi,Sepi,Benar,52.92
S6_QVGA,1.mp4,35.30,3,1,1,0,2,100.00%,33.33%,Sepi,Sepi,Benar,51.14
S6_QVGA,1.mp4,35.40,3,1,1,0,2,100.00%,33.33%,Sepi,Sepi,Benar,49.66
S6_QVGA,1.mp4,35.50,3,1,1,0,2,100.00%,33.33%,Sepi,Sepi,Benar,50.80
S6_QVGA,1.mp4,35.60,3,1,1,0,2,100.00%,33.33%,Sepi,Sepi,Benar,50.37
S6_QVGA,1.mp4,35.70,3,1,1,0,2,100.00%,33.33%,Sepi,Sepi,Benar,51.19
S6_QVGA,1.mp4,35.80,3,1,1,0,2,100.00%,33.33%,Sepi,Sepi,Benar,52.23
S6_QVGA,1.mp4,35.90,3,1,1,0,2,100.00%,33.33%,Sepi,Sepi,Benar,53.30
S6_QVGA,1.mp4,36.00,3,1,1,0,2,100.00%,33.33%,Sepi,Sepi,Benar,49.57
S6_QVGA,1.mp4,36.10,3,1,1,0,2,100.00%,33.33%,Sepi,Sepi,Benar,49.68
S6_QVGA,1.mp4,36.20,3,1,1,0,2,100.00%,33.33%,Sepi,Sepi,Benar,50.59
S6_QVGA,1.mp4,36.30,3,1,1,0,2,100.00%,33.33%,Sepi,Sepi,Benar,52.30
S6_QVGA,1.mp4,36.40,3,1,1,0,2,100.00%,33.33%,Sepi,Sepi,Benar,52.76
S6_QVGA,1.mp4,36.50,3,1,1,0,2,100.00%,33.33%,Sepi,Sepi,Benar,50.26
S6_QVGA,1.mp4,36.60,3,1,1,0,2,100.00%,33.33%,Sepi,Sepi,Benar,53.34
S6_QVGA,1.mp4,36.70,3,1,1,0,2,100.00%,33.33%,Sepi,Sepi,Benar,53.46
S6_QVGA,1.mp4,36.80,3,1,1,0,2,100.00%,33.33%,Sepi,Sepi,Benar,52.00
S6_QVGA,1.mp4,36.90,3,1,1,0,2,100.00%,33.33%,Sepi,Sepi,Benar,53.03
S6_QVGA,1.mp4,37.00,3,1,1,0,2,100.00%,33.33%,Sepi,Sepi,Benar,53.24
S6_QVGA,1.mp4,37.10,3,1,1,0,2,100.00%,33.33%,Sepi,Sepi,Benar,52.30
S6_QVGA,1.mp4,37.20,3,1,1,0,2,100.00%,33.33%,Sepi,Sepi,Benar,51.67
S6_QVGA,1.mp4,37.30,3,1,1,0,2,100.00%,33.33%,Sepi,Sepi,Benar,58.49
S6_QVGA,1.mp4,37.40,3,1,1,0,2,100.00%,33.33%,Sepi,Sepi,Benar,50.06
S6_QVGA,1.mp4,37.50,3,1,1,0,2,100.00%,33.33%,Sepi,Sepi,Benar,50.37
S6_QVGA,1.mp4,37.60,3,1,1,0,2,100.00%,33.33%,Sepi,Sepi,Benar,50.14
S6_QVGA,1.mp4,37.70,3,1,1,0,2,100.00%,33.33%,Sepi,Sepi,Benar,52.55
S6_QVGA,1.mp4,37.80,3,1,1,0,2,100.00%,33.33%,Sepi,Sepi,Benar,52.69
S6_QVGA,1.mp4,37.90,3,1,1,0,2,100.00%,33.33%,Sepi,Sepi,Benar,54.65
S6_QVGA,1.mp4,38.00,3,1,1,0,2,100.00%,33.33%,Sepi,Sepi,Benar,52.58
S6_QVGA,1.mp4,38.10,3,1,1,0,2,100.00%,33.33%,Sepi,Sepi,Benar,53.05
S6_QVGA,1.mp4,38.20,3,1,1,0,2,100.00%,33.33%,Sepi,Sepi,Benar,54.03
S6_QVGA,1.mp4,38.30,3,1,1,0,2,100.00%,33.33%,Sepi,Sepi,Benar,50.05
S6_QVGA,1.mp4,38.40,3,1,1,0,2,100.00%,33.33%,Sepi,Sepi,Benar,52.71
S6_QVGA,1.mp4,38.50,3,1,1,0,2,100.00%,33.33%,Sepi,Sepi,Benar,54.62
S6_QVGA,1.mp4,38.60,3,1,1,0,2,100.00%,33.33%,Sepi,Sepi,Benar,53.40
S6_QVGA,1.mp4,38.70,3,1,1,0,2,100.00%,33.33%,Sepi,Sepi,Benar,52.58
S6_QVGA,1.mp4,38.80,3,1,1,0,2,100.00%,33.33%,Sepi,Sepi,Benar,53.76
S6_QVGA,1.mp4,38.90,3,1,1,0,2,100.00%,33.33%,Sepi,Sepi,Benar,54.76
S6_QVGA,1.mp4,39.00,3,1,1,0,2,100.00%,33.33%,Sepi,Sepi,Benar,54.35
S6_QVGA,1.mp4,39.10,3,2,2,0,1,100.00%,66.67%,Sepi,Sepi,Benar,53.69
S6_QVGA,1.mp4,39.20,3,2,2,0,1,100.00%,66.67%,Sepi,Sepi,Benar,54.42
S6_QVGA,1.mp4,39.30,3,1,1,0,2,100.00%,33.33%,Sepi,Sepi,Benar,55.17
S6_QVGA,1.mp4,39.40,3,1,1,0,2,100.00%,33.33%,Sepi,Sepi,Benar,54.58
S6_QVGA,1.mp4,39.50,3,1,1,0,2,100.00%,33.33%,Sepi,Sepi,Benar,51.66
S6_QVGA,1.mp4,39.60,3,1,1,0,2,100.00%,33.33%,Sepi,Sepi,Benar,52.83
S6_QVGA,1.mp4,39.70,3,1,1,0,2,100.00%,33.33%,Sepi,Sepi,Benar,54.98
S6_QVGA,1.mp4,39.80,3,1,1,0,2,100.00%,33.33%,Sepi,Sepi,Benar,50.44
S6_QVGA,1.mp4,39.90,3,1,1,0,2,100.00%,33.33%,Sepi,Sepi,Benar,54.31
S6_QVGA,1.mp4,40.00,3,1,1,0,2,100.00%,33.33%,Sepi,Sepi,Benar,50.83
S6_QVGA,1.mp4,40.10,3,1,1,0,2,100.00%,33.33%,Sepi,Sepi,Benar,48.52
S6_QVGA,1.mp4,40.20,3,1,1,0,2,100.00%,33.33%,Sepi,Sepi,Benar,47.50
S6_QVGA,1.mp4,40.30,3,0,0,0,3,0.00%,0.00%,Sepi,Sepi,Benar,46.39
S6_QVGA,1.mp4,40.40,3,0,0,0,3,0.00%,0.00%,Sepi,Sepi,Benar,47.28
S6_QVGA,1.mp4,40.50,3,0,0,0,3,0.00%,0.00%,Sepi,Sepi,Benar,49.60
S6_QVGA,1.mp4,40.60,3,0,0,0,3,0.00%,0.00%,Sepi,Sepi,Benar,46.76
S6_QVGA,1.mp4,40.70,3,0,0,0,3,0.00%,0.00%,Sepi,Sepi,Benar,47.13
S6_QVGA,1.mp4,40.80,3,0,0,0,3,0.00%,0.00%,Sepi,Sepi,Benar,49.04
S6_QVGA,1.mp4,40.90,3,0,0,0,3,0.00%,0.00%,Sepi,Sepi,Benar,48.74
S6_QVGA,1.mp4,41.00,3,0,0,0,3,0.00%,0.00%,Sepi,Sepi,Benar,47.43
S6_QVGA,1.mp4,41.10,3,0,0,0,3,0.00%,0.00%,Sepi,Sepi,Benar,52.13
S6_QVGA,1.mp4,41.20,3,0,0,0,3,0.00%,0.00%,Sepi,Sepi,Benar,51.40
S6_QVGA,1.mp4,41.30,3,0,0,0,3,0.00%,0.00%,Sepi,Sepi,Benar,48.90
S6_QVGA,1.mp4,41.40,3,0,0,0,3,0.00%,0.00%,Sepi,Sepi,Benar,48.54
S6_QVGA,1.mp4,41.50,3,0,0,0,3,0.00%,0.00%,Sepi,Sepi,Benar,47.00
S6_QVGA,1.mp4,41.60,3,0,0,0,3,0.00%,0.00%,Sepi,Sepi,Benar,47.21
S6_QVGA,1.mp4,41.70,3,0,0,0,3,0.00%,0.00%,Sepi,Sepi,Benar,47.06
S6_QVGA,1.mp4,41.80,3,0,0,0,3,0.00%,0.00%,Sepi,Sepi,Benar,47.57
S6_QVGA,1.mp4,41.90,3,0,0,0,3,0.00%,0.00%,Sepi,Sepi,Benar,47.28
S6_QVGA,1.mp4,42.00,3,0,0,0,3,0.00%,0.00%,Sepi,Sepi,Benar,46.69
S6_QVGA,1.mp4,42.10,3,0,0,0,3,0.00%,0.00%,Sepi,Sepi,Benar,46.32
S6_QVGA,1.mp4,42.20,3,0,0,0,3,0.00%,0.00%,Sepi,Sepi,Benar,46.79
S6_QVGA,1.mp4,42.30,3,0,0,0,3,0.00%,0.00%,Sepi,Sepi,Benar,45.74
S6_QVGA,1.mp4,42.40,3,0,0,0,3,0.00%,0.00%,Sepi,Sepi,Benar,47.70
S6_QVGA,1.mp4,42.50,3,0,0,0,3,0.00%,0.00%,Sepi,Sepi,Benar,49.57
S6_QVGA,1.mp4,42.60,3,0,0,0,3,0.00%,0.00%,Sepi,Sepi,Benar,50.28
S6_QVGA,1.mp4,42.70,3,0,0,0,3,0.00%,0.00%,Sepi,Sepi,Benar,49.52
S6_QVGA,1.mp4,42.80,3,0,0,0,3,0.00%,0.00%,Sepi,Sepi,Benar,48.53
S6_QVGA,1.mp4,42.90,3,0,0,0,3,0.00%,0.00%,Sepi,Sepi,Benar,52.87
S6_QVGA,1.mp4,43.00,3,1,1,0,2,100.00%,33.33%,Sepi,Sepi,Benar,51.34
S6_QVGA,1.mp4,43.10,3,1,1,0,2,100.00%,33.33%,Sepi,Sepi,Benar,48.00
S6_QVGA,1.mp4,43.20,3,1,1,0,2,100.00%,33.33%,Sepi,Sepi,Benar,51.15
S6_QVGA,1.mp4,43.30,3,1,1,0,2,100.00%,33.33%,Sepi,Sepi,Benar,46.52
S6_QVGA,1.mp4,43.40,3,1,1,0,2,100.00%,33.33%,Sepi,Sepi,Benar,47.85
S6_QVGA,1.mp4,43.50,3,0,0,0,3,0.00%,0.00%,Sepi,Sepi,Benar,50.22
S6_QVGA,1.mp4,43.60,3,0,0,0,3,0.00%,0.00%,Sepi,Sepi,Benar,50.05
S6_QVGA,1.mp4,43.70,3,0,0,0,3,0.00%,0.00%,Sepi,Sepi,Benar,49.10
S6_QVGA,1.mp4,43.80,3,0,0,0,3,0.00%,0.00%,Sepi,Sepi,Benar,52.55
S6_QVGA,1.mp4,43.90,3,0,0,0,3,0.00%,0.00%,Sepi,Sepi,Benar,49.39
S6_QVGA,1.mp4,44.00,3,0,0,0,3,0.00%,0.00%,Sepi,Sepi,Benar,48.39
S6_QVGA,1.mp4,44.10,3,0,0,0,3,0.00%,0.00%,Sepi,Sepi,Benar,47.73
S6_QVGA,1.mp4,44.20,3,0,0,0,3,0.00%,0.00%,Sepi,Sepi,Benar,48.51
S6_QVGA,1.mp4,44.30,3,0,0,0,3,0.00%,0.00%,Sepi,Sepi,Benar,47.22
S6_QVGA,1.mp4,44.40,3,0,0,0,3,0.00%,0.00%,Sepi,Sepi,Benar,48.74
S6_QVGA,1.mp4,44.50,3,0,0,0,3,0.00%,0.00%,Sepi,Sepi,Benar,46.17
S6_QVGA,1.mp4,44.60,3,0,0,0,3,0.00%,0.00%,Sepi,Sepi,Benar,47.09
S6_QVGA,1.mp4,44.70,3,0,0,0,3,0.00%,0.00%,Sepi,Sepi,Benar,47.89
S6_QVGA,1.mp4,44.80,3,0,0,0,3,0.00%,0.00%,Sepi,Sepi,Benar,53.79
S6_QVGA,1.mp4,44.90,3,0,0,0,3,0.00%,0.00%,Sepi,Sepi,Benar,48.84
S6_QVGA,1.mp4,45.00,3,0,0,0,3,0.00%,0.00%,Sepi,Sepi,Benar,49.63
S6_QVGA,1.mp4,45.10,3,0,0,0,3,0.00%,0.00%,Sepi,Sepi,Benar,50.40
S6_QVGA,1.mp4,45.20,3,0,0,0,3,0.00%,0.00%,Sepi,Sepi,Benar,48.89
S6_QVGA,1.mp4,45.30,3,0,0,0,3,0.00%,0.00%,Sepi,Sepi,Benar,51.40
S6_QVGA,1.mp4,45.40,3,0,0,0,3,0.00%,0.00%,Sepi,Sepi,Benar,51.32
S6_QVGA,1.mp4,45.50,3,0,0,0,3,0.00%,0.00%,Sepi,Sepi,Benar,46.78
S6_QVGA,1.mp4,45.60,3,0,0,0,3,0.00%,0.00%,Sepi,Sepi,Benar,49.30
S6_QVGA,1.mp4,45.70,3,0,0,0,3,0.00%,0.00%,Sepi,Sepi,Benar,50.17
S6_QVGA,1.mp4,45.80,3,0,0,0,3,0.00%,0.00%,Sepi,Sepi,Benar,47.43
S6_QVGA,1.mp4,45.90,3,0,0,0,3,0.00%,0.00%,Sepi,Sepi,Benar,50.45
S6_QVGA,1.mp4,46.00,3,0,0,0,3,0.00%,0.00%,Sepi,Sepi,Benar,48.62
S6_QVGA,1.mp4,46.10,3,0,0,0,3,0.00%,0.00%,Sepi,Sepi,Benar,46.14
S6_QVGA,1.mp4,46.20,3,0,0,0,3,0.00%,0.00%,Sepi,Sepi,Benar,46.81
S6_QVGA,1.mp4,46.30,3,0,0,0,3,0.00%,0.00%,Sepi,Sepi,Benar,48.42
S6_QVGA,1.mp4,46.40,3,0,0,0,3,0.00%,0.00%,Sepi,Sepi,Benar,49.79
S6_QVGA,1.mp4,46.50,3,0,0,0,3,0.00%,0.00%,Sepi,Sepi,Benar,50.56
S6_QVGA,1.mp4,46.60,3,0,0,0,3,0.00%,0.00%,Sepi,Sepi,Benar,47.03
S6_QVGA,1.mp4,46.70,3,0,0,0,3,0.00%,0.00%,Sepi,Sepi,Benar,51.52
S6_QVGA,1.mp4,46.80,3,1,1,0,2,100.00%,33.33%,Sepi,Sepi,Benar,51.76
S6_QVGA,1.mp4,46.90,3,1,1,0,2,100.00%,33.33%,Sepi,Sepi,Benar,52.53
S6_QVGA,1.mp4,47.00,3,1,1,0,2,100.00%,33.33%,Sepi,Sepi,Benar,46.20
S6_QVGA,1.mp4,47.10,3,0,0,0,3,0.00%,0.00%,Sepi,Sepi,Benar,47.43
S6_QVGA,1.mp4,47.20,3,0,0,0,3,0.00%,0.00%,Sepi,Sepi,Benar,49.52
S6_QVGA,1.mp4,47.30,3,0,0,0,3,0.00%,0.00%,Sepi,Sepi,Benar,48.83
S6_QVGA,1.mp4,47.40,3,0,0,0,3,0.00%,0.00%,Sepi,Sepi,Benar,48.51
S6_QVGA,1.mp4,47.50,3,0,0,0,3,0.00%,0.00%,Sepi,Sepi,Benar,47.91
S6_QVGA,1.mp4,47.60,3,0,0,0,3,0.00%,0.00%,Sepi,Sepi,Benar,47.33
S6_QVGA,1.mp4,47.70,3,0,0,0,3,0.00%,0.00%,Sepi,Sepi,Benar,49.18
S6_QVGA,1.mp4,47.80,3,0,0,0,3,0.00%,0.00%,Sepi,Sepi,Benar,48.72
S6_QVGA,1.mp4,47.90,3,0,0,0,3,0.00%,0.00%,Sepi,Sepi,Benar,50.51
S6_QVGA,1.mp4,48.00,3,0,0,0,3,0.00%,0.00%,Sepi,Sepi,Benar,47.65
S6_QVGA,1.mp4,48.10,3,0,0,0,3,0.00%,0.00%,Sepi,Sepi,Benar,50.49
S6_QVGA,1.mp4,48.20,3,0,0,0,3,0.00%,0.00%,Sepi,Sepi,Benar,50.71
S6_QVGA,1.mp4,48.30,3,0,0,0,3,0.00%,0.00%,Sepi,Sepi,Benar,46.01
S6_QVGA,1.mp4,48.40,3,0,0,0,3,0.00%,0.00%,Sepi,Sepi,Benar,45.92
S6_QVGA,1.mp4,48.50,3,0,0,0,3,0.00%,0.00%,Sepi,Sepi,Benar,45.47
S6_QVGA,1.mp4,48.60,3,0,0,0,3,0.00%,0.00%,Sepi,Sepi,Benar,48.92
S6_QVGA,1.mp4,48.70,3,0,0,0,3,0.00%,0.00%,Sepi,Sepi,Benar,50.50
S6_QVGA,1.mp4,48.80,3,0,0,0,3,0.00%,0.00%,Sepi,Sepi,Benar,47.20
S6_QVGA,1.mp4,48.90,3,0,0,0,3,0.00%,0.00%,Sepi,Sepi,Benar,49.33
S6_QVGA,1.mp4,49.00,3,0,0,0,3,0.00%,0.00%,Sepi,Sepi,Benar,47.33
S6_QVGA,1.mp4,49.10,3,0,0,0,3,0.00%,0.00%,Sepi,Sepi,Benar,44.61
S6_QVGA,1.mp4,49.20,3,0,0,0,3,0.00%,0.00%,Sepi,Sepi,Benar,45.81
S6_QVGA,1.mp4,49.30,3,0,0,0,3,0.00%,0.00%,Sepi,Sepi,Benar,46.98
S6_QVGA,1.mp4,49.40,3,0,0,0,3,0.00%,0.00%,Sepi,Sepi,Benar,47.23
S6_QVGA,1.mp4,49.50,3,0,0,0,3,0.00%,0.00%,Sepi,Sepi,Benar,49.72
S6_QVGA,1.mp4,49.60,3,0,0,0,3,0.00%,0.00%,Sepi,Sepi,Benar,51.13
S6_QVGA,1.mp4,49.70,3,0,0,0,3,0.00%,0.00%,Sepi,Sepi,Benar,46.51
S6_QVGA,1.mp4,49.80,3,0,0,0,3,0.00%,0.00%,Sepi,Sepi,Benar,50.75
S6_QVGA,1.mp4,49.90,3,0,0,0,3,0.00%,0.00%,Sepi,Sepi,Benar,48.88
S6_QVGA,1.mp4,50.00,3,0,0,0,3,0.00%,0.00%,Sepi,Sepi,Benar,46.06
S6_QVGA,1.mp4,50.10,3,0,0,0,3,0.00%,0.00%,Sepi,Sepi,Benar,49.59
S6_QVGA,1.mp4,50.20,3,0,0,0,3,0.00%,0.00%,Sepi,Sepi,Benar,51.07
S6_QVGA,1.mp4,50.30,3,0,0,0,3,0.00%,0.00%,Sepi,Sepi,Benar,45.39
S6_QVGA,1.mp4,50.40,3,0,0,0,3,0.00%,0.00%,Sepi,Sepi,Benar,47.60
S6_QVGA,1.mp4,50.50,3,0,0,0,3,0.00%,0.00%,Sepi,Sepi,Benar,47.42
S6_QVGA,1.mp4,50.60,3,0,0,0,3,0.00%,0.00%,Sepi,Sepi,Benar,48.83
S6_QVGA,1.mp4,50.70,3,0,0,0,3,0.00%,0.00%,Sepi,Sepi,Benar,47.93
S6_QVGA,1.mp4,50.80,3,0,0,0,3,0.00%,0.00%,Sepi,Sepi,Benar,48.27
S6_QVGA,1.mp4,50.90,3,0,0,0,3,0.00%,0.00%,Sepi,Sepi,Benar,48.79
S6_QVGA,1.mp4,51.00,3,0,0,0,3,0.00%,0.00%,Sepi,Sepi,Benar,47.10
S6_QVGA,1.mp4,51.10,3,0,0,0,3,0.00%,0.00%,Sepi,Sepi,Benar,45.71
S6_QVGA,1.mp4,51.20,3,0,0,0,3,0.00%,0.00%,Sepi,Sepi,Benar,49.35
S6_QVGA,1.mp4,51.30,3,0,0,0,3,0.00%,0.00%,Sepi,Sepi,Benar,47.54
S6_QVGA,1.mp4,51.40,3,0,0,0,3,0.00%,0.00%,Sepi,Sepi,Benar,46.39
S6_QVGA,1.mp4,51.50,3,0,0,0,3,0.00%,0.00%,Sepi,Sepi,Benar,45.63
S6_QVGA,1.mp4,51.60,3,0,0,0,3,0.00%,0.00%,Sepi,Sepi,Benar,47.42
S6_QVGA,1.mp4,51.70,3,0,0,0,3,0.00%,0.00%,Sepi,Sepi,Benar,48.00
S6_QVGA,1.mp4,51.80,3,0,0,0,3,0.00%,0.00%,Sepi,Sepi,Benar,48.88
S6_QVGA,1.mp4,51.90,3,0,0,0,3,0.00%,0.00%,Sepi,Sepi,Benar,52.54
S6_QVGA,1.mp4,52.00,3,0,0,0,3,0.00%,0.00%,Sepi,Sepi,Benar,48.71
S6_QVGA,1.mp4,52.10,3,0,0,0,3,0.00%,0.00%,Sepi,Sepi,Benar,50.03
S6_QVGA,1.mp4,52.20,3,0,0,0,3,0.00%,0.00%,Sepi,Sepi,Benar,47.57
S6_QVGA,1.mp4,52.30,3,0,0,0,3,0.00%,0.00%,Sepi,Sepi,Benar,49.03
S6_QVGA,1.mp4,52.40,3,0,0,0,3,0.00%,0.00%,Sepi,Sepi,Benar,54.20
S6_QVGA,1.mp4,52.50,3,1,1,0,2,100.00%,33.33%,Sepi,Sepi,Benar,52.95
S6_QVGA,1.mp4,52.60,3,1,1,0,2,100.00%,33.33%,Sepi,Sepi,Benar,50.04
S6_QVGA,1.mp4,52.70,3,0,0,0,3,0.00%,0.00%,Sepi,Sepi,Benar,49.63
S6_QVGA,1.mp4,52.80,3,0,0,0,3,0.00%,0.00%,Sepi,Sepi,Benar,53.47
S6_QVGA,1.mp4,52.90,3,0,0,0,3,0.00%,0.00%,Sepi,Sepi,Benar,47.16
S6_QVGA,1.mp4,53.00,3,0,0,0,3,0.00%,0.00%,Sepi,Sepi,Benar,47.51
S6_QVGA,1.mp4,53.10,3,0,0,0,3,0.00%,0.00%,Sepi,Sepi,Benar,47.96
S6_QVGA,1.mp4,53.20,3,0,0,0,3,0.00%,0.00%,Sepi,Sepi,Benar,50.72
S6_QVGA,1.mp4,53.30,3,0,0,0,3,0.00%,0.00%,Sepi,Sepi,Benar,50.35
S6_QVGA,1.mp4,53.40,3,0,0,0,3,0.00%,0.00%,Sepi,Sepi,Benar,47.06
S6_QVGA,1.mp4,53.50,3,0,0,0,3,0.00%,0.00%,Sepi,Sepi,Benar,47.32
S6_QVGA,1.mp4,53.60,3,0,0,0,3,0.00%,0.00%,Sepi,Sepi,Benar,46.58
S6_QVGA,1.mp4,53.70,3,0,0,0,3,0.00%,0.00%,Sepi,Sepi,Benar,47.26
S6_QVGA,1.mp4,53.80,3,0,0,0,3,0.00%,0.00%,Sepi,Sepi,Benar,48.52
S6_QVGA,1.mp4,53.90,3,0,0,0,3,0.00%,0.00%,Sepi,Sepi,Benar,48.52
S6_QVGA,1.mp4,54.00,3,0,0,0,3,0.00%,0.00%,Sepi,Sepi,Benar,44.68
S6_QVGA,1.mp4,54.10,3,0,0,0,3,0.00%,0.00%,Sepi,Sepi,Benar,44.18
S6_QVGA,1.mp4,54.20,3,0,0,0,3,0.00%,0.00%,Sepi,Sepi,Benar,49.83
S6_QVGA,1.mp4,54.30,3,1,1,0,2,100.00%,33.33%,Sepi,Sepi,Benar,48.91
S6_QVGA,1.mp4,54.40,3,1,1,0,2,100.00%,33.33%,Sepi,Sepi,Benar,46.72
S6_QVGA,1.mp4,54.50,3,0,0,0,3,0.00%,0.00%,Sepi,Sepi,Benar,46.04
S6_QVGA,1.mp4,54.60,3,0,0,0,3,0.00%,0.00%,Sepi,Sepi,Benar,45.17
S6_QVGA,1.mp4,54.70,3,0,0,0,3,0.00%,0.00%,Sepi,Sepi,Benar,44.92
S6_QVGA,1.mp4,54.80,3,0,0,0,3,0.00%,0.00%,Sepi,Sepi,Benar,47.83
S6_QVGA,1.mp4,54.90,3,0,0,0,3,0.00%,0.00%,Sepi,Sepi,Benar,47.19
S6_QVGA,1.mp4,55.00,3,0,0,0,3,0.00%,0.00%,Sepi,Sepi,Benar,48.52
S6_QVGA,1.mp4,55.10,3,1,1,0,2,100.00%,33.33%,Sepi,Sepi,Benar,49.30
S6_QVGA,1.mp4,55.20,3,1,1,0,2,100.00%,33.33%,Sepi,Sepi,Benar,50.49
S6_QVGA,1.mp4,55.30,3,1,1,0,2,100.00%,33.33%,Sepi,Sepi,Benar,48.65
S6_QVGA,1.mp4,55.40,3,1,1,0,2,100.00%,33.33%,Sepi,Sepi,Benar,45.96
S6_QVGA,1.mp4,55.50,3,0,0,0,3,0.00%,0.00%,Sepi,Sepi,Benar,46.96
S6_QVGA,1.mp4,55.60,3,0,0,0,3,0.00%,0.00%,Sepi,Sepi,Benar,52.06
S6_QVGA,1.mp4,55.70,3,1,1,0,2,100.00%,33.33%,Sepi,Sepi,Benar,48.92
S6_QVGA,1.mp4,55.80,3,1,1,0,2,100.00%,33.33%,Sepi,Sepi,Benar,46.77
S6_QVGA,1.mp4,55.90,3,0,0,0,3,0.00%,0.00%,Sepi,Sepi,Benar,47.18
S6_QVGA,1.mp4,56.00,3,0,0,0,3,0.00%,0.00%,Sepi,Sepi,Benar,46.44
S6_QVGA,1.mp4,56.10,3,0,0,0,3,0.00%,0.00%,Sepi,Sepi,Benar,47.06
S6_QVGA,1.mp4,56.20,3,0,0,0,3,0.00%,0.00%,Sepi,Sepi,Benar,46.16
S6_QVGA,1.mp4,56.30,3,0,0,0,3,0.00%,0.00%,Sepi,Sepi,Benar,48.14
S6_QVGA,1.mp4,56.40,3,0,0,0,3,0.00%,0.00%,Sepi,Sepi,Benar,48.15
S6_QVGA,1.mp4,56.50,3,0,0,0,3,0.00%,0.00%,Sepi,Sepi,Benar,45.95
S6_QVGA,1.mp4,56.60,3,0,0,0,3,0.00%,0.00%,Sepi,Sepi,Benar,45.40
S6_QVGA,1.mp4,56.70,3,0,0,0,3,0.00%,0.00%,Sepi,Sepi,Benar,47.04
S6_QVGA,1.mp4,56.80,3,0,0,0,3,0.00%,0.00%,Sepi,Sepi,Benar,46.35
S6_QVGA,1.mp4,56.90,3,0,0,0,3,0.00%,0.00%,Sepi,Sepi,Benar,47.91
S6_QVGA,1.mp4,57.00,3,0,0,0,3,0.00%,0.00%,Sepi,Sepi,Benar,47.68
S6_QVGA,1.mp4,57.10,3,0,0,0,3,0.00%,0.00%,Sepi,Sepi,Benar,45.72
S6_QVGA,1.mp4,57.20,3,0,0,0,3,0.00%,0.00%,Sepi,Sepi,Benar,48.28
S6_QVGA,1.mp4,57.30,3,0,0,0,3,0.00%,0.00%,Sepi,Sepi,Benar,47.76
S6_QVGA,1.mp4,57.40,3,0,0,0,3,0.00%,0.00%,Sepi,Sepi,Benar,53.33
S6_QVGA,1.mp4,57.50,3,1,1,0,2,100.00%,33.33%,Sepi,Sepi,Benar,50.59
S6_QVGA,1.mp4,57.60,3,1,1,0,2,100.00%,33.33%,Sepi,Sepi,Benar,51.30
S6_QVGA,1.mp4,57.70,3,1,1,0,2,100.00%,33.33%,Sepi,Sepi,Benar,48.64
S6_QVGA,1.mp4,57.80,3,1,1,0,2,100.00%,33.33%,Sepi,Sepi,Benar,51.05
S6_QVGA,1.mp4,57.90,3,1,1,0,2,100.00%,33.33%,Sepi,Sepi,Benar,54.89
S6_QVGA,1.mp4,58.00,3,1,1,0,2,100.00%,33.33%,Sepi,Sepi,Benar,49.35
S6_QVGA,1.mp4,58.10,3,1,1,0,2,100.00%,33.33%,Sepi,Sepi,Benar,48.72
S6_QVGA,1.mp4,58.20,3,1,1,0,2,100.00%,33.33%,Sepi,Sepi,Benar,49.62
S6_QVGA,1.mp4,58.30,3,1,1,0,2,100.00%,33.33%,Sepi,Sepi,Benar,50.09
S6_QVGA,1.mp4,58.40,3,1,1,0,2,100.00%,33.33%,Sepi,Sepi,Benar,48.60
S6_QVGA,1.mp4,58.50,3,1,1,0,2,100.00%,33.33%,Sepi,Sepi,Benar,50.95
S6_QVGA,1.mp4,58.60,3,1,1,0,2,100.00%,33.33%,Sepi,Sepi,Benar,54.38
S6_QVGA,1.mp4,58.70,3,1,1,0,2,100.00%,33.33%,Sepi,Sepi,Benar,49.77
S6_QVGA,1.mp4,58.80,3,1,1,0,2,100.00%,33.33%,Sepi,Sepi,Benar,48.80
S6_QVGA,1.mp4,58.90,3,0,0,0,3,0.00%,0.00%,Sepi,Sepi,Benar,47.32
S6_QVGA,1.mp4,59.00,3,0,0,0,3,0.00%,0.00%,Sepi,Sepi,Benar,46.12
S6_QVGA,1.mp4,59.10,3,0,0,0,3,0.00%,0.00%,Sepi,Sepi,Benar,48.45
S6_QVGA,1.mp4,59.20,3,0,0,0,3,0.00%,0.00%,Sepi,Sepi,Benar,46.58
S6_QVGA,1.mp4,59.30,3,0,0,0,3,0.00%,0.00%,Sepi,Sepi,Benar,46.55
S6_QVGA,1.mp4,59.40,3,0,0,0,3,0.00%,0.00%,Sepi,Sepi,Benar,48.00
S6_QVGA,1.mp4,59.50,3,0,0,0,3,0.00%,0.00%,Sepi,Sepi,Benar,48.35
S6_QVGA,1.mp4,59.60,3,0,0,0,3,0.00%,0.00%,Sepi,Sepi,Benar,46.04
S6_QVGA,2.mp4,0.00,12,0,0,0,12,0.00%,0.00%,Ramai,Sepi,Salah,49.37
S6_QVGA,2.mp4,0.10,12,0,0,0,12,0.00%,0.00%,Ramai,Sepi,Salah,48.53
S6_QVGA,2.mp4,0.20,12,0,0,0,12,0.00%,0.00%,Ramai,Sepi,Salah,49.86
S6_QVGA,2.mp4,0.30,12,0,0,0,12,0.00%,0.00%,Ramai,Sepi,Salah,49.28
S6_QVGA,2.mp4,0.40,12,0,0,0,12,0.00%,0.00%,Ramai,Sepi,Salah,48.96
S6_QVGA,2.mp4,0.50,12,0,0,0,12,0.00%,0.00%,Ramai,Sepi,Salah,47.39
S6_QVGA,2.mp4,0.60,12,0,0,0,12,0.00%,0.00%,Ramai,Sepi,Salah,47.95
S6_QVGA,2.mp4,0.70,12,0,0,0,12,0.00%,0.00%,Ramai,Sepi,Salah,50.95
S6_QVGA,2.mp4,0.80,12,0,0,0,12,0.00%,0.00%,Ramai,Sepi,Salah,49.99
S6_QVGA,2.mp4,0.90,12,0,0,0,12,0.00%,0.00%,Ramai,Sepi,Salah,47.69
S6_QVGA,2.mp4,1.00,12,0,0,0,12,0.00%,0.00%,Ramai,Sepi,Salah,47.37
S6_QVGA,2.mp4,1.10,12,0,0,0,12,0.00%,0.00%,Ramai,Sepi,Salah,48.25
S6_QVGA,2.mp4,1.20,12,0,0,0,12,0.00%,0.00%,Ramai,Sepi,Salah,50.74
S6_QVGA,2.mp4,1.30,12,0,0,0,12,0.00%,0.00%,Ramai,Sepi,Salah,50.13
S6_QVGA,2.mp4,1.40,12,0,0,0,12,0.00%,0.00%,Ramai,Sepi,Salah,46.69
S6_QVGA,2.mp4,1.50,12,0,0,0,12,0.00%,0.00%,Ramai,Sepi,Salah,50.97
S6_QVGA,2.mp4,1.60,12,0,0,0,12,0.00%,0.00%,Ramai,Sepi,Salah,52.29
S6_QVGA,2.mp4,1.70,12,0,0,0,12,0.00%,0.00%,Ramai,Sepi,Salah,50.46
S6_QVGA,2.mp4,1.80,12,0,0,0,12,0.00%,0.00%,Ramai,Sepi,Salah,51.56
S6_QVGA,2.mp4,1.90,12,0,0,0,12,0.00%,0.00%,Ramai,Sepi,Salah,51.55
S6_QVGA,2.mp4,2.00,12,0,0,0,12,0.00%,0.00%,Ramai,Sepi,Salah,48.67
S6_QVGA,2.mp4,2.10,12,0,0,0,12,0.00%,0.00%,Ramai,Sepi,Salah,52.12
S6_QVGA,2.mp4,2.20,12,0,0,0,12,0.00%,0.00%,Ramai,Sepi,Salah,51.15
S6_QVGA,2.mp4,2.30,12,0,0,0,12,0.00%,0.00%,Ramai,Sepi,Salah,47.56
S6_QVGA,2.mp4,2.40,12,0,0,0,12,0.00%,0.00%,Ramai,Sepi,Salah,47.43
S6_QVGA,2.mp4,2.50,12,0,0,0,12,0.00%,0.00%,Ramai,Sepi,Salah,50.97
S6_QVGA,2.mp4,2.60,12,0,0,0,12,0.00%,0.00%,Ramai,Sepi,Salah,47.64
S6_QVGA,2.mp4,2.70,12,0,0,0,12,0.00%,0.00%,Ramai,Sepi,Salah,49.19
S6_QVGA,2.mp4,2.80,12,0,0,0,12,0.00%,0.00%,Ramai,Sepi,Salah,48.02
S6_QVGA,2.mp4,2.90,12,0,0,0,12,0.00%,0.00%,Ramai,Sepi,Salah,49.73
S6_QVGA,2.mp4,3.00,12,1,1,0,11,100.00%,8.33%,Ramai,Sepi,Salah,51.92
S6_QVGA,2.mp4,3.10,12,1,1,0,11,100.00%,8.33%,Ramai,Sepi,Salah,52.71
S6_QVGA,2.mp4,3.20,12,2,2,0,10,100.00%,16.67%,Ramai,Sepi,Salah,48.45
S6_QVGA,2.mp4,3.30,12,2,2,0,10,100.00%,16.67%,Ramai,Sepi,Salah,50.22
S6_QVGA,2.mp4,3.40,12,2,2,0,10,100.00%,16.67%,Ramai,Sepi,Salah,50.83
S6_QVGA,2.mp4,3.50,12,2,2,0,10,100.00%,16.67%,Ramai,Sepi,Salah,51.17
S6_QVGA,2.mp4,3.60,12,1,1,0,11,100.00%,8.33%,Ramai,Sepi,Salah,52.05
S6_QVGA,2.mp4,3.70,12,2,2,0,10,100.00%,16.67%,Ramai,Sepi,Salah,54.06
S6_QVGA,2.mp4,3.80,12,2,2,0,10,100.00%,16.67%,Ramai,Sepi,Salah,54.24
S6_QVGA,2.mp4,3.90,12,2,2,0,10,100.00%,16.67%,Ramai,Sepi,Salah,54.22
S6_QVGA,2.mp4,4.00,12,2,2,0,10,100.00%,16.67%,Ramai,Sepi,Salah,52.79
S6_QVGA,2.mp4,4.10,12,2,2,0,10,100.00%,16.67%,Ramai,Sepi,Salah,53.37
S6_QVGA,2.mp4,4.20,12,1,1,0,11,100.00%,8.33%,Ramai,Sepi,Salah,47.33
S6_QVGA,2.mp4,4.30,12,1,1,0,11,100.00%,8.33%,Ramai,Sepi,Salah,47.40
S6_QVGA,2.mp4,4.40,12,0,0,0,12,0.00%,0.00%,Ramai,Sepi,Salah,47.03
S6_QVGA,2.mp4,4.50,12,0,0,0,12,0.00%,0.00%,Ramai,Sepi,Salah,48.31
S6_QVGA,2.mp4,4.60,12,0,0,0,12,0.00%,0.00%,Ramai,Sepi,Salah,48.32
S6_QVGA,2.mp4,4.70,12,0,0,0,12,0.00%,0.00%,Ramai,Sepi,Salah,45.04
S6_QVGA,2.mp4,4.80,12,0,0,0,12,0.00%,0.00%,Ramai,Sepi,Salah,47.70
S6_QVGA,2.mp4,4.90,12,0,0,0,12,0.00%,0.00%,Ramai,Sepi,Salah,46.41
S6_QVGA,2.mp4,5.00,12,0,0,0,12,0.00%,0.00%,Ramai,Sepi,Salah,49.55
S6_QVGA,2.mp4,5.10,14,0,0,0,14,0.00%,0.00%,Ramai,Sepi,Salah,47.25
S6_QVGA,2.mp4,5.20,14,0,0,0,14,0.00%,0.00%,Ramai,Sepi,Salah,47.43
S6_QVGA,2.mp4,5.30,14,0,0,0,14,0.00%,0.00%,Ramai,Sepi,Salah,49.04
S6_QVGA,2.mp4,5.40,14,0,0,0,14,0.00%,0.00%,Ramai,Sepi,Salah,46.65
S6_QVGA,2.mp4,5.50,14,1,1,0,13,100.00%,7.14%,Ramai,Sepi,Salah,50.60
S6_QVGA,2.mp4,5.60,14,0,0,0,14,0.00%,0.00%,Ramai,Sepi,Salah,48.16
S6_QVGA,2.mp4,5.70,14,0,0,0,14,0.00%,0.00%,Ramai,Sepi,Salah,45.11
S6_QVGA,2.mp4,5.80,14,0,0,0,14,0.00%,0.00%,Ramai,Sepi,Salah,45.76
S6_QVGA,2.mp4,5.90,14,0,0,0,14,0.00%,0.00%,Ramai,Sepi,Salah,45.59
S6_QVGA,2.mp4,6.00,14,0,0,0,14,0.00%,0.00%,Ramai,Sepi,Salah,46.02
S6_QVGA,2.mp4,6.10,14,0,0,0,14,0.00%,0.00%,Ramai,Sepi,Salah,45.98
S6_QVGA,2.mp4,6.20,14,0,0,0,14,0.00%,0.00%,Ramai,Sepi,Salah,47.17
S6_QVGA,2.mp4,6.30,14,0,0,0,14,0.00%,0.00%,Ramai,Sepi,Salah,45.65
S6_QVGA,2.mp4,6.40,14,0,0,0,14,0.00%,0.00%,Ramai,Sepi,Salah,47.60
S6_QVGA,2.mp4,6.50,14,0,0,0,14,0.00%,0.00%,Ramai,Sepi,Salah,47.31
S6_QVGA,2.mp4,6.60,14,0,0,0,14,0.00%,0.00%,Ramai,Sepi,Salah,50.12
S6_QVGA,2.mp4,6.70,14,0,0,0,14,0.00%,0.00%,Ramai,Sepi,Salah,48.08
S6_QVGA,2.mp4,6.80,14,0,0,0,14,0.00%,0.00%,Ramai,Sepi,Salah,45.06
S6_QVGA,2.mp4,6.90,14,0,0,0,14,0.00%,0.00%,Ramai,Sepi,Salah,49.30
S6_QVGA,2.mp4,7.00,14,1,1,0,13,100.00%,7.14%,Ramai,Sepi,Salah,50.56
S6_QVGA,2.mp4,7.10,14,1,1,0,13,100.00%,7.14%,Ramai,Sepi,Salah,51.19
S6_QVGA,2.mp4,7.20,14,1,1,0,13,100.00%,7.14%,Ramai,Sepi,Salah,52.44
S6_QVGA,2.mp4,7.30,14,1,1,0,13,100.00%,7.14%,Ramai,Sepi,Salah,47.62
S6_QVGA,2.mp4,7.40,14,0,0,0,14,0.00%,0.00%,Ramai,Sepi,Salah,46.70
S6_QVGA,2.mp4,7.50,14,0,0,0,14,0.00%,0.00%,Ramai,Sepi,Salah,49.33
S6_QVGA,2.mp4,7.60,14,0,0,0,14,0.00%,0.00%,Ramai,Sepi,Salah,52.83
S6_QVGA,2.mp4,7.70,14,1,1,0,13,100.00%,7.14%,Ramai,Sepi,Salah,51.08
S6_QVGA,2.mp4,7.80,14,2,2,0,12,100.00%,14.29%,Ramai,Sepi,Salah,53.64
S6_QVGA,2.mp4,7.90,14,1,1,0,13,100.00%,7.14%,Ramai,Sepi,Salah,49.38
S6_QVGA,2.mp4,8.00,14,1,1,0,13,100.00%,7.14%,Ramai,Sepi,Salah,46.43
S6_QVGA,2.mp4,8.10,14,0,0,0,14,0.00%,0.00%,Ramai,Sepi,Salah,47.83
S6_QVGA,2.mp4,8.20,14,0,0,0,14,0.00%,0.00%,Ramai,Sepi,Salah,48.06
S6_QVGA,2.mp4,8.30,14,0,0,0,14,0.00%,0.00%,Ramai,Sepi,Salah,48.79
S6_QVGA,2.mp4,8.40,14,0,0,0,14,0.00%,0.00%,Ramai,Sepi,Salah,47.40
S6_QVGA,2.mp4,8.50,14,0,0,0,14,0.00%,0.00%,Ramai,Sepi,Salah,49.49
S6_QVGA,2.mp4,8.60,14,1,1,0,13,100.00%,7.14%,Ramai,Sepi,Salah,50.49
S6_QVGA,2.mp4,8.70,14,1,1,0,13,100.00%,7.14%,Ramai,Sepi,Salah,45.84
S6_QVGA,2.mp4,8.80,14,1,1,0,13,100.00%,7.14%,Ramai,Sepi,Salah,48.80
S6_QVGA,2.mp4,8.90,14,0,0,0,14,0.00%,0.00%,Ramai,Sepi,Salah,47.73
S6_QVGA,2.mp4,9.00,14,0,0,0,14,0.00%,0.00%,Ramai,Sepi,Salah,45.69
S6_QVGA,2.mp4,9.10,14,0,0,0,14,0.00%,0.00%,Ramai,Sepi,Salah,52.08
S6_QVGA,2.mp4,9.20,14,1,1,0,13,100.00%,7.14%,Ramai,Sepi,Salah,50.85
S6_QVGA,2.mp4,9.30,14,1,1,0,13,100.00%,7.14%,Ramai,Sepi,Salah,46.79
S6_QVGA,2.mp4,9.40,14,1,1,0,13,100.00%,7.14%,Ramai,Sepi,Salah,49.65
S6_QVGA,2.mp4,9.50,14,0,0,0,14,0.00%,0.00%,Ramai,Sepi,Salah,49.36
S6_QVGA,2.mp4,9.60,14,0,0,0,14,0.00%,0.00%,Ramai,Sepi,Salah,45.79
S6_QVGA,2.mp4,9.70,14,0,0,0,14,0.00%,0.00%,Ramai,Sepi,Salah,45.52
S6_QVGA,2.mp4,9.80,14,0,0,0,14,0.00%,0.00%,Ramai,Sepi,Salah,48.52
S6_QVGA,2.mp4,9.90,14,1,1,0,13,100.00%,7.14%,Ramai,Sepi,Salah,49.04
S6_QVGA,2.mp4,10.00,14,1,1,0,13,100.00%,7.14%,Ramai,Sepi,Salah,49.60
S6_QVGA,2.mp4,10.10,14,1,1,0,13,100.00%,7.14%,Ramai,Sepi,Salah,45.15
S6_QVGA,2.mp4,10.20,14,0,0,0,14,0.00%,0.00%,Ramai,Sepi,Salah,48.79
S6_QVGA,2.mp4,10.30,14,0,0,0,14,0.00%,0.00%,Ramai,Sepi,Salah,45.41
S6_QVGA,2.mp4,10.40,14,0,0,0,14,0.00%,0.00%,Ramai,Sepi,Salah,48.24
S6_QVGA,2.mp4,10.50,14,0,0,0,14,0.00%,0.00%,Ramai,Sepi,Salah,45.69
S6_QVGA,2.mp4,10.60,14,0,0,0,14,0.00%,0.00%,Ramai,Sepi,Salah,44.74
S6_QVGA,2.mp4,10.70,14,0,0,0,14,0.00%,0.00%,Ramai,Sepi,Salah,49.73
S6_QVGA,2.mp4,10.80,14,0,0,0,14,0.00%,0.00%,Ramai,Sepi,Salah,46.40
S6_QVGA,2.mp4,10.90,14,0,0,0,14,0.00%,0.00%,Ramai,Sepi,Salah,47.52
S6_QVGA,2.mp4,11.00,14,0,0,0,14,0.00%,0.00%,Ramai,Sepi,Salah,44.85
S6_QVGA,2.mp4,11.10,14,0,0,0,14,0.00%,0.00%,Ramai,Sepi,Salah,45.86
S6_QVGA,2.mp4,11.20,14,0,0,0,14,0.00%,0.00%,Ramai,Sepi,Salah,47.07
S6_QVGA,2.mp4,11.30,14,0,0,0,14,0.00%,0.00%,Ramai,Sepi,Salah,47.20
S6_QVGA,2.mp4,11.40,14,0,0,0,14,0.00%,0.00%,Ramai,Sepi,Salah,51.79
S6_QVGA,2.mp4,11.50,14,1,1,0,13,100.00%,7.14%,Ramai,Sepi,Salah,51.41
S6_QVGA,2.mp4,11.60,14,1,1,0,13,100.00%,7.14%,Ramai,Sepi,Salah,50.84
S6_QVGA,2.mp4,11.70,14,1,1,0,13,100.00%,7.14%,Ramai,Sepi,Salah,46.70
S6_QVGA,2.mp4,11.80,14,0,0,0,14,0.00%,0.00%,Ramai,Sepi,Salah,47.67
S6_QVGA,2.mp4,11.90,14,0,0,0,14,0.00%,0.00%,Ramai,Sepi,Salah,46.85
S6_QVGA,2.mp4,12.00,14,0,0,0,14,0.00%,0.00%,Ramai,Sepi,Salah,44.58
S6_QVGA,2.mp4,12.10,14,0,0,0,14,0.00%,0.00%,Ramai,Sepi,Salah,45.41
S6_QVGA,2.mp4,12.20,14,0,0,0,14,0.00%,0.00%,Ramai,Sepi,Salah,47.71
S6_QVGA,2.mp4,12.30,14,0,0,0,14,0.00%,0.00%,Ramai,Sepi,Salah,50.20
S6_QVGA,2.mp4,12.40,14,0,0,0,14,0.00%,0.00%,Ramai,Sepi,Salah,48.42
S6_QVGA,2.mp4,12.50,14,0,0,0,14,0.00%,0.00%,Ramai,Sepi,Salah,47.32
S6_QVGA,2.mp4,12.60,14,0,0,0,14,0.00%,0.00%,Ramai,Sepi,Salah,49.64
S6_QVGA,2.mp4,12.70,14,0,0,0,14,0.00%,0.00%,Ramai,Sepi,Salah,49.49
S6_QVGA,2.mp4,12.80,14,0,0,0,14,0.00%,0.00%,Ramai,Sepi,Salah,50.30
S6_QVGA,2.mp4,12.90,14,0,0,0,14,0.00%,0.00%,Ramai,Sepi,Salah,48.17
S6_QVGA,2.mp4,13.00,14,0,0,0,14,0.00%,0.00%,Ramai,Sepi,Salah,48.59
S6_QVGA,2.mp4,13.10,14,0,0,0,14,0.00%,0.00%,Ramai,Sepi,Salah,48.12
S6_QVGA,2.mp4,13.20,14,0,0,0,14,0.00%,0.00%,Ramai,Sepi,Salah,48.30
S6_QVGA,2.mp4,13.30,14,0,0,0,14,0.00%,0.00%,Ramai,Sepi,Salah,48.92
S6_QVGA,2.mp4,13.40,14,0,0,0,14,0.00%,0.00%,Ramai,Sepi,Salah,48.93
S6_QVGA,2.mp4,13.50,14,0,0,0,14,0.00%,0.00%,Ramai,Sepi,Salah,49.28
S6_QVGA,2.mp4,13.60,14,0,0,0,14,0.00%,0.00%,Ramai,Sepi,Salah,48.96
S6_QVGA,2.mp4,13.70,14,0,0,0,14,0.00%,0.00%,Ramai,Sepi,Salah,49.24
S6_QVGA,2.mp4,13.80,14,0,0,0,14,0.00%,0.00%,Ramai,Sepi,Salah,52.66
S6_QVGA,2.mp4,13.90,14,0,0,0,14,0.00%,0.00%,Ramai,Sepi,Salah,50.08
S6_QVGA,2.mp4,14.00,14,0,0,0,14,0.00%,0.00%,Ramai,Sepi,Salah,47.88
S6_QVGA,2.mp4,14.10,14,0,0,0,14,0.00%,0.00%,Ramai,Sepi,Salah,45.02
S6_QVGA,2.mp4,14.20,14,0,0,0,14,0.00%,0.00%,Ramai,Sepi,Salah,45.85
S6_QVGA,2.mp4,14.30,14,0,0,0,14,0.00%,0.00%,Ramai,Sepi,Salah,46.86
S6_QVGA,2.mp4,14.40,14,0,0,0,14,0.00%,0.00%,Ramai,Sepi,Salah,45.40
S6_QVGA,2.mp4,14.50,14,0,0,0,14,0.00%,0.00%,Ramai,Sepi,Salah,49.12
S6_QVGA,2.mp4,14.60,14,0,0,0,14,0.00%,0.00%,Ramai,Sepi,Salah,50.19
S6_QVGA,2.mp4,14.70,14,0,0,0,14,0.00%,0.00%,Ramai,Sepi,Salah,47.43
S6_QVGA,2.mp4,14.80,14,0,0,0,14,0.00%,0.00%,Ramai,Sepi,Salah,53.05
S6_QVGA,2.mp4,14.90,14,0,0,0,14,0.00%,0.00%,Ramai,Sepi,Salah,49.17
S6_QVGA,2.mp4,15.00,14,0,0,0,14,0.00%,0.00%,Ramai,Sepi,Salah,47.00
S6_QVGA,2.mp4,15.10,15,0,0,0,15,0.00%,0.00%,Ramai,Sepi,Salah,47.72
S6_QVGA,2.mp4,15.20,15,0,0,0,15,0.00%,0.00%,Ramai,Sepi,Salah,47.64
S6_QVGA,2.mp4,15.30,15,0,0,0,15,0.00%,0.00%,Ramai,Sepi,Salah,51.99
S6_QVGA,2.mp4,15.40,15,0,0,0,15,0.00%,0.00%,Ramai,Sepi,Salah,47.69
S6_QVGA,2.mp4,15.50,15,1,1,0,14,100.00%,6.67%,Ramai,Sepi,Salah,50.58
S6_QVGA,2.mp4,15.60,15,1,1,0,14,100.00%,6.67%,Ramai,Sepi,Salah,51.60
S6_QVGA,2.mp4,15.70,15,1,1,0,14,100.00%,6.67%,Ramai,Sepi,Salah,52.49
S6_QVGA,2.mp4,15.80,15,1,1,0,14,100.00%,6.67%,Ramai,Sepi,Salah,50.93
S6_QVGA,2.mp4,15.90,15,0,0,0,15,0.00%,0.00%,Ramai,Sepi,Salah,49.62
S6_QVGA,2.mp4,16.00,15,0,0,0,15,0.00%,0.00%,Ramai,Sepi,Salah,52.85
S6_QVGA,2.mp4,16.10,15,0,0,0,15,0.00%,0.00%,Ramai,Sepi,Salah,50.44
S6_QVGA,2.mp4,16.20,15,0,0,0,15,0.00%,0.00%,Ramai,Sepi,Salah,48.41
S6_QVGA,2.mp4,16.30,15,0,0,0,15,0.00%,0.00%,Ramai,Sepi,Salah,48.08
S6_QVGA,2.mp4,16.40,15,0,0,0,15,0.00%,0.00%,Ramai,Sepi,Salah,49.37
S6_QVGA,2.mp4,16.50,15,0,0,0,15,0.00%,0.00%,Ramai,Sepi,Salah,49.00
S6_QVGA,2.mp4,16.60,15,0,0,0,15,0.00%,0.00%,Ramai,Sepi,Salah,45.52
S6_QVGA,2.mp4,16.70,15,1,1,0,14,100.00%,6.67%,Ramai,Sepi,Salah,51.71
S6_QVGA,2.mp4,16.80,15,1,1,0,14,100.00%,6.67%,Ramai,Sepi,Salah,52.08
S6_QVGA,2.mp4,16.90,15,1,1,0,14,100.00%,6.67%,Ramai,Sepi,Salah,49.80
S6_QVGA,2.mp4,17.00,15,1,1,0,14,100.00%,6.67%,Ramai,Sepi,Salah,51.70
S6_QVGA,2.mp4,17.10,14,1,1,0,13,100.00%,7.14%,Ramai,Sepi,Salah,52.17
S6_QVGA,2.mp4,17.20,14,1,1,0,13,100.00%,7.14%,Ramai,Sepi,Salah,54.02
S6_QVGA,2.mp4,17.30,14,1,1,0,13,100.00%,7.14%,Ramai,Sepi,Salah,52.60
S6_QVGA,2.mp4,17.40,14,1,1,0,13,100.00%,7.14%,Ramai,Sepi,Salah,53.76
S6_QVGA,2.mp4,17.50,14,1,1,0,13,100.00%,7.14%,Ramai,Sepi,Salah,52.30
S6_QVGA,2.mp4,17.60,14,1,1,0,13,100.00%,7.14%,Ramai,Sepi,Salah,51.19
S6_QVGA,2.mp4,17.70,14,1,1,0,13,100.00%,7.14%,Ramai,Sepi,Salah,49.98
S6_QVGA,2.mp4,17.80,14,1,1,0,13,100.00%,7.14%,Ramai,Sepi,Salah,53.46
S6_QVGA,2.mp4,17.90,14,1,1,0,13,100.00%,7.14%,Ramai,Sepi,Salah,53.42
S6_QVGA,2.mp4,18.00,14,1,1,0,13,100.00%,7.14%,Ramai,Sepi,Salah,52.52
S6_QVGA,2.mp4,18.10,14,1,1,0,13,100.00%,7.14%,Ramai,Sepi,Salah,53.66
S6_QVGA,2.mp4,18.20,14,1,1,0,13,100.00%,7.14%,Ramai,Sepi,Salah,54.26
S6_QVGA,2.mp4,18.30,14,1,1,0,13,100.00%,7.14%,Ramai,Sepi,Salah,52.50
S6_QVGA,2.mp4,18.40,14,1,1,0,13,100.00%,7.14%,Ramai,Sepi,Salah,49.19
S6_QVGA,2.mp4,18.50,14,1,1,0,13,100.00%,7.14%,Ramai,Sepi,Salah,48.80
S6_QVGA,2.mp4,18.60,14,1,1,0,13,100.00%,7.14%,Ramai,Sepi,Salah,52.83
S6_QVGA,2.mp4,18.70,14,2,2,0,12,100.00%,14.29%,Ramai,Sepi,Salah,53.51
S6_QVGA,2.mp4,18.80,14,2,2,0,12,100.00%,14.29%,Ramai,Sepi,Salah,54.49
S6_QVGA,2.mp4,18.90,14,1,1,0,13,100.00%,7.14%,Ramai,Sepi,Salah,52.09
S6_QVGA,2.mp4,19.00,14,1,1,0,13,100.00%,7.14%,Ramai,Sepi,Salah,51.59
S6_QVGA,2.mp4,19.10,14,1,1,0,13,100.00%,7.14%,Ramai,Sepi,Salah,51.52
S6_QVGA,2.mp4,19.20,14,1,1,0,13,100.00%,7.14%,Ramai,Sepi,Salah,47.11
S6_QVGA,2.mp4,19.30,14,1,1,0,13,100.00%,7.14%,Ramai,Sepi,Salah,52.42
S6_QVGA,2.mp4,19.40,14,0,0,0,14,0.00%,0.00%,Ramai,Sepi,Salah,49.77
S6_QVGA,2.mp4,19.50,14,0,0,0,14,0.00%,0.00%,Ramai,Sepi,Salah,49.06
S6_QVGA,2.mp4,19.60,14,0,0,0,14,0.00%,0.00%,Ramai,Sepi,Salah,55.05
S6_QVGA,2.mp4,19.70,14,0,0,0,14,0.00%,0.00%,Ramai,Sepi,Salah,51.27
S6_QVGA,2.mp4,19.80,14,1,1,0,13,100.00%,7.14%,Ramai,Sepi,Salah,54.57
S6_QVGA,2.mp4,19.90,14,1,1,0,13,100.00%,7.14%,Ramai,Sepi,Salah,55.04
S6_QVGA,2.mp4,20.00,14,1,1,0,13,100.00%,7.14%,Ramai,Sepi,Salah,52.11
S6_QVGA,2.mp4,20.10,14,1,1,0,13,100.00%,7.14%,Ramai,Sepi,Salah,47.62
S6_QVGA,2.mp4,20.20,14,0,0,0,14,0.00%,0.00%,Ramai,Sepi,Salah,50.19
S6_QVGA,2.mp4,20.30,14,0,0,0,14,0.00%,0.00%,Ramai,Sepi,Salah,51.29
S6_QVGA,2.mp4,20.40,14,0,0,0,14,0.00%,0.00%,Ramai,Sepi,Salah,49.73
S6_QVGA,2.mp4,20.50,14,0,0,0,14,0.00%,0.00%,Ramai,Sepi,Salah,49.11
S6_QVGA,2.mp4,20.60,14,0,0,0,14,0.00%,0.00%,Ramai,Sepi,Salah,48.85
S6_QVGA,2.mp4,20.70,14,1,1,0,13,100.00%,7.14%,Ramai,Sepi,Salah,51.34
S6_QVGA,2.mp4,20.80,14,0,0,0,14,0.00%,0.00%,Ramai,Sepi,Salah,48.39
S6_QVGA,2.mp4,20.90,14,0,0,0,14,0.00%,0.00%,Ramai,Sepi,Salah,48.08
S6_QVGA,2.mp4,21.00,14,0,0,0,14,0.00%,0.00%,Ramai,Sepi,Salah,45.18
S6_QVGA,2.mp4,21.10,14,0,0,0,14,0.00%,0.00%,Ramai,Sepi,Salah,45.90
S6_QVGA,2.mp4,21.20,14,0,0,0,14,0.00%,0.00%,Ramai,Sepi,Salah,46.86
S6_QVGA,2.mp4,21.30,14,0,0,0,14,0.00%,0.00%,Ramai,Sepi,Salah,48.96
S6_QVGA,2.mp4,21.40,14,0,0,0,14,0.00%,0.00%,Ramai,Sepi,Salah,49.35
S6_QVGA,2.mp4,21.50,14,0,0,0,14,0.00%,0.00%,Ramai,Sepi,Salah,51.58
S6_QVGA,2.mp4,21.60,14,0,0,0,14,0.00%,0.00%,Ramai,Sepi,Salah,46.16
S6_QVGA,2.mp4,21.70,14,0,0,0,14,0.00%,0.00%,Ramai,Sepi,Salah,45.71
S6_QVGA,2.mp4,21.80,14,0,0,0,14,0.00%,0.00%,Ramai,Sepi,Salah,49.87
S6_QVGA,2.mp4,21.90,14,0,0,0,14,0.00%,0.00%,Ramai,Sepi,Salah,46.75
S6_QVGA,2.mp4,22.00,14,0,0,0,14,0.00%,0.00%,Ramai,Sepi,Salah,45.12
S6_QVGA,2.mp4,22.10,14,0,0,0,14,0.00%,0.00%,Ramai,Sepi,Salah,51.33
S6_QVGA,2.mp4,22.20,14,0,0,0,14,0.00%,0.00%,Ramai,Sepi,Salah,49.08
S6_QVGA,2.mp4,22.30,14,0,0,0,14,0.00%,0.00%,Ramai,Sepi,Salah,46.02
S6_QVGA,2.mp4,22.40,14,0,0,0,14,0.00%,0.00%,Ramai,Sepi,Salah,49.65
S6_QVGA,2.mp4,22.50,14,0,0,0,14,0.00%,0.00%,Ramai,Sepi,Salah,48.05
S6_QVGA,2.mp4,22.60,14,0,0,0,14,0.00%,0.00%,Ramai,Sepi,Salah,47.97
S6_QVGA,2.mp4,22.70,14,0,0,0,14,0.00%,0.00%,Ramai,Sepi,Salah,47.69
S6_QVGA,2.mp4,22.80,14,0,0,0,14,0.00%,0.00%,Ramai,Sepi,Salah,50.26
S6_QVGA,2.mp4,22.90,14,0,0,0,14,0.00%,0.00%,Ramai,Sepi,Salah,51.07
S6_QVGA,2.mp4,23.00,14,0,0,0,14,0.00%,0.00%,Ramai,Sepi,Salah,48.00
S6_QVGA,2.mp4,23.10,14,0,0,0,14,0.00%,0.00%,Ramai,Sepi,Salah,46.63
S6_QVGA,2.mp4,23.20,14,0,0,0,14,0.00%,0.00%,Ramai,Sepi,Salah,46.30
S6_QVGA,2.mp4,23.30,14,0,0,0,14,0.00%,0.00%,Ramai,Sepi,Salah,47.46
S6_QVGA,2.mp4,23.40,14,0,0,0,14,0.00%,0.00%,Ramai,Sepi,Salah,46.17
S6_QVGA,2.mp4,23.50,14,0,0,0,14,0.00%,0.00%,Ramai,Sepi,Salah,45.50
S6_QVGA,2.mp4,23.60,14,0,0,0,14,0.00%,0.00%,Ramai,Sepi,Salah,48.57
S6_QVGA,2.mp4,23.70,14,0,0,0,14,0.00%,0.00%,Ramai,Sepi,Salah,48.19
S6_QVGA,2.mp4,23.80,14,0,0,0,14,0.00%,0.00%,Ramai,Sepi,Salah,47.42
S6_QVGA,2.mp4,23.90,14,0,0,0,14,0.00%,0.00%,Ramai,Sepi,Salah,48.46
S6_QVGA,2.mp4,24.00,14,0,0,0,14,0.00%,0.00%,Ramai,Sepi,Salah,48.25
S6_QVGA,2.mp4,24.10,14,0,0,0,14,0.00%,0.00%,Ramai,Sepi,Salah,46.42
S6_QVGA,2.mp4,24.20,14,0,0,0,14,0.00%,0.00%,Ramai,Sepi,Salah,46.81
S6_QVGA,2.mp4,24.30,14,0,0,0,14,0.00%,0.00%,Ramai,Sepi,Salah,55.69
S6_QVGA,2.mp4,24.40,14,0,0,0,14,0.00%,0.00%,Ramai,Sepi,Salah,47.38
S6_QVGA,2.mp4,24.50,14,0,0,0,14,0.00%,0.00%,Ramai,Sepi,Salah,48.53
S6_QVGA,2.mp4,24.60,14,0,0,0,14,0.00%,0.00%,Ramai,Sepi,Salah,46.36
S6_QVGA,2.mp4,24.70,14,0,0,0,14,0.00%,0.00%,Ramai,Sepi,Salah,45.89
S6_QVGA,2.mp4,24.80,14,0,0,0,14,0.00%,0.00%,Ramai,Sepi,Salah,49.23
S6_QVGA,2.mp4,24.90,14,1,1,0,13,100.00%,7.14%,Ramai,Sepi,Salah,51.04
S6_QVGA,2.mp4,25.00,14,1,1,0,13,100.00%,7.14%,Ramai,Sepi,Salah,45.34
S6_QVGA,2.mp4,25.10,14,0,0,0,14,0.00%,0.00%,Ramai,Sepi,Salah,46.89
S6_QVGA,2.mp4,25.20,14,0,0,0,14,0.00%,0.00%,Ramai,Sepi,Salah,47.22
S6_QVGA,2.mp4,25.30,14,0,0,0,14,0.00%,0.00%,Ramai,Sepi,Salah,45.58
S6_QVGA,2.mp4,25.40,14,0,0,0,14,0.00%,0.00%,Ramai,Sepi,Salah,48.79
S6_QVGA,2.mp4,25.50,14,0,0,0,14,0.00%,0.00%,Ramai,Sepi,Salah,48.48
S6_QVGA,2.mp4,25.60,14,0,0,0,14,0.00%,0.00%,Ramai,Sepi,Salah,46.81
S6_QVGA,2.mp4,25.70,14,0,0,0,14,0.00%,0.00%,Ramai,Sepi,Salah,45.80
S6_QVGA,2.mp4,25.80,14,0,0,0,14,0.00%,0.00%,Ramai,Sepi,Salah,46.58
S6_QVGA,2.mp4,25.90,14,0,0,0,14,0.00%,0.00%,Ramai,Sepi,Salah,46.92
S6_QVGA,2.mp4,26.00,13,0,0,0,13,0.00%,0.00%,Ramai,Sepi,Salah,47.54
S6_QVGA,2.mp4,26.10,13,0,0,0,13,0.00%,0.00%,Ramai,Sepi,Salah,45.74
S6_QVGA,2.mp4,26.20,13,0,0,0,13,0.00%,0.00%,Ramai,Sepi,Salah,46.99
S6_QVGA,2.mp4,26.30,13,0,0,0,13,0.00%,0.00%,Ramai,Sepi,Salah,48.76
S6_QVGA,2.mp4,26.40,13,0,0,0,13,0.00%,0.00%,Ramai,Sepi,Salah,47.37
S6_QVGA,2.mp4,26.50,13,0,0,0,13,0.00%,0.00%,Ramai,Sepi,Salah,49.51
S6_QVGA,2.mp4,26.60,13,0,0,0,13,0.00%,0.00%,Ramai,Sepi,Salah,52.24
S6_QVGA,2.mp4,26.70,13,1,1,0,12,100.00%,7.69%,Ramai,Sepi,Salah,48.85
S6_QVGA,2.mp4,26.80,13,1,1,0,12,100.00%,7.69%,Ramai,Sepi,Salah,52.71
S6_QVGA,2.mp4,26.90,13,1,1,0,12,100.00%,7.69%,Ramai,Sepi,Salah,55.55
S6_QVGA,2.mp4,27.00,13,1,1,0,12,100.00%,7.69%,Ramai,Sepi,Salah,51.28
S6_QVGA,2.mp4,27.10,13,1,1,0,12,100.00%,7.69%,Ramai,Sepi,Salah,49.36
S6_QVGA,2.mp4,27.20,13,1,1,0,12,100.00%,7.69%,Ramai,Sepi,Salah,51.14
S6_QVGA,2.mp4,27.30,13,1,1,0,12,100.00%,7.69%,Ramai,Sepi,Salah,51.45
S6_QVGA,2.mp4,27.40,13,1,1,0,12,100.00%,7.69%,Ramai,Sepi,Salah,51.70
S6_QVGA,2.mp4,27.50,13,1,1,0,12,100.00%,7.69%,Ramai,Sepi,Salah,51.47
S6_QVGA,2.mp4,27.60,13,1,1,0,12,100.00%,7.69%,Ramai,Sepi,Salah,49.10
S6_QVGA,2.mp4,27.70,13,1,1,0,12,100.00%,7.69%,Ramai,Sepi,Salah,46.89
S6_QVGA,2.mp4,27.80,13,1,1,0,12,100.00%,7.69%,Ramai,Sepi,Salah,51.34
S6_QVGA,2.mp4,27.90,13,1,1,0,12,100.00%,7.69%,Ramai,Sepi,Salah,50.07
S6_QVGA,2.mp4,28.00,13,1,1,0,12,100.00%,7.69%,Ramai,Sepi,Salah,51.38
S6_QVGA,2.mp4,28.10,13,1,1,0,12,100.00%,7.69%,Ramai,Sepi,Salah,50.64
S6_QVGA,2.mp4,28.20,13,1,1,0,12,100.00%,7.69%,Ramai,Sepi,Salah,49.81
S6_QVGA,2.mp4,28.30,13,1,1,0,12,100.00%,7.69%,Ramai,Sepi,Salah,44.31
S6_QVGA,2.mp4,28.40,13,0,0,0,13,0.00%,0.00%,Ramai,Sepi,Salah,44.33
S6_QVGA,2.mp4,28.50,13,0,0,0,13,0.00%,0.00%,Ramai,Sepi,Salah,46.21
S6_QVGA,2.mp4,28.60,13,0,0,0,13,0.00%,0.00%,Ramai,Sepi,Salah,43.73
S6_QVGA,2.mp4,28.70,13,0,0,0,13,0.00%,0.00%,Ramai,Sepi,Salah,45.21
S6_QVGA,2.mp4,28.80,13,0,0,0,13,0.00%,0.00%,Ramai,Sepi,Salah,44.23
S6_QVGA,2.mp4,28.90,13,0,0,0,13,0.00%,0.00%,Ramai,Sepi,Salah,45.20
S6_QVGA,2.mp4,29.00,12,0,0,0,12,0.00%,0.00%,Ramai,Sepi,Salah,47.19
S6_QVGA,2.mp4,29.10,12,0,0,0,12,0.00%,0.00%,Ramai,Sepi,Salah,46.10
S6_QVGA,2.mp4,29.20,12,0,0,0,12,0.00%,0.00%,Ramai,Sepi,Salah,44.08
S6_QVGA,2.mp4,29.30,12,0,0,0,12,0.00%,0.00%,Ramai,Sepi,Salah,44.40
S6_QVGA,2.mp4,29.40,12,0,0,0,12,0.00%,0.00%,Ramai,Sepi,Salah,44.96
S6_QVGA,2.mp4,29.50,12,0,0,0,12,0.00%,0.00%,Ramai,Sepi,Salah,44.70
S6_QVGA,2.mp4,29.60,12,0,0,0,12,0.00%,0.00%,Ramai,Sepi,Salah,44.59
S6_QVGA,2.mp4,29.70,12,0,0,0,12,0.00%,0.00%,Ramai,Sepi,Salah,45.88
S6_QVGA,2.mp4,29.80,12,0,0,0,12,0.00%,0.00%,Ramai,Sepi,Salah,44.67
S6_QVGA,2.mp4,29.90,12,0,0,0,12,0.00%,0.00%,Ramai,Sepi,Salah,45.59
S6_QVGA,2.mp4,30.00,12,0,0,0,12,0.00%,0.00%,Ramai,Sepi,Salah,44.65
S6_QVGA,2.mp4,30.10,12,0,0,0,12,0.00%,0.00%,Ramai,Sepi,Salah,47.01
S6_QVGA,2.mp4,30.20,12,0,0,0,12,0.00%,0.00%,Ramai,Sepi,Salah,46.78
S6_QVGA,2.mp4,30.30,12,0,0,0,12,0.00%,0.00%,Ramai,Sepi,Salah,44.30
S6_QVGA,2.mp4,30.40,12,0,0,0,12,0.00%,0.00%,Ramai,Sepi,Salah,46.53
S6_QVGA,2.mp4,30.50,12,0,0,0,12,0.00%,0.00%,Ramai,Sepi,Salah,45.87
S6_QVGA,2.mp4,30.60,12,0,0,0,12,0.00%,0.00%,Ramai,Sepi,Salah,47.34
S6_QVGA,2.mp4,30.70,12,0,0,0,12,0.00%,0.00%,Ramai,Sepi,Salah,44.22
S6_QVGA,2.mp4,30.80,12,0,0,0,12,0.00%,0.00%,Ramai,Sepi,Salah,45.54
S6_QVGA,2.mp4,30.90,12,0,0,0,12,0.00%,0.00%,Ramai,Sepi,Salah,44.10
S6_QVGA,2.mp4,31.00,12,0,0,0,12,0.00%,0.00%,Ramai,Sepi,Salah,44.30
S6_QVGA,2.mp4,31.10,12,0,0,0,12,0.00%,0.00%,Ramai,Sepi,Salah,44.49
S6_QVGA,2.mp4,31.20,12,0,0,0,12,0.00%,0.00%,Ramai,Sepi,Salah,47.61
S6_QVGA,2.mp4,31.30,12,0,0,0,12,0.00%,0.00%,Ramai,Sepi,Salah,44.73
S6_QVGA,2.mp4,31.40,12,0,0,0,12,0.00%,0.00%,Ramai,Sepi,Salah,45.56
S6_QVGA,2.mp4,31.50,12,0,0,0,12,0.00%,0.00%,Ramai,Sepi,Salah,47.06
S6_QVGA,2.mp4,31.60,12,0,0,0,12,0.00%,0.00%,Ramai,Sepi,Salah,48.31
S6_QVGA,2.mp4,31.70,12,0,0,0,12,0.00%,0.00%,Ramai,Sepi,Salah,46.98
S6_QVGA,2.mp4,31.80,12,0,0,0,12,0.00%,0.00%,Ramai,Sepi,Salah,47.00
S6_QVGA,2.mp4,31.90,12,0,0,0,12,0.00%,0.00%,Ramai,Sepi,Salah,46.25
S6_QVGA,2.mp4,32.00,12,0,0,0,12,0.00%,0.00%,Ramai,Sepi,Salah,44.73
S6_QVGA,2.mp4,32.10,12,0,0,0,12,0.00%,0.00%,Ramai,Sepi,Salah,46.68
S6_QVGA,2.mp4,32.20,12,0,0,0,12,0.00%,0.00%,Ramai,Sepi,Salah,47.77
S6_QVGA,2.mp4,32.30,12,0,0,0,12,0.00%,0.00%,Ramai,Sepi,Salah,44.65
S6_QVGA,2.mp4,32.40,12,0,0,0,12,0.00%,0.00%,Ramai,Sepi,Salah,44.61
S6_QVGA,2.mp4,32.50,12,0,0,0,12,0.00%,0.00%,Ramai,Sepi,Salah,45.29
S6_QVGA,2.mp4,32.60,12,0,0,0,12,0.00%,0.00%,Ramai,Sepi,Salah,47.03
S6_QVGA,2.mp4,32.70,12,0,0,0,12,0.00%,0.00%,Ramai,Sepi,Salah,49.59
S6_QVGA,2.mp4,32.80,12,0,0,0,12,0.00%,0.00%,Ramai,Sepi,Salah,45.75
S6_QVGA,2.mp4,32.90,12,0,0,0,12,0.00%,0.00%,Ramai,Sepi,Salah,49.15
S6_QVGA,2.mp4,33.00,12,0,0,0,12,0.00%,0.00%,Ramai,Sepi,Salah,45.99
S6_QVGA,2.mp4,33.10,12,0,0,0,12,0.00%,0.00%,Ramai,Sepi,Salah,46.77
S6_QVGA,2.mp4,33.20,12,0,0,0,12,0.00%,0.00%,Ramai,Sepi,Salah,46.69
S6_QVGA,2.mp4,33.30,12,0,0,0,12,0.00%,0.00%,Ramai,Sepi,Salah,44.47
S6_QVGA,2.mp4,33.40,12,0,0,0,12,0.00%,0.00%,Ramai,Sepi,Salah,46.14
S6_QVGA,2.mp4,33.50,12,0,0,0,12,0.00%,0.00%,Ramai,Sepi,Salah,50.06
S6_QVGA,2.mp4,33.60,12,0,0,0,12,0.00%,0.00%,Ramai,Sepi,Salah,46.42
S6_QVGA,2.mp4,33.70,12,0,0,0,12,0.00%,0.00%,Ramai,Sepi,Salah,45.92
S6_QVGA,2.mp4,33.80,12,0,0,0,12,0.00%,0.00%,Ramai,Sepi,Salah,47.80
S6_QVGA,2.mp4,33.90,12,0,0,0,12,0.00%,0.00%,Ramai,Sepi,Salah,46.51
S6_QVGA,2.mp4,34.00,12,0,0,0,12,0.00%,0.00%,Ramai,Sepi,Salah,49.40
S6_QVGA,2.mp4,34.10,12,1,1,0,11,100.00%,8.33%,Ramai,Sepi,Salah,49.10
S6_QVGA,2.mp4,34.20,12,1,1,0,11,100.00%,8.33%,Ramai,Sepi,Salah,50.34
S6_QVGA,2.mp4,34.30,12,1,1,0,11,100.00%,8.33%,Ramai,Sepi,Salah,49.95
S6_QVGA,2.mp4,34.40,12,1,1,0,11,100.00%,8.33%,Ramai,Sepi,Salah,48.80
S6_QVGA,2.mp4,34.50,12,1,1,0,11,100.00%,8.33%,Ramai,Sepi,Salah,53.38
S6_QVGA,2.mp4,34.60,12,1,1,0,11,100.00%,8.33%,Ramai,Sepi,Salah,69.53
S6_QVGA,2.mp4,34.70,12,0,0,0,12,0.00%,0.00%,Ramai,Sepi,Salah,55.45
S6_QVGA,2.mp4,34.80,12,0,0,0,12,0.00%,0.00%,Ramai,Sepi,Salah,50.47
S6_QVGA,2.mp4,34.90,12,0,0,0,12,0.00%,0.00%,Ramai,Sepi,Salah,50.34
S6_QVGA,2.mp4,35.00,12,0,0,0,12,0.00%,0.00%,Ramai,Sepi,Salah,52.67
S6_QVGA,2.mp4,35.10,12,0,0,0,12,0.00%,0.00%,Ramai,Sepi,Salah,50.06
S6_QVGA,2.mp4,35.20,12,0,0,0,12,0.00%,0.00%,Ramai,Sepi,Salah,51.23
S6_QVGA,2.mp4,35.30,12,0,0,0,12,0.00%,0.00%,Ramai,Sepi,Salah,46.88
S6_QVGA,2.mp4,35.40,12,0,0,0,12,0.00%,0.00%,Ramai,Sepi,Salah,47.99
S6_QVGA,2.mp4,35.50,12,0,0,0,12,0.00%,0.00%,Ramai,Sepi,Salah,49.46
S6_QVGA,2.mp4,35.60,12,0,0,0,12,0.00%,0.00%,Ramai,Sepi,Salah,52.83
S6_QVGA,2.mp4,35.70,12,0,0,0,12,0.00%,0.00%,Ramai,Sepi,Salah,50.41
S6_QVGA,2.mp4,35.80,12,0,0,0,12,0.00%,0.00%,Ramai,Sepi,Salah,47.97
S6_QVGA,2.mp4,35.90,12,0,0,0,12,0.00%,0.00%,Ramai,Sepi,Salah,49.18
S6_QVGA,2.mp4,36.00,12,0,0,0,12,0.00%,0.00%,Ramai,Sepi,Salah,49.67
S6_QVGA,2.mp4,36.10,12,1,1,0,11,100.00%,8.33%,Ramai,Sepi,Salah,52.98
S6_QVGA,2.mp4,36.20,12,1,1,0,11,100.00%,8.33%,Ramai,Sepi,Salah,49.85
S6_QVGA,2.mp4,36.30,12,1,1,0,11,100.00%,8.33%,Ramai,Sepi,Salah,47.64
S6_QVGA,2.mp4,36.40,12,1,1,0,11,100.00%,8.33%,Ramai,Sepi,Salah,49.63
S6_QVGA,2.mp4,36.50,12,1,1,0,11,100.00%,8.33%,Ramai,Sepi,Salah,50.03
S6_QVGA,2.mp4,36.60,12,1,1,0,11,100.00%,8.33%,Ramai,Sepi,Salah,51.66
S6_QVGA,2.mp4,36.70,12,1,1,0,11,100.00%,8.33%,Ramai,Sepi,Salah,50.00
S6_QVGA,2.mp4,36.80,12,1,1,0,11,100.00%,8.33%,Ramai,Sepi,Salah,51.80
S6_QVGA,2.mp4,36.90,12,0,0,0,12,0.00%,0.00%,Ramai,Sepi,Salah,49.46
S6_QVGA,2.mp4,37.00,12,0,0,0,12,0.00%,0.00%,Ramai,Sepi,Salah,46.41
S6_QVGA,2.mp4,37.10,12,0,0,0,12,0.00%,0.00%,Ramai,Sepi,Salah,48.30
S6_QVGA,2.mp4,37.20,12,0,0,0,12,0.00%,0.00%,Ramai,Sepi,Salah,47.57
S6_QVGA,2.mp4,37.30,12,1,1,0,11,100.00%,8.33%,Ramai,Sepi,Salah,50.31
S6_QVGA,2.mp4,37.40,12,1,1,0,11,100.00%,8.33%,Ramai,Sepi,Salah,52.46
S6_QVGA,2.mp4,37.50,12,2,2,0,10,100.00%,16.67%,Ramai,Sepi,Salah,54.56
S6_QVGA,2.mp4,37.60,12,1,1,0,11,100.00%,8.33%,Ramai,Sepi,Salah,49.73
S6_QVGA,2.mp4,37.70,12,1,1,0,11,100.00%,8.33%,Ramai,Sepi,Salah,49.95
S6_QVGA,2.mp4,37.80,12,1,1,0,11,100.00%,8.33%,Ramai,Sepi,Salah,52.83
S6_QVGA,2.mp4,37.90,12,1,1,0,11,100.00%,8.33%,Ramai,Sepi,Salah,49.76
S6_QVGA,2.mp4,38.00,12,0,0,0,12,0.00%,0.00%,Ramai,Sepi,Salah,47.13
S6_QVGA,2.mp4,38.10,12,0,0,0,12,0.00%,0.00%,Ramai,Sepi,Salah,53.00
S6_QVGA,2.mp4,38.20,12,1,1,0,11,100.00%,8.33%,Ramai,Sepi,Salah,51.41
S6_QVGA,2.mp4,38.30,12,1,1,0,11,100.00%,8.33%,Ramai,Sepi,Salah,88.38
S6_QVGA,2.mp4,38.40,12,1,1,0,11,100.00%,8.33%,Ramai,Sepi,Salah,49.30
S6_QVGA,2.mp4,38.50,12,0,0,0,12,0.00%,0.00%,Ramai,Sepi,Salah,55.22
S6_QVGA,2.mp4,38.60,12,0,0,0,12,0.00%,0.00%,Ramai,Sepi,Salah,46.55
S6_QVGA,2.mp4,38.70,12,0,0,0,12,0.00%,0.00%,Ramai,Sepi,Salah,47.89
S6_QVGA,2.mp4,38.80,12,0,0,0,12,0.00%,0.00%,Ramai,Sepi,Salah,46.62
S6_QVGA,2.mp4,38.90,12,0,0,0,12,0.00%,0.00%,Ramai,Sepi,Salah,47.88
S6_QVGA,2.mp4,39.00,12,0,0,0,12,0.00%,0.00%,Ramai,Sepi,Salah,58.38
S6_QVGA,2.mp4,39.10,12,0,0,0,12,0.00%,0.00%,Ramai,Sepi,Salah,50.32
S6_QVGA,2.mp4,39.20,12,0,0,0,12,0.00%,0.00%,Ramai,Sepi,Salah,46.06
S6_QVGA,2.mp4,39.30,12,0,0,0,12,0.00%,0.00%,Ramai,Sepi,Salah,45.61
S6_QVGA,2.mp4,39.40,12,0,0,0,12,0.00%,0.00%,Ramai,Sepi,Salah,50.09
S6_QVGA,2.mp4,39.50,12,1,1,0,11,100.00%,8.33%,Ramai,Sepi,Salah,48.48
S6_QVGA,2.mp4,39.60,12,1,1,0,11,100.00%,8.33%,Ramai,Sepi,Salah,44.54
S6_QVGA,2.mp4,39.70,12,1,1,0,11,100.00%,8.33%,Ramai,Sepi,Salah,48.79
S6_QVGA,2.mp4,39.80,12,1,1,0,11,100.00%,8.33%,Ramai,Sepi,Salah,49.37
S6_QVGA,2.mp4,39.90,12,1,1,0,11,100.00%,8.33%,Ramai,Sepi,Salah,50.42
